solid OpenSCAD_Model
  facet normal -0 0 -1
    outer loop
      vertex -25.3783 -3.51346 29.32
      vertex -25.919 -3.51357 29.32
      vertex -25.3783 -2.43249 29.32
    endloop
  endfacet
  facet normal 0 0 -1
    outer loop
      vertex -25.3783 0.27032 29.32
      vertex -25.3784 -0.270221 29.32
      vertex -25.3784 0.270213 29.32
    endloop
  endfacet
  facet normal -0 0 -1
    outer loop
      vertex -25.3784 -0.270221 29.32
      vertex -25.919 -0.810761 29.32
      vertex -25.919 -0.270221 29.32
    endloop
  endfacet
  facet normal 0 0 -1
    outer loop
      vertex -25.3784 -4.05411 29.32
      vertex -24.8378 -3.51357 29.32
      vertex -24.8378 -4.59465 29.32
    endloop
  endfacet
  facet normal 0 0 -1
    outer loop
      vertex -24.8378 -3.51357 29.32
      vertex -24.8379 -3.51346 29.32
      vertex -24.8379 -2.97292 29.32
    endloop
  endfacet
  facet normal 0 0 -1
    outer loop
      vertex -24.8378 -1.89184 29.32
      vertex -24.2972 -1.89184 29.32
      vertex -24.2972 -2.43249 29.32
    endloop
  endfacet
  facet normal 0 -0 -1
    outer loop
      vertex -25.3784 -0.270221 29.32
      vertex -25.3784 -0.810869 29.32
      vertex -25.919 -0.810761 29.32
    endloop
  endfacet
  facet normal 0 0 -1
    outer loop
      vertex -25.3783 -2.43249 29.32
      vertex -24.8378 -1.89184 29.32
      vertex -24.2972 -2.43249 29.32
    endloop
  endfacet
  facet normal 0 0 -1
    outer loop
      vertex -25.919 0.270213 29.32
      vertex -25.919 0.81086 29.32
      vertex -25.3784 0.270213 29.32
    endloop
  endfacet
  facet normal 0 0 -1
    outer loop
      vertex -24.2973 -0.270221 29.32
      vertex -23.7567 -0.810761 29.32
      vertex -24.2973 -1.35141 29.32
    endloop
  endfacet
  facet normal 0 0 -1
    outer loop
      vertex -25.919 0.81086 29.32
      vertex -25.3783 0.27032 29.32
      vertex -25.3784 0.270213 29.32
    endloop
  endfacet
  facet normal 0 0 -1
    outer loop
      vertex -26.4595 -5.13519 29.32
      vertex -25.9189 -4.05411 29.32
      vertex -25.9189 -5.67573 29.32
    endloop
  endfacet
  facet normal 0 0 -1
    outer loop
      vertex -23.7568 4.59464 29.32
      vertex -22.1352 4.59464 29.32
      vertex -23.7568 4.054 29.32
    endloop
  endfacet
  facet normal 0 0 -1
    outer loop
      vertex -25.3783 0.27032 29.32
      vertex -25.919 0.81086 29.32
      vertex -25.3783 0.81086 29.32
    endloop
  endfacet
  facet normal 0 -0 -1
    outer loop
      vertex -24.8378 0.27032 29.32
      vertex -24.8378 -1.89184 29.32
      vertex -25.3784 -0.810869 29.32
    endloop
  endfacet
  facet normal 0 -0 -1
    outer loop
      vertex -25.3783 0.27032 29.32
      vertex -24.8378 0.27032 29.32
      vertex -25.3784 -0.270221 29.32
    endloop
  endfacet
  facet normal 0 0 -1
    outer loop
      vertex -25.3784 -0.270221 29.32
      vertex -24.8378 0.27032 29.32
      vertex -25.3784 -0.810869 29.32
    endloop
  endfacet
  facet normal 0 0 -1
    outer loop
      vertex -24.8378 -1.89184 29.32
      vertex -25.3783 -2.43249 29.32
      vertex -25.3784 -2.43238 29.32
    endloop
  endfacet
  facet normal 0 0 -1
    outer loop
      vertex -26.4595 -0.810761 29.32
      vertex -25.919 -0.810761 29.32
      vertex -26.4595 -1.3513 29.32
    endloop
  endfacet
  facet normal 0 0 -1
    outer loop
      vertex -25.3784 -0.810869 29.32
      vertex -24.8378 -1.89184 29.32
      vertex -25.3784 -2.43238 29.32
    endloop
  endfacet
  facet normal 0 0 -1
    outer loop
      vertex -27 -1.3513 29.32
      vertex -26.4594 -2.43238 29.32
      vertex -27 -3.51357 29.32
    endloop
  endfacet
  facet normal 0 0 -1
    outer loop
      vertex -26.4594 -2.43238 29.32
      vertex -25.3784 -2.43238 29.32
      vertex -25.919 -3.51357 29.32
    endloop
  endfacet
  facet normal 0 0 -1
    outer loop
      vertex -25.919 -3.51357 29.32
      vertex -25.3784 -2.43238 29.32
      vertex -25.3783 -2.43249 29.32
    endloop
  endfacet
  facet normal 0 0 -1
    outer loop
      vertex -25.919 -4.054 29.32
      vertex -25.3784 -4.05411 29.32
      vertex -25.9189 -4.05411 29.32
    endloop
  endfacet
  facet normal 0 0 -1
    outer loop
      vertex -26.4595 -5.13519 29.32
      vertex -27 -5.13519 29.32
      vertex -26.4595 -4.59454 29.32
    endloop
  endfacet
  facet normal 0 0 -1
    outer loop
      vertex -25.919 -4.054 29.32
      vertex -25.919 -3.51357 29.32
      vertex -25.3784 -4.05411 29.32
    endloop
  endfacet
  facet normal -0 0 -1
    outer loop
      vertex -25.919 -4.054 29.32
      vertex -26.4595 -4.59454 29.32
      vertex -26.4595 -4.054 29.32
    endloop
  endfacet
  facet normal -0 0 -1
    outer loop
      vertex -26.4595 -4.59454 29.32
      vertex -27 -5.13519 29.32
      vertex -27 -4.59454 29.32
    endloop
  endfacet
  facet normal 0 0 -1
    outer loop
      vertex -26.4595 -5.13519 29.32
      vertex -26.4595 -4.59454 29.32
      vertex -25.9189 -4.05411 29.32
    endloop
  endfacet
  facet normal 0 0 -1
    outer loop
      vertex -25.9189 -5.67573 29.32
      vertex -26.4595 -5.67573 29.32
      vertex -26.4595 -5.13519 29.32
    endloop
  endfacet
  facet normal 0 0 -1
    outer loop
      vertex -25.3784 -4.05411 29.32
      vertex -25.919 -3.51357 29.32
      vertex -25.3783 -3.51346 29.32
    endloop
  endfacet
  facet normal -0 0 -1
    outer loop
      vertex -25.9189 -4.05411 29.32
      vertex -26.4595 -4.59454 29.32
      vertex -25.919 -4.054 29.32
    endloop
  endfacet
  facet normal -0 0 -1
    outer loop
      vertex -24.8378 -3.51357 29.32
      vertex -25.3784 -4.05411 29.32
      vertex -25.3783 -3.51346 29.32
    endloop
  endfacet
  facet normal 0 0 -1
    outer loop
      vertex -24.8378 -4.59465 29.32
      vertex -25.3784 -4.59465 29.32
      vertex -25.3784 -4.05411 29.32
    endloop
  endfacet
  facet normal 0 0 -1
    outer loop
      vertex -23.7567 -5.13509 29.32
      vertex -23.7568 -4.59454 29.32
      vertex -23.7567 -4.59465 29.32
    endloop
  endfacet
  facet normal 0 0 -1
    outer loop
      vertex -24.8378 -3.51357 29.32
      vertex -25.3783 -3.51346 29.32
      vertex -24.8379 -3.51346 29.32
    endloop
  endfacet
  facet normal 0 0 -1
    outer loop
      vertex -26.4594 -1.35141 29.32
      vertex -26.4595 -1.3513 29.32
      vertex -25.9189 -0.810869 29.32
    endloop
  endfacet
  facet normal 0 0 -1
    outer loop
      vertex -24.8379 -5.67573 29.32
      vertex -24.2973 -5.13509 29.32
      vertex -24.2972 -5.13519 29.32
    endloop
  endfacet
  facet normal 0 0 -1
    outer loop
      vertex -23.7567 -0.810761 29.32
      vertex -23.7568 -0.270221 29.32
      vertex -23.7567 -0.270328 29.32
    endloop
  endfacet
  facet normal 0 0 -1
    outer loop
      vertex -22.6756 -3.51357 29.32
      vertex -24.8378 -3.51357 29.32
      vertex -22.6756 -2.97292 29.32
    endloop
  endfacet
  facet normal 0 0 -1
    outer loop
      vertex -24.8378 -3.51357 29.32
      vertex -24.8379 -2.97292 29.32
      vertex -22.6756 -2.97292 29.32
    endloop
  endfacet
  facet normal 0 0 -1
    outer loop
      vertex -25.919 -3.51357 29.32
      vertex -27 -3.51357 29.32
      vertex -26.4594 -2.43238 29.32
    endloop
  endfacet
  facet normal 0 0 -1
    outer loop
      vertex -26.4594 -2.43238 29.32
      vertex -27 -1.3513 29.32
      vertex -26.4594 -1.35141 29.32
    endloop
  endfacet
  facet normal 0 0 -1
    outer loop
      vertex -25.9189 -1.35141 29.32
      vertex -26.4594 -1.35141 29.32
      vertex -25.9189 -0.810869 29.32
    endloop
  endfacet
  facet normal 0 0 -1
    outer loop
      vertex -26.4594 -1.35141 29.32
      vertex -27 -1.3513 29.32
      vertex -26.4595 -1.3513 29.32
    endloop
  endfacet
  facet normal 0 0 -1
    outer loop
      vertex -25.3784 -0.810869 29.32
      vertex -25.9189 -0.810869 29.32
      vertex -25.919 -0.810761 29.32
    endloop
  endfacet
  facet normal -0 0 -1
    outer loop
      vertex -25.9189 -0.810869 29.32
      vertex -26.4595 -1.3513 29.32
      vertex -25.919 -0.810761 29.32
    endloop
  endfacet
  facet normal 0 0 -1
    outer loop
      vertex -27 0.27032 29.32
      vertex -26.4594 0.27032 29.32
      vertex -27 -0.270328 29.32
    endloop
  endfacet
  facet normal 0 0 -1
    outer loop
      vertex -25.919 4.054 29.32
      vertex -25.919 4.59464 29.32
      vertex -25.3783 4.054 29.32
    endloop
  endfacet
  facet normal 0 -0 -1
    outer loop
      vertex -26.4594 0.27032 29.32
      vertex -26.4594 -0.270328 29.32
      vertex -27 -0.270328 29.32
    endloop
  endfacet
  facet normal 0 0 -1
    outer loop
      vertex -25.919 3.51356 29.32
      vertex -25.919 4.054 29.32
      vertex -25.3783 4.054 29.32
    endloop
  endfacet
  facet normal 0 0 -1
    outer loop
      vertex -25.919 5.67572 29.32
      vertex -25.3783 5.13518 29.32
      vertex -25.919 4.59464 29.32
    endloop
  endfacet
  facet normal 0 0 -1
    outer loop
      vertex -25.919 5.67572 29.32
      vertex -25.3783 5.67572 29.32
      vertex -25.3783 5.13518 29.32
    endloop
  endfacet
  facet normal 0 0 -1
    outer loop
      vertex -23.7568 9.45946 29.32
      vertex -23.2162 6.21622 29.32
      vertex -23.7568 6.75676 29.32
    endloop
  endfacet
  facet normal 0 0 -1
    outer loop
      vertex -26.4595 4.59464 29.32
      vertex -25.919 4.59464 29.32
      vertex -26.4595 4.054 29.32
    endloop
  endfacet
  facet normal 0 0 -1
    outer loop
      vertex -25.3783 3.51356 29.32
      vertex -25.919 3.51356 29.32
      vertex -25.3783 4.054 29.32
    endloop
  endfacet
  facet normal 0 0 -1
    outer loop
      vertex -26.4595 3.51356 29.32
      vertex -25.919 3.51356 29.32
      vertex -26.4595 2.97302 29.32
    endloop
  endfacet
  facet normal 0 0 -1
    outer loop
      vertex -25.3783 1.89183 29.32
      vertex -24.8378 3.51356 29.32
      vertex -24.8378 1.89183 29.32
    endloop
  endfacet
  facet normal 0 -0 -1
    outer loop
      vertex -25.919 4.59464 29.32
      vertex -25.919 4.054 29.32
      vertex -26.4595 4.054 29.32
    endloop
  endfacet
  facet normal 0 0 -1
    outer loop
      vertex -27 2.97302 29.32
      vertex -26.4595 2.97302 29.32
      vertex -26.4594 2.43237 29.32
    endloop
  endfacet
  facet normal 0 0 -1
    outer loop
      vertex -27 1.89183 29.32
      vertex -27 2.97302 29.32
      vertex -26.4594 2.43237 29.32
    endloop
  endfacet
  facet normal 0 0 -1
    outer loop
      vertex -26.4595 2.97302 29.32
      vertex -25.919 3.51356 29.32
      vertex -25.919 2.43237 29.32
    endloop
  endfacet
  facet normal 0 0 -1
    outer loop
      vertex -27 1.89183 29.32
      vertex -26.4594 2.43237 29.32
      vertex -26.4594 1.89183 29.32
    endloop
  endfacet
  facet normal 0 0 -1
    outer loop
      vertex -26.4594 2.43237 29.32
      vertex -26.4595 2.97302 29.32
      vertex -25.919 2.43237 29.32
    endloop
  endfacet
  facet normal 0 0 -1
    outer loop
      vertex -25.3783 1.35129 29.32
      vertex -25.919 1.35129 29.32
      vertex -25.3783 1.89183 29.32
    endloop
  endfacet
  facet normal 0 0 -1
    outer loop
      vertex -25.3783 1.89183 29.32
      vertex -25.3783 3.51356 29.32
      vertex -24.8378 3.51356 29.32
    endloop
  endfacet
  facet normal -0 0 -1
    outer loop
      vertex -25.3783 1.89183 29.32
      vertex -25.919 1.35129 29.32
      vertex -25.919 2.43237 29.32
    endloop
  endfacet
  facet normal 0 0 -1
    outer loop
      vertex -23.7567 0.810753 29.32
      vertex -22.6756 1.3514 29.32
      vertex -22.6756 0.810753 29.32
    endloop
  endfacet
  facet normal 0 0 -1
    outer loop
      vertex -24.8378 4.054 29.32
      vertex -25.3783 4.054 29.32
      vertex -24.8378 4.59454 29.32
    endloop
  endfacet
  facet normal 0 0 -1
    outer loop
      vertex -25.3783 1.89183 29.32
      vertex -25.919 2.43237 29.32
      vertex -25.3783 3.51356 29.32
    endloop
  endfacet
  facet normal -0 0 -1
    outer loop
      vertex -25.3783 3.51356 29.32
      vertex -25.919 2.43237 29.32
      vertex -25.919 3.51356 29.32
    endloop
  endfacet
  facet normal 0 0 -1
    outer loop
      vertex -25.3783 4.054 29.32
      vertex -25.919 4.59464 29.32
      vertex -24.8378 4.59454 29.32
    endloop
  endfacet
  facet normal 0 0 -1
    outer loop
      vertex -25.919 4.59464 29.32
      vertex -25.3783 5.13518 29.32
      vertex -24.8378 4.59454 29.32
    endloop
  endfacet
  facet normal 0 0 -1
    outer loop
      vertex -24.8378 4.59454 29.32
      vertex -25.3783 5.13518 29.32
      vertex -24.2972 5.13518 29.32
    endloop
  endfacet
  facet normal 0 -0 -1
    outer loop
      vertex -24.2972 5.13518 29.32
      vertex -24.2972 4.59454 29.32
      vertex -24.8378 4.59454 29.32
    endloop
  endfacet
  facet normal 0 0 -1
    outer loop
      vertex -23.2162 10 29.32
      vertex -23.7568 9.45946 29.32
      vertex -26.4595 9.45946 29.32
    endloop
  endfacet
  facet normal 0 0 -1
    outer loop
      vertex -8.62156 7.83789 29.32
      vertex -9.16221 8.37832 29.32
      vertex -9.1621 8.37843 29.32
    endloop
  endfacet
  facet normal 0 0 -1
    outer loop
      vertex -27 10 29.32
      vertex -23.2162 10 29.32
      vertex -26.4595 9.45946 29.32
    endloop
  endfacet
  facet normal 0 -0 -1
    outer loop
      vertex -23.2162 10 29.32
      vertex -23.2162 6.21622 29.32
      vertex -23.7568 9.45946 29.32
    endloop
  endfacet
  facet normal 0 -0 -1
    outer loop
      vertex -23.7568 6.75676 29.32
      vertex -23.2162 6.21622 29.32
      vertex -27 6.21622 29.32
    endloop
  endfacet
  facet normal 0 -0 -1
    outer loop
      vertex -26.4595 9.45946 29.32
      vertex -26.4595 6.75676 29.32
      vertex -27 6.21622 29.32
    endloop
  endfacet
  facet normal 0 -0 -1
    outer loop
      vertex -26.4595 6.75676 29.32
      vertex -23.7568 6.75676 29.32
      vertex -27 6.21622 29.32
    endloop
  endfacet
  facet normal 0 0 -1
    outer loop
      vertex -27 10 29.32
      vertex -26.4595 9.45946 29.32
      vertex -27 6.21622 29.32
    endloop
  endfacet
  facet normal 0 0 -1
    outer loop
      vertex -25.9189 8.91892 29.32
      vertex -24.2973 8.91892 29.32
      vertex -25.9189 7.2973 29.32
    endloop
  endfacet
  facet normal 0 -0 -1
    outer loop
      vertex -24.2973 8.91892 29.32
      vertex -24.2973 7.2973 29.32
      vertex -25.9189 7.2973 29.32
    endloop
  endfacet
  facet normal 0 0 -1
    outer loop
      vertex -22.1351 -4.59465 29.32
      vertex -22.6757 -4.59465 29.32
      vertex -22.1351 -4.05411 29.32
    endloop
  endfacet
  facet normal -0 0 -1
    outer loop
      vertex -23.7568 -9.45946 29.32
      vertex -27 -10 29.32
      vertex -26.4595 -9.45946 29.32
    endloop
  endfacet
  facet normal 0 -0 -1
    outer loop
      vertex -23.2162 -6.21622 29.32
      vertex -23.2162 -10 29.32
      vertex -23.7568 -6.75676 29.32
    endloop
  endfacet
  facet normal -0 0 -1
    outer loop
      vertex -23.2162 -6.21622 29.32
      vertex -26.4595 -6.75676 29.32
      vertex -27 -6.21622 29.32
    endloop
  endfacet
  facet normal 0 0 -1
    outer loop
      vertex -23.7568 -6.75676 29.32
      vertex -23.2162 -10 29.32
      vertex -23.7568 -9.45946 29.32
    endloop
  endfacet
  facet normal 0 -0 -1
    outer loop
      vertex -23.7568 -9.45946 29.32
      vertex -23.2162 -10 29.32
      vertex -27 -10 29.32
    endloop
  endfacet
  facet normal -0 0 -1
    outer loop
      vertex -26.4595 -9.45946 29.32
      vertex -27 -10 29.32
      vertex -26.4595 -6.75676 29.32
    endloop
  endfacet
  facet normal 0 0 -1
    outer loop
      vertex -23.7568 -6.75676 29.32
      vertex -26.4595 -6.75676 29.32
      vertex -23.2162 -6.21622 29.32
    endloop
  endfacet
  facet normal -0 0 -1
    outer loop
      vertex -26.4595 -6.75676 29.32
      vertex -27 -10 29.32
      vertex -27 -6.21622 29.32
    endloop
  endfacet
  facet normal -0 0 -1
    outer loop
      vertex -24.2973 -7.2973 29.32
      vertex -25.9189 -8.91892 29.32
      vertex -25.9189 -7.2973 29.32
    endloop
  endfacet
  facet normal 0 -0 -1
    outer loop
      vertex -24.2973 -7.2973 29.32
      vertex -24.2973 -8.91892 29.32
      vertex -25.9189 -8.91892 29.32
    endloop
  endfacet
  facet normal 0 0 -1
    outer loop
      vertex -23.7568 -5.67573 29.32
      vertex -23.7568 -5.13519 29.32
      vertex -23.2162 -5.67573 29.32
    endloop
  endfacet
  facet normal 0 0 -1
    outer loop
      vertex -24.8379 -5.67573 29.32
      vertex -24.8379 -5.13509 29.32
      vertex -24.2973 -5.13509 29.32
    endloop
  endfacet
  facet normal 0 0 -1
    outer loop
      vertex -23.2162 -4.59465 29.32
      vertex -23.7567 -4.59465 29.32
      vertex -23.2162 -4.054 29.32
    endloop
  endfacet
  facet normal 0 0 -1
    outer loop
      vertex -24.2973 -5.13509 29.32
      vertex -24.2973 -4.59454 29.32
      vertex -23.7568 -4.59454 29.32
    endloop
  endfacet
  facet normal -0 0 -1
    outer loop
      vertex -23.2162 -4.054 29.32
      vertex -23.7568 -4.59454 29.32
      vertex -23.7568 -4.054 29.32
    endloop
  endfacet
  facet normal 0 0 -1
    outer loop
      vertex -23.7567 -4.59465 29.32
      vertex -23.7568 -4.59454 29.32
      vertex -23.2162 -4.054 29.32
    endloop
  endfacet
  facet normal 0 0 -1
    outer loop
      vertex -23.7568 -5.13519 29.32
      vertex -24.2973 -5.13509 29.32
      vertex -23.7568 -4.59454 29.32
    endloop
  endfacet
  facet normal 0 0 -1
    outer loop
      vertex -23.7568 -5.13519 29.32
      vertex -23.7567 -5.13509 29.32
      vertex -23.2162 -5.67573 29.32
    endloop
  endfacet
  facet normal 0 0 -1
    outer loop
      vertex -24.2972 -5.67573 29.32
      vertex -24.8379 -5.67573 29.32
      vertex -24.2972 -5.13519 29.32
    endloop
  endfacet
  facet normal 0 0 -1
    outer loop
      vertex -24.2972 -5.13519 29.32
      vertex -24.2973 -5.13509 29.32
      vertex -23.7568 -5.13519 29.32
    endloop
  endfacet
  facet normal 0 0 -1
    outer loop
      vertex -23.7568 -5.13519 29.32
      vertex -23.7568 -4.59454 29.32
      vertex -23.7567 -5.13509 29.32
    endloop
  endfacet
  facet normal 0 0 -1
    outer loop
      vertex -23.2162 -5.67573 29.32
      vertex -23.7567 -5.13509 29.32
      vertex -23.2162 -5.13509 29.32
    endloop
  endfacet
  facet normal 0 0 -1
    outer loop
      vertex -23.7568 0.270213 29.32
      vertex -23.7567 -0.270328 29.32
      vertex -23.7568 -0.270221 29.32
    endloop
  endfacet
  facet normal 0 0 -1
    outer loop
      vertex -23.7567 0.27032 29.32
      vertex -23.7568 0.81086 29.32
      vertex -23.7567 0.810753 29.32
    endloop
  endfacet
  facet normal -0 0 -1
    outer loop
      vertex -22.1352 3.51356 29.32
      vertex -23.7568 2.97292 29.32
      vertex -23.7568 3.51356 29.32
    endloop
  endfacet
  facet normal 0 0 -1
    outer loop
      vertex -17.8108 -4.59454 29.32
      vertex -17.2702 -4.59454 29.32
      vertex -17.2702 -5.13519 29.32
    endloop
  endfacet
  facet normal 0 0 -1
    outer loop
      vertex -21.5945 -0.270221 29.32
      vertex -20.5135 -0.270221 29.32
      vertex -21.054 -1.35141 29.32
    endloop
  endfacet
  facet normal 0 0 -1
    outer loop
      vertex -23.7568 1.3514 29.32
      vertex -22.6756 1.3514 29.32
      vertex -23.7567 0.810753 29.32
    endloop
  endfacet
  facet normal 0 0 -1
    outer loop
      vertex -24.2973 0.81086 29.32
      vertex -23.7568 0.81086 29.32
      vertex -24.2973 0.270213 29.32
    endloop
  endfacet
  facet normal 0 0 -1
    outer loop
      vertex -23.7568 0.81086 29.32
      vertex -23.7568 1.3514 29.32
      vertex -23.7567 0.810753 29.32
    endloop
  endfacet
  facet normal 0 0 -1
    outer loop
      vertex -24.2973 0.270213 29.32
      vertex -23.7568 0.81086 29.32
      vertex -23.7568 0.270213 29.32
    endloop
  endfacet
  facet normal 0 0 -1
    outer loop
      vertex -23.7568 0.270213 29.32
      vertex -23.7568 0.81086 29.32
      vertex -23.7567 0.27032 29.32
    endloop
  endfacet
  facet normal -0 0 -1
    outer loop
      vertex -22.1352 -0.810761 29.32
      vertex -22.6757 -0.810869 29.32
      vertex -22.6756 -0.810761 29.32
    endloop
  endfacet
  facet normal 0 0 -1
    outer loop
      vertex -23.7568 -2.43249 29.32
      vertex -23.7568 -1.89184 29.32
      vertex -23.2162 -1.89184 29.32
    endloop
  endfacet
  facet normal 0 0 -1
    outer loop
      vertex -23.2162 -0.810869 29.32
      vertex -23.7567 -0.810761 29.32
      vertex -23.2163 -0.810761 29.32
    endloop
  endfacet
  facet normal 0 0 -1
    outer loop
      vertex -23.7567 0.27032 29.32
      vertex -22.6756 -0.270328 29.32
      vertex -23.2163 -0.270328 29.32
    endloop
  endfacet
  facet normal 0 0 -1
    outer loop
      vertex -23.2163 -0.270328 29.32
      vertex -23.2162 -0.810869 29.32
      vertex -23.2163 -0.810761 29.32
    endloop
  endfacet
  facet normal 0 0 -1
    outer loop
      vertex -22.6757 -0.810869 29.32
      vertex -22.1352 -1.35141 29.32
      vertex -22.6757 -1.35141 29.32
    endloop
  endfacet
  facet normal -0 0 -1
    outer loop
      vertex -22.1352 -1.89184 29.32
      vertex -22.6757 -2.43249 29.32
      vertex -22.6757 -1.89184 29.32
    endloop
  endfacet
  facet normal 0 0 -1
    outer loop
      vertex -19.4324 0.270213 29.32
      vertex -19.4325 -0.270328 29.32
      vertex -19.973 -0.270328 29.32
    endloop
  endfacet
  facet normal 0 -0 -1
    outer loop
      vertex -18.8918 0.810753 29.32
      vertex -18.8918 0.270213 29.32
      vertex -19.4324 0.270213 29.32
    endloop
  endfacet
  facet normal 0 -0 -1
    outer loop
      vertex -21.5946 -2.43238 29.32
      vertex -21.5946 -2.97303 29.32
      vertex -22.1352 -2.43249 29.32
    endloop
  endfacet
  facet normal 0 -0 -1
    outer loop
      vertex -22.1352 -1.89184 29.32
      vertex -22.1352 -2.43249 29.32
      vertex -22.6757 -2.43249 29.32
    endloop
  endfacet
  facet normal 0 0 -1
    outer loop
      vertex -16.1892 -10 29.32
      vertex -15.1081 -9.45941 29.32
      vertex -14.027 -10 29.32
    endloop
  endfacet
  facet normal -0 0 -1
    outer loop
      vertex -21.5945 -3.51357 29.32
      vertex -22.1351 -4.05411 29.32
      vertex -21.5946 -3.51346 29.32
    endloop
  endfacet
  facet normal 0 0 -1
    outer loop
      vertex -22.1352 -2.43249 29.32
      vertex -21.5946 -2.97303 29.32
      vertex -22.1352 -2.97303 29.32
    endloop
  endfacet
  facet normal -0 0 -1
    outer loop
      vertex -13.4864 -8.91898 29.32
      vertex -14.027 -9.45952 29.32
      vertex -14.5676 -8.37833 29.32
    endloop
  endfacet
  facet normal 0 0 -1
    outer loop
      vertex -22.6757 -4.054 29.32
      vertex -22.1352 -4.054 29.32
      vertex -22.6757 -4.59465 29.32
    endloop
  endfacet
  facet normal 0 0 -1
    outer loop
      vertex -22.1352 -4.054 29.32
      vertex -22.1352 -3.51346 29.32
      vertex -21.5946 -3.51346 29.32
    endloop
  endfacet
  facet normal 0 0 -1
    outer loop
      vertex -21.5946 -6.21627 29.32
      vertex -22.1352 -6.21617 29.32
      vertex -21.5946 -5.67563 29.32
    endloop
  endfacet
  facet normal 0 0 -1
    outer loop
      vertex -21.5946 -3.51346 29.32
      vertex -22.1351 -4.05411 29.32
      vertex -22.1352 -4.054 29.32
    endloop
  endfacet
  facet normal -0 0 -1
    outer loop
      vertex -22.1351 -4.05411 29.32
      vertex -22.6757 -4.59465 29.32
      vertex -22.1352 -4.054 29.32
    endloop
  endfacet
  facet normal 0 -0 -1
    outer loop
      vertex -21.5945 -3.51357 29.32
      vertex -21.5945 -4.05411 29.32
      vertex -22.1351 -4.05411 29.32
    endloop
  endfacet
  facet normal 0 0 -1
    outer loop
      vertex -17.8108 -9.45941 29.32
      vertex -17.8109 -9.45952 29.32
      vertex -18.3513 -9.45952 29.32
    endloop
  endfacet
  facet normal 0 0 -1
    outer loop
      vertex -21.5946 -2.97303 29.32
      vertex -21.5945 -3.51357 29.32
      vertex -21.5946 -3.51346 29.32
    endloop
  endfacet
  facet normal 0 0 -1
    outer loop
      vertex -21.5946 -2.97303 29.32
      vertex -21.0541 -3.51357 29.32
      vertex -21.5945 -3.51357 29.32
    endloop
  endfacet
  facet normal 0 0 -1
    outer loop
      vertex -21.0541 -8.37833 29.32
      vertex -20.5136 -7.83779 29.32
      vertex -20.5135 -7.8379 29.32
    endloop
  endfacet
  facet normal 0 0 -1
    outer loop
      vertex -21.0541 -3.51357 29.32
      vertex -20.5136 -4.05411 29.32
      vertex -21.0541 -4.05411 29.32
    endloop
  endfacet
  facet normal 0 0 -1
    outer loop
      vertex -21.5946 -9.45941 29.32
      vertex -21.0541 -8.37833 29.32
      vertex -20.5135 -9.45941 29.32
    endloop
  endfacet
  facet normal 0 0 -1
    outer loop
      vertex -21.054 -5.67563 29.32
      vertex -21.5946 -5.67563 29.32
      vertex -21.054 -5.13519 29.32
    endloop
  endfacet
  facet normal -0 0 -1
    outer loop
      vertex -21.5946 -5.67563 29.32
      vertex -22.1352 -6.21617 29.32
      vertex -22.1352 -5.67563 29.32
    endloop
  endfacet
  facet normal -0 0 -1
    outer loop
      vertex -22.1352 -6.21617 29.32
      vertex -22.6757 -6.75681 29.32
      vertex -22.6757 -6.21617 29.32
    endloop
  endfacet
  facet normal 0 0 -1
    outer loop
      vertex -22.1351 -6.75681 29.32
      vertex -22.6757 -6.75681 29.32
      vertex -22.1351 -6.21627 29.32
    endloop
  endfacet
  facet normal 0 0 -1
    outer loop
      vertex -21.5946 -6.21627 29.32
      vertex -22.1351 -6.21627 29.32
      vertex -22.1352 -6.21617 29.32
    endloop
  endfacet
  facet normal -0 0 -1
    outer loop
      vertex -22.1351 -6.21627 29.32
      vertex -22.6757 -6.75681 29.32
      vertex -22.1352 -6.21617 29.32
    endloop
  endfacet
  facet normal 0 0 -1
    outer loop
      vertex -21.5946 -7.29725 29.32
      vertex -21.5946 -6.21627 29.32
      vertex -21.054 -6.21627 29.32
    endloop
  endfacet
  facet normal 0 0 -1
    outer loop
      vertex -20.5135 -9.45941 29.32
      vertex -21.0541 -8.37833 29.32
      vertex -20.5135 -7.8379 29.32
    endloop
  endfacet
  facet normal -0 0 -1
    outer loop
      vertex -21.5946 -7.29725 29.32
      vertex -22.6757 -7.8379 29.32
      vertex -22.6757 -7.29725 29.32
    endloop
  endfacet
  facet normal 0 0 -1
    outer loop
      vertex -21.0541 -7.8379 29.32
      vertex -21.5946 -7.29725 29.32
      vertex -21.054 -7.83779 29.32
    endloop
  endfacet
  facet normal 0 0 -1
    outer loop
      vertex -21.0541 -7.8379 29.32
      vertex -22.6757 -7.8379 29.32
      vertex -21.5946 -7.29725 29.32
    endloop
  endfacet
  facet normal -0 -0 -1
    outer loop
      vertex -19.9729 -9.45941 29.32
      vertex -19.9729 -10 29.32
      vertex -20.5135 -9.45941 29.32
    endloop
  endfacet
  facet normal -0 0 -1
    outer loop
      vertex -21.0541 -8.37833 29.32
      vertex -21.5946 -9.45941 29.32
      vertex -21.5946 -8.37833 29.32
    endloop
  endfacet
  facet normal 0 0 -1
    outer loop
      vertex -18.8919 -9.45941 29.32
      vertex -18.8918 -8.91887 29.32
      vertex -18.3513 -9.45952 29.32
    endloop
  endfacet
  facet normal -0 0 -1
    outer loop
      vertex -21.5946 -9.45941 29.32
      vertex -22.6757 -10 29.32
      vertex -22.6757 -9.45941 29.32
    endloop
  endfacet
  facet normal 0 -0 -1
    outer loop
      vertex -21.5946 -9.45941 29.32
      vertex -19.9729 -10 29.32
      vertex -22.6757 -10 29.32
    endloop
  endfacet
  facet normal 0 0 -1
    outer loop
      vertex -21.054 -6.21627 29.32
      vertex -20.5136 -5.67563 29.32
      vertex -20.5136 -6.21627 29.32
    endloop
  endfacet
  facet normal 0 0 -1
    outer loop
      vertex -21.5946 -9.45941 29.32
      vertex -20.5135 -9.45941 29.32
      vertex -19.9729 -10 29.32
    endloop
  endfacet
  facet normal 0 0 -1
    outer loop
      vertex -19.973 -8.37833 29.32
      vertex -19.4325 -8.37833 29.32
      vertex -19.973 -8.91898 29.32
    endloop
  endfacet
  facet normal 0 -0 -1
    outer loop
      vertex -17.8109 -8.91887 29.32
      vertex -17.8108 -8.91898 29.32
      vertex -18.3513 -9.45952 29.32
    endloop
  endfacet
  facet normal -0 -0 -1
    outer loop
      vertex -18.3513 -9.45952 29.32
      vertex -18.3513 -10 29.32
      vertex -18.8919 -9.45941 29.32
    endloop
  endfacet
  facet normal 0 0 -1
    outer loop
      vertex -18.8919 -9.45941 29.32
      vertex -18.8919 -8.91898 29.32
      vertex -18.8918 -8.91887 29.32
    endloop
  endfacet
  facet normal 0 0 -1
    outer loop
      vertex -18.8919 -8.91898 29.32
      vertex -19.973 -8.91898 29.32
      vertex -19.4325 -8.37833 29.32
    endloop
  endfacet
  facet normal 0 0 -1
    outer loop
      vertex -15.6486 -7.83779 29.32
      vertex -16.1891 -7.29725 29.32
      vertex -15.6486 -7.29725 29.32
    endloop
  endfacet
  facet normal -0 0 -1
    outer loop
      vertex -18.8919 -9.45941 29.32
      vertex -19.4325 -10 29.32
      vertex -19.4325 -9.45941 29.32
    endloop
  endfacet
  facet normal 0 -0 -1
    outer loop
      vertex -18.8919 -9.45941 29.32
      vertex -18.3513 -10 29.32
      vertex -19.4325 -10 29.32
    endloop
  endfacet
  facet normal 0 -0 -1
    outer loop
      vertex -16.1892 -7.83779 29.32
      vertex -16.1892 -8.37844 29.32
      vertex -16.7297 -8.37844 29.32
    endloop
  endfacet
  facet normal 0 -0 -1
    outer loop
      vertex -13.4864 -8.91898 29.32
      vertex -13.4864 -9.45952 29.32
      vertex -14.027 -9.45952 29.32
    endloop
  endfacet
  facet normal 0 0 -1
    outer loop
      vertex -17.2702 -10 29.32
      vertex -17.8108 -9.45941 29.32
      vertex -17.2702 -9.45941 29.32
    endloop
  endfacet
  facet normal 0 0 -1
    outer loop
      vertex -17.8109 -9.45952 29.32
      vertex -17.2702 -10 29.32
      vertex -17.8109 -10 29.32
    endloop
  endfacet
  facet normal 0 0 -1
    outer loop
      vertex -15.6486 -7.83779 29.32
      vertex -15.6487 -8.91898 29.32
      vertex -16.1892 -8.37844 29.32
    endloop
  endfacet
  facet normal -0 0 -1
    outer loop
      vertex -12.9459 -8.37833 29.32
      vertex -13.4864 -8.91898 29.32
      vertex -14.5676 -8.37833 29.32
    endloop
  endfacet
  facet normal 0 -0 -1
    outer loop
      vertex -17.8108 -8.91898 29.32
      vertex -17.8108 -9.45941 29.32
      vertex -18.3513 -9.45952 29.32
    endloop
  endfacet
  facet normal 0 -0 -1
    outer loop
      vertex -17.8108 -9.45941 29.32
      vertex -17.2702 -10 29.32
      vertex -17.8109 -9.45952 29.32
    endloop
  endfacet
  facet normal 0 0 -1
    outer loop
      vertex -17.8109 -8.37844 29.32
      vertex -17.8108 -8.91898 29.32
      vertex -17.8109 -8.91887 29.32
    endloop
  endfacet
  facet normal -0 -0 -1
    outer loop
      vertex -14.5676 -9.45941 29.32
      vertex -14.027 -10 29.32
      vertex -15.1081 -9.45941 29.32
    endloop
  endfacet
  facet normal 0 0 -1
    outer loop
      vertex -11.8648 -7.83779 29.32
      vertex -12.4055 -7.29736 29.32
      vertex -11.8648 -7.29736 29.32
    endloop
  endfacet
  facet normal 0 0 -1
    outer loop
      vertex -16.7298 -8.91898 29.32
      vertex -16.1892 -9.45952 29.32
      vertex -16.7298 -9.45952 29.32
    endloop
  endfacet
  facet normal -0 -0 -1
    outer loop
      vertex -14.027 -9.45952 29.32
      vertex -14.027 -10 29.32
      vertex -14.5676 -9.45941 29.32
    endloop
  endfacet
  facet normal 0 -0 -1
    outer loop
      vertex -12.9459 -8.37833 29.32
      vertex -12.9459 -8.91898 29.32
      vertex -13.4864 -8.91898 29.32
    endloop
  endfacet
  facet normal 0 -0 -1
    outer loop
      vertex -15.6486 -6.21617 29.32
      vertex -15.6486 -6.75681 29.32
      vertex -16.1891 -6.75681 29.32
    endloop
  endfacet
  facet normal 0 0 -1
    outer loop
      vertex -21.5946 -4.59454 29.32
      vertex -20.5136 -4.59454 29.32
      vertex -21.054 -5.13519 29.32
    endloop
  endfacet
  facet normal 0 0 -1
    outer loop
      vertex -18.3514 1.89194 29.32
      vertex -18.3514 2.43248 29.32
      vertex -17.8109 2.43248 29.32
    endloop
  endfacet
  facet normal 0 0 -1
    outer loop
      vertex -11.8649 -6.75671 29.32
      vertex -11.8648 -6.21617 29.32
      vertex -11.3243 -6.21617 29.32
    endloop
  endfacet
  facet normal 0 0 -1
    outer loop
      vertex -16.1891 -7.29725 29.32
      vertex -16.1892 -7.83779 29.32
      vertex -16.1892 -7.29736 29.32
    endloop
  endfacet
  facet normal 0 0 -1
    outer loop
      vertex -15.6487 -8.91898 29.32
      vertex -15.6486 -7.83779 29.32
      vertex -15.1081 -7.83779 29.32
    endloop
  endfacet
  facet normal 0 0 -1
    outer loop
      vertex -14.027 -9.45952 29.32
      vertex -14.5676 -9.45941 29.32
      vertex -14.5676 -8.37833 29.32
    endloop
  endfacet
  facet normal 0 0 -1
    outer loop
      vertex -16.1892 -10 29.32
      vertex -15.6487 -9.45941 29.32
      vertex -15.1081 -9.45941 29.32
    endloop
  endfacet
  facet normal 0 0 -1
    outer loop
      vertex -17.2702 -6.21617 29.32
      vertex -17.2703 -6.75671 29.32
      vertex -17.2703 -6.21627 29.32
    endloop
  endfacet
  facet normal 0 0 -1
    outer loop
      vertex -14.0271 -7.8379 29.32
      vertex -12.946 -7.29725 29.32
      vertex -12.9459 -7.8379 29.32
    endloop
  endfacet
  facet normal 0 0 -1
    outer loop
      vertex -17.8108 -6.75671 29.32
      vertex -17.2703 -6.75671 29.32
      vertex -17.2702 -6.75681 29.32
    endloop
  endfacet
  facet normal 0 0 -1
    outer loop
      vertex -16.7298 -6.21617 29.32
      vertex -16.1891 -5.67563 29.32
      vertex -16.1891 -6.21617 29.32
    endloop
  endfacet
  facet normal 0 0 -1
    outer loop
      vertex -14.0271 -6.75671 29.32
      vertex -13.4864 -6.75681 29.32
      vertex -14.027 -6.75681 29.32
    endloop
  endfacet
  facet normal 0 -0 -1
    outer loop
      vertex -17.2702 -6.21617 29.32
      vertex -17.2702 -6.75681 29.32
      vertex -17.2703 -6.75671 29.32
    endloop
  endfacet
  facet normal -0 0 -1
    outer loop
      vertex -15.6486 -6.21617 29.32
      vertex -16.1891 -6.75681 29.32
      vertex -16.1891 -6.21617 29.32
    endloop
  endfacet
  facet normal 0 0 -1
    outer loop
      vertex -17.2702 -5.13519 29.32
      vertex -18.3513 -5.13519 29.32
      vertex -17.8108 -4.59454 29.32
    endloop
  endfacet
  facet normal 0 0 -1
    outer loop
      vertex -21.5945 2.97292 29.32
      vertex -22.1352 3.51356 29.32
      vertex -21.054 3.51356 29.32
    endloop
  endfacet
  facet normal 0 0 -1
    outer loop
      vertex -16.7298 -6.21617 29.32
      vertex -16.7298 -5.67563 29.32
      vertex -16.1891 -5.67563 29.32
    endloop
  endfacet
  facet normal 0 0 -1
    outer loop
      vertex -17.8108 -4.05411 29.32
      vertex -18.3514 -4.054 29.32
      vertex -17.8108 -3.51346 29.32
    endloop
  endfacet
  facet normal 0 0 -1
    outer loop
      vertex -19.973 -2.97292 29.32
      vertex -19.4324 -2.43238 29.32
      vertex -19.4324 -2.97303 29.32
    endloop
  endfacet
  facet normal 0 0 -1
    outer loop
      vertex -17.2702 -7.83779 29.32
      vertex -17.8109 -7.29736 29.32
      vertex -17.2702 -6.75681 29.32
    endloop
  endfacet
  facet normal 0 0 -1
    outer loop
      vertex -16.7298 -6.21617 29.32
      vertex -16.1891 -6.21617 29.32
      vertex -16.7297 -6.21627 29.32
    endloop
  endfacet
  facet normal -0 0 -1
    outer loop
      vertex -17.8108 -6.75671 29.32
      vertex -18.3514 -7.29725 29.32
      vertex -18.3514 -6.21627 29.32
    endloop
  endfacet
  facet normal 0 0 -1
    outer loop
      vertex -17.8109 -5.67563 29.32
      vertex -17.2702 -5.67563 29.32
      vertex -17.8109 -6.21617 29.32
    endloop
  endfacet
  facet normal 0 -0 -1
    outer loop
      vertex -18.3513 -6.21617 29.32
      vertex -17.8109 -6.21617 29.32
      vertex -18.3514 -6.21627 29.32
    endloop
  endfacet
  facet normal 0 0 -1
    outer loop
      vertex -17.8109 -6.21617 29.32
      vertex -17.2702 -5.67563 29.32
      vertex -17.2702 -6.21617 29.32
    endloop
  endfacet
  facet normal 0 0 -1
    outer loop
      vertex -16.7298 -8.91898 29.32
      vertex -17.8108 -8.91898 29.32
      vertex -17.8109 -8.37844 29.32
    endloop
  endfacet
  facet normal -0 0 -1
    outer loop
      vertex -18.3514 -4.054 29.32
      vertex -18.8919 -4.59454 29.32
      vertex -18.8919 -4.054 29.32
    endloop
  endfacet
  facet normal 0 0 -1
    outer loop
      vertex -16.1891 -3.51357 29.32
      vertex -16.7297 -3.51346 29.32
      vertex -16.1892 -3.51346 29.32
    endloop
  endfacet
  facet normal 0 0 -1
    outer loop
      vertex -17.8108 -4.59454 29.32
      vertex -18.3514 -4.054 29.32
      vertex -17.8108 -4.05411 29.32
    endloop
  endfacet
  facet normal -0 0 -1
    outer loop
      vertex -9.1621 2.43248 29.32
      vertex -9.70275 1.89194 29.32
      vertex -9.70275 2.43248 29.32
    endloop
  endfacet
  facet normal -0 -0 -1
    outer loop
      vertex -8.08102 1.89194 29.32
      vertex -8.08102 1.3514 29.32
      vertex -9.1621 1.89194 29.32
    endloop
  endfacet
  facet normal -0 -0 -1
    outer loop
      vertex -14.0271 -6.75671 29.32
      vertex -14.0271 -7.29736 29.32
      vertex -14.5675 -6.75671 29.32
    endloop
  endfacet
  facet normal 0 0 -1
    outer loop
      vertex -11.8648 -1.3513 29.32
      vertex -11.8649 -1.89184 29.32
      vertex -11.8649 -1.35141 29.32
    endloop
  endfacet
  facet normal 0 0 -1
    outer loop
      vertex -11.8649 -8.37833 29.32
      vertex -11.8649 -7.8379 29.32
      vertex -11.8648 -7.83779 29.32
    endloop
  endfacet
  facet normal 0 0 -1
    outer loop
      vertex -12.4055 -2.43249 29.32
      vertex -11.3243 -2.43249 29.32
      vertex -12.4055 -2.97292 29.32
    endloop
  endfacet
  facet normal 0 0 -1
    outer loop
      vertex -15.1082 -4.05411 29.32
      vertex -15.6487 -4.05411 29.32
      vertex -15.6487 -3.51357 29.32
    endloop
  endfacet
  facet normal 0 0 -1
    outer loop
      vertex -11.3243 -4.054 29.32
      vertex -11.3244 -4.59454 29.32
      vertex -11.3244 -4.05411 29.32
    endloop
  endfacet
  facet normal 0 0 -1
    outer loop
      vertex -14.0271 -4.59465 29.32
      vertex -15.1082 -4.59465 29.32
      vertex -15.1081 -4.054 29.32
    endloop
  endfacet
  facet normal 0 -0 -1
    outer loop
      vertex -14.027 -7.29725 29.32
      vertex -12.946 -7.29725 29.32
      vertex -14.0271 -7.8379 29.32
    endloop
  endfacet
  facet normal -0 0 -1
    outer loop
      vertex -14.0271 -5.13509 29.32
      vertex -14.5676 -5.67573 29.32
      vertex -14.5676 -5.13509 29.32
    endloop
  endfacet
  facet normal 0 0 -1
    outer loop
      vertex -14.0271 -7.29736 29.32
      vertex -15.1082 -7.29736 29.32
      vertex -14.5675 -6.75671 29.32
    endloop
  endfacet
  facet normal 0 -0 -1
    outer loop
      vertex -14.0271 -5.13509 29.32
      vertex -14.0271 -5.67573 29.32
      vertex -14.5676 -5.67573 29.32
    endloop
  endfacet
  facet normal 0 0 -1
    outer loop
      vertex -12.9459 -7.8379 29.32
      vertex -12.946 -7.29725 29.32
      vertex -12.9459 -7.29736 29.32
    endloop
  endfacet
  facet normal 0 0 -1
    outer loop
      vertex -14.5675 -6.75671 29.32
      vertex -15.1082 -6.21617 29.32
      vertex -14.5675 -6.21617 29.32
    endloop
  endfacet
  facet normal -0 0 -1
    outer loop
      vertex -14.5675 -6.75671 29.32
      vertex -15.1082 -7.29736 29.32
      vertex -15.1082 -6.21617 29.32
    endloop
  endfacet
  facet normal 0 -0 -1
    outer loop
      vertex -11.8648 -5.13519 29.32
      vertex -11.8648 -6.21617 29.32
      vertex -12.4053 -6.21627 29.32
    endloop
  endfacet
  facet normal 0 0 -1
    outer loop
      vertex -14.027 -7.29725 29.32
      vertex -14.0271 -7.8379 29.32
      vertex -14.0271 -7.29736 29.32
    endloop
  endfacet
  facet normal 0 0 -1
    outer loop
      vertex -11.8649 -6.21627 29.32
      vertex -11.8648 -6.21617 29.32
      vertex -11.8649 -6.75671 29.32
    endloop
  endfacet
  facet normal 0 0 -1
    outer loop
      vertex -11.3243 -10 29.32
      vertex -11.8649 -9.45952 29.32
      vertex -11.8648 -9.45941 29.32
    endloop
  endfacet
  facet normal 0 0 -1
    outer loop
      vertex -12.4055 -7.29736 29.32
      vertex -11.8649 -7.8379 29.32
      vertex -12.4055 -7.8379 29.32
    endloop
  endfacet
  facet normal -0 0 -1
    outer loop
      vertex -11.8648 -8.91898 29.32
      vertex -12.4055 -9.45941 29.32
      vertex -12.4055 -8.37833 29.32
    endloop
  endfacet
  facet normal -0 -0 -1
    outer loop
      vertex -11.3243 -9.45941 29.32
      vertex -11.3243 -10 29.32
      vertex -11.8648 -9.45941 29.32
    endloop
  endfacet
  facet normal -0 0 -1
    outer loop
      vertex -12.4055 -9.45941 29.32
      vertex -12.946 -10 29.32
      vertex -12.946 -9.45941 29.32
    endloop
  endfacet
  facet normal 0 -0 -1
    outer loop
      vertex -12.4053 -9.45952 29.32
      vertex -12.4053 -10 29.32
      vertex -12.946 -10 29.32
    endloop
  endfacet
  facet normal 0 0 -1
    outer loop
      vertex -11.8649 -9.45952 29.32
      vertex -12.4053 -9.45952 29.32
      vertex -12.4055 -9.45941 29.32
    endloop
  endfacet
  facet normal -0 0 -1
    outer loop
      vertex -12.4053 -9.45952 29.32
      vertex -12.946 -10 29.32
      vertex -12.4055 -9.45941 29.32
    endloop
  endfacet
  facet normal -0 0 -1
    outer loop
      vertex -11.8648 -9.45941 29.32
      vertex -11.8649 -9.45952 29.32
      vertex -11.8648 -8.91898 29.32
    endloop
  endfacet
  facet normal -0 0 -1
    outer loop
      vertex -10.7837 -5.13519 29.32
      vertex -11.3244 -5.67573 29.32
      vertex -11.3244 -5.13519 29.32
    endloop
  endfacet
  facet normal 0 0 -1
    outer loop
      vertex -11.8649 -9.45952 29.32
      vertex -11.3243 -10 29.32
      vertex -11.8649 -10 29.32
    endloop
  endfacet
  facet normal 0 0 -1
    outer loop
      vertex -11.3243 -8.91898 29.32
      vertex -11.8648 -8.91898 29.32
      vertex -11.8649 -8.37833 29.32
    endloop
  endfacet
  facet normal 0 0 -1
    outer loop
      vertex -8.62156 -3.51346 29.32
      vertex -9.70275 -2.97303 29.32
      vertex -8.62156 -2.43249 29.32
    endloop
  endfacet
  facet normal 0 0 -1
    outer loop
      vertex -11.8649 -9.45952 29.32
      vertex -12.4055 -9.45941 29.32
      vertex -11.8648 -8.91898 29.32
    endloop
  endfacet
  facet normal 0 0 -1
    outer loop
      vertex -11.8648 -8.91898 29.32
      vertex -12.4055 -8.37833 29.32
      vertex -11.8649 -8.37833 29.32
    endloop
  endfacet
  facet normal 0 -0 -1
    outer loop
      vertex -11.3243 -7.83779 29.32
      vertex -11.3243 -8.91898 29.32
      vertex -11.8649 -8.37833 29.32
    endloop
  endfacet
  facet normal 0 -0 -1
    outer loop
      vertex -11.8648 -7.83779 29.32
      vertex -11.3243 -7.83779 29.32
      vertex -11.8649 -8.37833 29.32
    endloop
  endfacet
  facet normal -0 0 -1
    outer loop
      vertex -11.8648 -7.83779 29.32
      vertex -11.8649 -7.8379 29.32
      vertex -12.4055 -7.29736 29.32
    endloop
  endfacet
  facet normal 0 0 -1
    outer loop
      vertex -11.3244 -5.13519 29.32
      vertex -11.8649 -5.13509 29.32
      vertex -11.3244 -4.59454 29.32
    endloop
  endfacet
  facet normal 0 0 -1
    outer loop
      vertex -14.0271 -5.67573 29.32
      vertex -14.027 -5.13519 29.32
      vertex -14.027 -5.67563 29.32
    endloop
  endfacet
  facet normal 0 0 -1
    outer loop
      vertex -14.027 -5.13519 29.32
      vertex -13.4864 -4.59454 29.32
      vertex -12.946 -5.13519 29.32
    endloop
  endfacet
  facet normal 0 -0 -1
    outer loop
      vertex -7 -6.21622 29.32
      vertex -7 -10 29.32
      vertex -7.54054 -6.75676 29.32
    endloop
  endfacet
  facet normal 0 -0 -1
    outer loop
      vertex -11.3243 -6.21617 29.32
      vertex -11.3243 -7.29736 29.32
      vertex -11.8649 -6.75671 29.32
    endloop
  endfacet
  facet normal 0 0 -1
    outer loop
      vertex -10.2432 -4.054 29.32
      vertex -10.7837 -5.13519 29.32
      vertex -11.3244 -4.59454 29.32
    endloop
  endfacet
  facet normal 0 0 -1
    outer loop
      vertex -8.62167 -3.51357 29.32
      vertex -9.70275 -2.97303 29.32
      vertex -8.62156 -3.51346 29.32
    endloop
  endfacet
  facet normal 0 0 -1
    outer loop
      vertex -11.3244 -4.59454 29.32
      vertex -11.3243 -4.054 29.32
      vertex -10.2432 -4.054 29.32
    endloop
  endfacet
  facet normal 0 -0 -1
    outer loop
      vertex -10.7837 -5.13519 29.32
      vertex -10.7837 -5.67573 29.32
      vertex -11.3244 -5.67573 29.32
    endloop
  endfacet
  facet normal 0 0 -1
    outer loop
      vertex -10.2432 -5.13519 29.32
      vertex -10.7837 -5.13519 29.32
      vertex -10.2432 -4.054 29.32
    endloop
  endfacet
  facet normal 0 0 -1
    outer loop
      vertex -12.9459 -3.51357 29.32
      vertex -13.4864 -4.05411 29.32
      vertex -13.4865 -4.054 29.32
    endloop
  endfacet
  facet normal 0 0 -1
    outer loop
      vertex -9.16221 0.810753 29.32
      vertex -9.70265 1.3514 29.32
      vertex -9.16221 1.3514 29.32
    endloop
  endfacet
  facet normal 0 0 -1
    outer loop
      vertex -6.99995 -4.05411 29.32
      vertex -8.62156 -3.51346 29.32
      vertex -6.99995 -3.51346 29.32
    endloop
  endfacet
  facet normal 0 0 -1
    outer loop
      vertex -7.54059 -0.810869 29.32
      vertex -7.54048 -0.810761 29.32
      vertex -7.54048 -1.35141 29.32
    endloop
  endfacet
  facet normal 0 -0 -1
    outer loop
      vertex -10.7837 -2.43238 29.32
      vertex -9.70275 -2.97303 29.32
      vertex -10.7838 -2.97303 29.32
    endloop
  endfacet
  facet normal -0 0 -1
    outer loop
      vertex -7.54048 -1.89184 29.32
      vertex -7.54059 -1.89195 29.32
      vertex -7.54048 -1.35141 29.32
    endloop
  endfacet
  facet normal 0 0 -1
    outer loop
      vertex -9.70275 -2.97303 29.32
      vertex -8.62167 -3.51357 29.32
      vertex -9.70275 -3.51357 29.32
    endloop
  endfacet
  facet normal 0 -0 -1
    outer loop
      vertex -8.62156 -3.51346 29.32
      vertex -6.99995 -4.05411 29.32
      vertex -8.62167 -4.05411 29.32
    endloop
  endfacet
  facet normal 0 0 -1
    outer loop
      vertex -9.70275 -5.67573 29.32
      vertex -9.1621 -5.13519 29.32
      vertex -9.1621 -5.67573 29.32
    endloop
  endfacet
  facet normal 0 0 -1
    outer loop
      vertex -8.62167 -3.51357 29.32
      vertex -8.62156 -3.51346 29.32
      vertex -8.62167 -4.05411 29.32
    endloop
  endfacet
  facet normal -0 0 -1
    outer loop
      vertex -8.08102 -1.89195 29.32
      vertex -8.62156 -2.43249 29.32
      vertex -8.08113 -1.89184 29.32
    endloop
  endfacet
  facet normal 0 0 -1
    outer loop
      vertex -9.16221 -1.89195 29.32
      vertex -9.16221 -1.3513 29.32
      vertex -8.62167 -1.89195 29.32
    endloop
  endfacet
  facet normal 0 -0 -1
    outer loop
      vertex -8.08102 -1.89195 29.32
      vertex -8.08102 -2.43249 29.32
      vertex -8.62156 -2.43249 29.32
    endloop
  endfacet
  facet normal 0 0 -1
    outer loop
      vertex -7.54048 -1.35141 29.32
      vertex -7.54048 -0.810761 29.32
      vertex -6.99995 -0.810761 29.32
    endloop
  endfacet
  facet normal 0 -0 -1
    outer loop
      vertex -6.99995 -0.810761 29.32
      vertex -6.99995 -1.35141 29.32
      vertex -7.54048 -1.35141 29.32
    endloop
  endfacet
  facet normal 0 0 -1
    outer loop
      vertex -7.54059 -1.89195 29.32
      vertex -6.99995 -2.97303 29.32
      vertex -7.54059 -2.97303 29.32
    endloop
  endfacet
  facet normal 0 0 -1
    outer loop
      vertex -7.54059 -1.89195 29.32
      vertex -6.99995 -1.89184 29.32
      vertex -6.99995 -2.97303 29.32
    endloop
  endfacet
  facet normal -0 0 -1
    outer loop
      vertex -7.54048 -1.35141 29.32
      vertex -7.54059 -1.89195 29.32
      vertex -7.54059 -1.3513 29.32
    endloop
  endfacet
  facet normal 0 -0 -1
    outer loop
      vertex -7.54048 -1.89184 29.32
      vertex -6.99995 -1.89184 29.32
      vertex -7.54059 -1.89195 29.32
    endloop
  endfacet
  facet normal 0 0 -1
    outer loop
      vertex -8.08102 4.59464 29.32
      vertex -8.62167 5.13508 29.32
      vertex -8.62167 5.67572 29.32
    endloop
  endfacet
  facet normal 0 0 -1
    outer loop
      vertex -8.08102 1.3514 29.32
      vertex -9.16221 1.3514 29.32
      vertex -9.1621 1.89194 29.32
    endloop
  endfacet
  facet normal -0 0 -1
    outer loop
      vertex -8.08102 0.810753 29.32
      vertex -8.62167 0.270213 29.32
      vertex -9.16221 0.810753 29.32
    endloop
  endfacet
  facet normal -0 0 -1
    outer loop
      vertex -6.99995 0.81086 29.32
      vertex -7.54048 0.270213 29.32
      vertex -7.54048 0.81086 29.32
    endloop
  endfacet
  facet normal 0 -0 -1
    outer loop
      vertex -6.99995 0.81086 29.32
      vertex -6.99995 0.270213 29.32
      vertex -7.54048 0.270213 29.32
    endloop
  endfacet
  facet normal -0 0 -1
    outer loop
      vertex -8.08102 0.27032 29.32
      vertex -8.62167 0.270213 29.32
      vertex -8.08102 0.810753 29.32
    endloop
  endfacet
  facet normal 0 0 -1
    outer loop
      vertex -7.54048 0.81086 29.32
      vertex -8.08102 1.3514 29.32
      vertex -7.54048 1.3514 29.32
    endloop
  endfacet
  facet normal 0 0 -1
    outer loop
      vertex -10.7838 -2.43249 29.32
      vertex -11.3243 -1.89184 29.32
      vertex -10.7837 -2.43238 29.32
    endloop
  endfacet
  facet normal 0 -0 -1
    outer loop
      vertex -8.08102 6.75681 29.32
      vertex -8.08102 4.59464 29.32
      vertex -8.62167 5.67572 29.32
    endloop
  endfacet
  facet normal 0 -0 -1
    outer loop
      vertex -9.1621 2.43248 29.32
      vertex -9.1621 1.89194 29.32
      vertex -9.70275 1.89194 29.32
    endloop
  endfacet
  facet normal -0 0 -1
    outer loop
      vertex -13.4865 7.83789 29.32
      vertex -14.0271 7.29735 29.32
      vertex -14.0271 7.83789 29.32
    endloop
  endfacet
  facet normal 0 -0 -1
    outer loop
      vertex -16.1891 6.75681 29.32
      vertex -15.6487 6.75681 29.32
      vertex -16.1892 6.21616 29.32
    endloop
  endfacet
  facet normal 0 0 -1
    outer loop
      vertex -13.4864 7.83778 29.32
      vertex -13.4865 7.83789 29.32
      vertex -13.4865 8.37832 29.32
    endloop
  endfacet
  facet normal 0 0 -1
    outer loop
      vertex -8.62156 -1.89184 29.32
      vertex -9.16221 -1.3513 29.32
      vertex -8.62156 -1.3513 29.32
    endloop
  endfacet
  facet normal 0 0 -1
    outer loop
      vertex -10.7838 -2.43249 29.32
      vertex -11.3243 -2.43249 29.32
      vertex -11.3243 -1.89184 29.32
    endloop
  endfacet
  facet normal 0 0 -1
    outer loop
      vertex -10.7838 8.37843 29.32
      vertex -9.70275 8.37843 29.32
      vertex -10.7838 7.83784 29.32
    endloop
  endfacet
  facet normal 0 -0 -1
    outer loop
      vertex -9.70265 5.13514 29.32
      vertex -9.70265 3.51346 29.32
      vertex -10.2432 3.51346 29.32
    endloop
  endfacet
  facet normal 0 0 -1
    outer loop
      vertex -10.7838 10 29.32
      vertex -9.1621 10 29.32
      vertex -10.2433 9.4594 29.32
    endloop
  endfacet
  facet normal 0 0 -1
    outer loop
      vertex -8.62167 5.13508 29.32
      vertex -9.16221 5.13514 29.32
      vertex -8.62167 5.67572 29.32
    endloop
  endfacet
  facet normal 0 0 -1
    outer loop
      vertex -9.16221 5.13514 29.32
      vertex -8.62167 5.13508 29.32
      vertex -9.16221 5.13508 29.32
    endloop
  endfacet
  facet normal 0 0 -1
    outer loop
      vertex -7.54059 9.4594 29.32
      vertex -8.62167 9.4594 29.32
      vertex -8.62167 10 29.32
    endloop
  endfacet
  facet normal -0 0 -1
    outer loop
      vertex -8.62156 4.0541 29.32
      vertex -9.16221 3.51346 29.32
      vertex -9.16221 4.59464 29.32
    endloop
  endfacet
  facet normal 0 0 -1
    outer loop
      vertex -8.08102 3.51346 29.32
      vertex -8.62156 4.0541 29.32
      vertex -8.08102 4.054 29.32
    endloop
  endfacet
  facet normal 0 0 -1
    outer loop
      vertex -8.62156 4.0541 29.32
      vertex -8.08113 4.0541 29.32
      vertex -8.08102 4.054 29.32
    endloop
  endfacet
  facet normal -0 0 -1
    outer loop
      vertex -6.99995 4.59464 29.32
      vertex -8.08102 4.054 29.32
      vertex -8.08102 4.59464 29.32
    endloop
  endfacet
  facet normal 0 -0 -1
    outer loop
      vertex -6.99995 4.59464 29.32
      vertex -6.99995 4.054 29.32
      vertex -8.08102 4.054 29.32
    endloop
  endfacet
  facet normal -0 0 -1
    outer loop
      vertex -6.99995 5.67572 29.32
      vertex -7.54059 5.13508 29.32
      vertex -7.54059 5.67572 29.32
    endloop
  endfacet
  facet normal 0 0 -1
    outer loop
      vertex -8.62167 5.13508 29.32
      vertex -8.08102 4.59464 29.32
      vertex -8.62167 4.59464 29.32
    endloop
  endfacet
  facet normal 0 -0 -1
    outer loop
      vertex -8.08102 4.59464 29.32
      vertex -8.08102 4.054 29.32
      vertex -8.08113 4.59454 29.32
    endloop
  endfacet
  facet normal -0 0 -1
    outer loop
      vertex -9.16216 7.29724 29.32
      vertex -9.7027 5.67568 29.32
      vertex -9.7027 7.2973 29.32
    endloop
  endfacet
  facet normal -0 0 -1
    outer loop
      vertex -8.62167 5.67572 29.32
      vertex -9.16221 5.13514 29.32
      vertex -9.16216 5.67572 29.32
    endloop
  endfacet
  facet normal -0 0 -1
    outer loop
      vertex -8.08102 6.75681 29.32
      vertex -8.62167 5.67572 29.32
      vertex -8.62167 6.75681 29.32
    endloop
  endfacet
  facet normal 0 0 -1
    outer loop
      vertex -9.16221 5.13514 29.32
      vertex -9.7027 5.67568 29.32
      vertex -9.16216 5.67572 29.32
    endloop
  endfacet
  facet normal 0 0 -1
    outer loop
      vertex -7.54059 8.37832 29.32
      vertex -7.54059 8.91897 29.32
      vertex -6.99995 10 29.32
    endloop
  endfacet
  facet normal 0 0 -1
    outer loop
      vertex -7.54059 7.29724 29.32
      vertex -6.99995 6.7567 29.32
      vertex -7.54059 6.7567 29.32
    endloop
  endfacet
  facet normal 0 0 -1
    outer loop
      vertex -7.54059 9.4594 29.32
      vertex -6.99995 10 29.32
      vertex -7.54059 8.91897 29.32
    endloop
  endfacet
  facet normal 0 0 -1
    outer loop
      vertex -10.2433 9.4594 29.32
      vertex -10.7838 9.4594 29.32
      vertex -10.7838 10 29.32
    endloop
  endfacet
  facet normal -0 0 -1
    outer loop
      vertex -7.54059 8.91897 29.32
      vertex -8.08113 8.37832 29.32
      vertex -8.08113 8.91897 29.32
    endloop
  endfacet
  facet normal -0 0 -1
    outer loop
      vertex -6.99995 10 29.32
      vertex -7.54059 9.4594 29.32
      vertex -8.62167 10 29.32
    endloop
  endfacet
  facet normal 0 0 -1
    outer loop
      vertex -6.99995 6.7567 29.32
      vertex -7.54059 8.37832 29.32
      vertex -6.99995 10 29.32
    endloop
  endfacet
  facet normal 0 0 -1
    outer loop
      vertex -7.54059 7.29724 29.32
      vertex -8.62156 7.83789 29.32
      vertex -7.54059 7.83789 29.32
    endloop
  endfacet
  facet normal 0 0 -1
    outer loop
      vertex -7.54059 7.29724 29.32
      vertex -9.16216 7.29724 29.32
      vertex -8.62156 7.83789 29.32
    endloop
  endfacet
  facet normal 0 0 -1
    outer loop
      vertex -7.54059 7.83789 29.32
      vertex -7.54059 8.37832 29.32
      vertex -6.99995 6.7567 29.32
    endloop
  endfacet
  facet normal 0 0 -1
    outer loop
      vertex -7.54059 8.37832 29.32
      vertex -8.08113 8.37832 29.32
      vertex -7.54059 8.91897 29.32
    endloop
  endfacet
  facet normal 0 0 -1
    outer loop
      vertex -7.54059 7.29724 29.32
      vertex -7.54059 7.83789 29.32
      vertex -6.99995 6.7567 29.32
    endloop
  endfacet
  facet normal 0 0 -1
    outer loop
      vertex -8.62156 7.83789 29.32
      vertex -9.1621 8.37843 29.32
      vertex -8.62156 8.37843 29.32
    endloop
  endfacet
  facet normal 0 0 -1
    outer loop
      vertex -13.4865 4.59464 29.32
      vertex -13.4864 4.59454 29.32
      vertex -13.4864 4.0541 29.32
    endloop
  endfacet
  facet normal 0 0 -1
    outer loop
      vertex -14.0271 8.91886 29.32
      vertex -13.4865 8.37832 29.32
      vertex -14.0271 8.37832 29.32
    endloop
  endfacet
  facet normal 0 0 -1
    outer loop
      vertex -11.8648 8.91886 29.32
      vertex -13.4864 8.91886 29.32
      vertex -12.946 9.45951 29.32
    endloop
  endfacet
  facet normal -0 0 -1
    outer loop
      vertex -9.70265 7.83784 29.32
      vertex -9.7027 7.2973 29.32
      vertex -10.7838 7.83784 29.32
    endloop
  endfacet
  facet normal 0 0 -1
    outer loop
      vertex -10.2433 9.4594 29.32
      vertex -9.1621 10 29.32
      vertex -9.70275 8.91886 29.32
    endloop
  endfacet
  facet normal 0 0 -1
    outer loop
      vertex -10.2433 8.91886 29.32
      vertex -10.2433 9.4594 29.32
      vertex -9.70275 8.91886 29.32
    endloop
  endfacet
  facet normal 0 0 -1
    outer loop
      vertex -9.70275 8.91886 29.32
      vertex -9.1621 10 29.32
      vertex -9.1621 8.37843 29.32
    endloop
  endfacet
  facet normal 0 0 -1
    outer loop
      vertex -10.7838 7.83784 29.32
      vertex -9.70275 8.37843 29.32
      vertex -9.70265 7.83784 29.32
    endloop
  endfacet
  facet normal 0 0 -1
    outer loop
      vertex -9.70275 8.37843 29.32
      vertex -9.70275 8.91886 29.32
      vertex -9.70265 8.37832 29.32
    endloop
  endfacet
  facet normal 0 -0 -1
    outer loop
      vertex -9.16216 7.29724 29.32
      vertex -9.16216 5.67572 29.32
      vertex -9.7027 5.67568 29.32
    endloop
  endfacet
  facet normal 0 0 -1
    outer loop
      vertex -11.8648 7.83784 29.32
      vertex -11.8649 7.29735 29.32
      vertex -11.8649 7.83778 29.32
    endloop
  endfacet
  facet normal 0 -0 -1
    outer loop
      vertex -18.8918 8.37843 29.32
      vertex -18.8918 7.83778 29.32
      vertex -19.4324 7.83778 29.32
    endloop
  endfacet
  facet normal 0 -0 -1
    outer loop
      vertex -13.4864 10 29.32
      vertex -13.4864 9.45951 29.32
      vertex -14.027 9.4594 29.32
    endloop
  endfacet
  facet normal 0 0 -1
    outer loop
      vertex -11.8649 7.83778 29.32
      vertex -13.4864 8.37843 29.32
      vertex -11.8648 8.37843 29.32
    endloop
  endfacet
  facet normal 0 0 -1
    outer loop
      vertex -12.946 10 29.32
      vertex -11.8648 10 29.32
      vertex -12.946 9.45951 29.32
    endloop
  endfacet
  facet normal -0 0 -1
    outer loop
      vertex -12.946 9.45951 29.32
      vertex -13.4864 8.91886 29.32
      vertex -13.4864 9.45951 29.32
    endloop
  endfacet
  facet normal 0 0 -1
    outer loop
      vertex -14.027 9.4594 29.32
      vertex -14.5676 9.45951 29.32
      vertex -14.5676 10 29.32
    endloop
  endfacet
  facet normal 0 0 -1
    outer loop
      vertex -11.8648 8.91886 29.32
      vertex -12.946 9.45951 29.32
      vertex -11.8648 10 29.32
    endloop
  endfacet
  facet normal 0 0 -1
    outer loop
      vertex -14.027 9.4594 29.32
      vertex -14.5676 10 29.32
      vertex -13.4864 10 29.32
    endloop
  endfacet
  facet normal 0 0 -1
    outer loop
      vertex -15.6487 7.83789 29.32
      vertex -15.1081 7.29735 29.32
      vertex -15.6487 6.75681 29.32
    endloop
  endfacet
  facet normal 0 0 -1
    outer loop
      vertex -20.5136 8.91886 29.32
      vertex -21.0541 8.91886 29.32
      vertex -21.0541 10 29.32
    endloop
  endfacet
  facet normal 0 0 -1
    outer loop
      vertex -15.1082 9.45951 29.32
      vertex -14.5676 9.45951 29.32
      vertex -15.1082 8.91886 29.32
    endloop
  endfacet
  facet normal 0 -0 -1
    outer loop
      vertex -13.4864 9.45951 29.32
      vertex -13.4864 8.91886 29.32
      vertex -13.4865 9.4594 29.32
    endloop
  endfacet
  facet normal 0 0 -1
    outer loop
      vertex -15.1081 7.29735 29.32
      vertex -15.6487 7.83789 29.32
      vertex -15.1082 7.83789 29.32
    endloop
  endfacet
  facet normal 0 -0 -1
    outer loop
      vertex -15.1081 6.21616 29.32
      vertex -15.1081 5.67572 29.32
      vertex -15.6487 5.67562 29.32
    endloop
  endfacet
  facet normal 0 0 -1
    outer loop
      vertex -13.4865 8.91897 29.32
      vertex -13.4864 8.91886 29.32
      vertex -13.4865 8.37832 29.32
    endloop
  endfacet
  facet normal 0 -0 -1
    outer loop
      vertex -14.5676 9.45951 29.32
      vertex -14.0271 8.91886 29.32
      vertex -15.1082 8.91886 29.32
    endloop
  endfacet
  facet normal 0 -0 -1
    outer loop
      vertex -13.4864 8.37843 29.32
      vertex -13.4864 7.83778 29.32
      vertex -13.4865 8.37832 29.32
    endloop
  endfacet
  facet normal -0 0 -1
    outer loop
      vertex -13.4864 8.37843 29.32
      vertex -13.4865 8.37832 29.32
      vertex -13.4864 8.91886 29.32
    endloop
  endfacet
  facet normal 0 0 -1
    outer loop
      vertex -18.3514 1.89194 29.32
      vertex -18.8918 0.810753 29.32
      vertex -19.4325 1.35129 29.32
    endloop
  endfacet
  facet normal -0 0 -1
    outer loop
      vertex -12.9459 0.27032 29.32
      vertex -13.4865 -0.270328 29.32
      vertex -13.4865 0.27032 29.32
    endloop
  endfacet
  facet normal -0 -0 -1
    outer loop
      vertex -15.1081 7.83778 29.32
      vertex -15.1081 7.29735 29.32
      vertex -15.1082 7.83789 29.32
    endloop
  endfacet
  facet normal 0 0 -1
    outer loop
      vertex -17.8108 8.37832 29.32
      vertex -18.3514 8.91886 29.32
      vertex -17.8108 10 29.32
    endloop
  endfacet
  facet normal 0 0 -1
    outer loop
      vertex -14.5675 7.83778 29.32
      vertex -15.1081 7.83778 29.32
      vertex -14.5675 8.37843 29.32
    endloop
  endfacet
  facet normal 0 0 -1
    outer loop
      vertex -17.2703 7.29735 29.32
      vertex -16.1891 7.29735 29.32
      vertex -17.2703 6.75681 29.32
    endloop
  endfacet
  facet normal 0 0 -1
    outer loop
      vertex -15.1082 7.83789 29.32
      vertex -15.1082 8.37843 29.32
      vertex -14.5675 8.37843 29.32
    endloop
  endfacet
  facet normal 0 0 -1
    outer loop
      vertex -15.1081 7.83778 29.32
      vertex -15.1082 7.83789 29.32
      vertex -14.5675 8.37843 29.32
    endloop
  endfacet
  facet normal 0 0 -1
    outer loop
      vertex -19.4325 4.0541 29.32
      vertex -18.3513 4.0541 29.32
      vertex -18.3513 3.51346 29.32
    endloop
  endfacet
  facet normal 0 0 -1
    outer loop
      vertex -18.8919 7.29735 29.32
      vertex -17.8108 7.29735 29.32
      vertex -18.8919 6.75681 29.32
    endloop
  endfacet
  facet normal 0 0 -1
    outer loop
      vertex -16.1892 9.45951 29.32
      vertex -16.1892 10 29.32
      vertex -15.6486 10 29.32
    endloop
  endfacet
  facet normal 0 0 -1
    outer loop
      vertex -18.8918 4.59464 29.32
      vertex -19.4325 5.13518 29.32
      vertex -18.8918 5.13508 29.32
    endloop
  endfacet
  facet normal 0 0 -1
    outer loop
      vertex -19.4325 4.0541 29.32
      vertex -18.8918 4.59464 29.32
      vertex -18.3513 4.0541 29.32
    endloop
  endfacet
  facet normal 0 0 -1
    outer loop
      vertex -17.2703 6.75681 29.32
      vertex -16.1891 7.29735 29.32
      vertex -16.1891 6.75681 29.32
    endloop
  endfacet
  facet normal 0 -0 -1
    outer loop
      vertex -17.8108 7.29735 29.32
      vertex -17.8108 6.75681 29.32
      vertex -18.8919 6.75681 29.32
    endloop
  endfacet
  facet normal -0 -0 -1
    outer loop
      vertex -19.973 6.21627 29.32
      vertex -19.9729 6.21616 29.32
      vertex -20.5135 6.21627 29.32
    endloop
  endfacet
  facet normal 0 0 -1
    outer loop
      vertex -20.5135 6.21627 29.32
      vertex -19.9729 6.21616 29.32
      vertex -19.9729 5.67562 29.32
    endloop
  endfacet
  facet normal 0 0 -1
    outer loop
      vertex -19.4324 7.29724 29.32
      vertex -19.9729 7.29724 29.32
      vertex -19.4324 7.83778 29.32
    endloop
  endfacet
  facet normal 0 0 -1
    outer loop
      vertex -21.0541 7.83778 29.32
      vertex -20.5136 8.37843 29.32
      vertex -19.973 7.83778 29.32
    endloop
  endfacet
  facet normal 0 0 -1
    outer loop
      vertex -18.8918 8.37843 29.32
      vertex -19.4324 7.83778 29.32
      vertex -19.4325 7.83789 29.32
    endloop
  endfacet
  facet normal -0 0 -1
    outer loop
      vertex -18.8918 8.37843 29.32
      vertex -19.4325 7.83789 29.32
      vertex -19.4325 8.37843 29.32
    endloop
  endfacet
  facet normal -0 0 -1
    outer loop
      vertex -19.4325 7.83789 29.32
      vertex -19.973 7.83778 29.32
      vertex -19.9729 7.83789 29.32
    endloop
  endfacet
  facet normal 0 -0 -1
    outer loop
      vertex -19.4325 7.83789 29.32
      vertex -19.4324 7.83778 29.32
      vertex -19.973 7.83778 29.32
    endloop
  endfacet
  facet normal 0 0 -1
    outer loop
      vertex -21.0541 7.83778 29.32
      vertex -21.0541 8.37843 29.32
      vertex -20.5136 8.37843 29.32
    endloop
  endfacet
  facet normal 0 0 -1
    outer loop
      vertex -19.9729 7.83789 29.32
      vertex -20.5136 8.91886 29.32
      vertex -19.9729 10 29.32
    endloop
  endfacet
  facet normal 0 0 -1
    outer loop
      vertex -20.5136 8.91886 29.32
      vertex -21.0541 10 29.32
      vertex -19.9729 10 29.32
    endloop
  endfacet
  facet normal 0 0 -1
    outer loop
      vertex -19.9729 7.83789 29.32
      vertex -20.5136 8.37843 29.32
      vertex -20.5136 8.91886 29.32
    endloop
  endfacet
  facet normal 0 0 -1
    outer loop
      vertex -19.973 7.29735 29.32
      vertex -19.9729 7.29724 29.32
      vertex -19.9729 6.75681 29.32
    endloop
  endfacet
  facet normal 0 0 -1
    outer loop
      vertex -19.973 7.29735 29.32
      vertex -19.973 7.83778 29.32
      vertex -19.4324 7.83778 29.32
    endloop
  endfacet
  facet normal 0 0 -1
    outer loop
      vertex -19.973 7.83778 29.32
      vertex -20.5136 8.37843 29.32
      vertex -19.9729 7.83789 29.32
    endloop
  endfacet
  facet normal 0 0 -1
    outer loop
      vertex -19.9729 7.29724 29.32
      vertex -19.973 7.29735 29.32
      vertex -19.4324 7.83778 29.32
    endloop
  endfacet
  facet normal 0 0 -1
    outer loop
      vertex -20.5136 6.75681 29.32
      vertex -20.5136 7.29735 29.32
      vertex -19.973 7.29735 29.32
    endloop
  endfacet
  facet normal 0 -0 -1
    outer loop
      vertex -21.5945 6.75681 29.32
      vertex -21.0541 6.21616 29.32
      vertex -22.1352 6.21616 29.32
    endloop
  endfacet
  facet normal 0 0 -1
    outer loop
      vertex -20.5136 6.75681 29.32
      vertex -19.973 7.29735 29.32
      vertex -19.9729 6.75681 29.32
    endloop
  endfacet
  facet normal 0 0 -1
    outer loop
      vertex -22.1351 7.29735 29.32
      vertex -21.5945 7.29735 29.32
      vertex -21.5945 6.75681 29.32
    endloop
  endfacet
  facet normal 0 0 -1
    outer loop
      vertex -22.1351 7.29735 29.32
      vertex -22.6757 7.83789 29.32
      vertex -22.1351 7.83789 29.32
    endloop
  endfacet
  facet normal 0 0 -1
    outer loop
      vertex -22.6757 7.83789 29.32
      vertex -22.1352 7.29724 29.32
      vertex -22.6757 7.29724 29.32
    endloop
  endfacet
  facet normal 0 0 -1
    outer loop
      vertex -21.5945 6.75681 29.32
      vertex -22.1352 7.29724 29.32
      vertex -22.1351 7.29735 29.32
    endloop
  endfacet
  facet normal 0 0 -1
    outer loop
      vertex -22.1352 7.29724 29.32
      vertex -22.6757 7.83789 29.32
      vertex -22.1351 7.29735 29.32
    endloop
  endfacet
  facet normal 0 0 -1
    outer loop
      vertex -22.1352 6.21616 29.32
      vertex -22.1352 7.29724 29.32
      vertex -21.5945 6.75681 29.32
    endloop
  endfacet
  facet normal 0 0 -1
    outer loop
      vertex -21.0541 6.21616 29.32
      vertex -21.5945 6.75681 29.32
      vertex -20.5136 6.75681 29.32
    endloop
  endfacet
  facet normal 0 0 -1
    outer loop
      vertex -19.9729 5.67562 29.32
      vertex -21.0541 5.67562 29.32
      vertex -20.5135 6.21627 29.32
    endloop
  endfacet
  facet normal 0 0 -1
    outer loop
      vertex -17.8109 6.21616 29.32
      vertex -17.8108 5.67562 29.32
      vertex -17.8109 5.67572 29.32
    endloop
  endfacet
  facet normal 0 0 -1
    outer loop
      vertex -19.4325 6.21616 29.32
      vertex -19.973 6.7567 29.32
      vertex -19.9729 6.75681 29.32
    endloop
  endfacet
  facet normal 0 0 -1
    outer loop
      vertex -21.0541 6.21616 29.32
      vertex -20.5136 6.75681 29.32
      vertex -20.5135 6.21627 29.32
    endloop
  endfacet
  facet normal -0 0 -1
    outer loop
      vertex -18.8919 6.75681 29.32
      vertex -19.4325 6.21616 29.32
      vertex -19.9729 6.75681 29.32
    endloop
  endfacet
  facet normal 0 0 -1
    outer loop
      vertex -22.1352 -1.35141 29.32
      vertex -21.054 -1.35141 29.32
      vertex -21.5946 -1.89195 29.32
    endloop
  endfacet
  facet normal 0 0 -1
    outer loop
      vertex -19.973 4.59454 29.32
      vertex -19.973 5.13518 29.32
      vertex -19.4325 5.13518 29.32
    endloop
  endfacet
  facet normal 0 -0 -1
    outer loop
      vertex -19.4325 5.13518 29.32
      vertex -19.4325 4.59454 29.32
      vertex -19.973 4.59454 29.32
    endloop
  endfacet
  facet normal 0 0 -1
    outer loop
      vertex -22.1352 3.51356 29.32
      vertex -22.1352 4.054 29.32
      vertex -22.1351 4.0541 29.32
    endloop
  endfacet
  facet normal 0 0 -1
    outer loop
      vertex -19.4325 1.35129 29.32
      vertex -18.8918 0.810753 29.32
      vertex -19.4325 0.81086 29.32
    endloop
  endfacet
  facet normal 0 -0 -1
    outer loop
      vertex -22.1351 5.13518 29.32
      vertex -22.1351 4.59454 29.32
      vertex -22.1352 4.59464 29.32
    endloop
  endfacet
  facet normal -0 0 -1
    outer loop
      vertex -19.4325 4.0541 29.32
      vertex -19.973 2.97292 29.32
      vertex -19.973 4.0541 29.32
    endloop
  endfacet
  facet normal 0 0 -1
    outer loop
      vertex -19.973 1.35129 29.32
      vertex -19.973 1.89183 29.32
      vertex -19.4325 1.35129 29.32
    endloop
  endfacet
  facet normal 0 0 -1
    outer loop
      vertex -16.7297 5.67562 29.32
      vertex -17.8108 5.67562 29.32
      vertex -16.7297 6.21616 29.32
    endloop
  endfacet
  facet normal 0 0 -1
    outer loop
      vertex -19.4325 2.97292 29.32
      vertex -19.973 2.97292 29.32
      vertex -19.4325 4.0541 29.32
    endloop
  endfacet
  facet normal 0 0 -1
    outer loop
      vertex -19.973 1.89183 29.32
      vertex -20.5136 1.89183 29.32
      vertex -20.5136 2.43248 29.32
    endloop
  endfacet
  facet normal 0 0 -1
    outer loop
      vertex -22.1352 2.43248 29.32
      vertex -22.1352 2.97292 29.32
      vertex -22.1351 2.43237 29.32
    endloop
  endfacet
  facet normal -0 0 -1
    outer loop
      vertex -19.4325 2.43248 29.32
      vertex -19.973 1.89183 29.32
      vertex -20.5136 2.43248 29.32
    endloop
  endfacet
  facet normal 0 0 -1
    outer loop
      vertex -22.1352 0.27032 29.32
      vertex -22.1352 0.81086 29.32
      vertex -21.5945 0.81086 29.32
    endloop
  endfacet
  facet normal 0 0 -1
    outer loop
      vertex -19.4324 -1.35141 29.32
      vertex -18.8918 -0.810761 29.32
      vertex -18.3513 -1.35141 29.32
    endloop
  endfacet
  facet normal 0 0 -1
    outer loop
      vertex -15.1081 0.81086 29.32
      vertex -14.5675 0.81086 29.32
      vertex -14.5675 0.27032 29.32
    endloop
  endfacet
  facet normal 0 0 -1
    outer loop
      vertex -19.4325 1.35129 29.32
      vertex -19.973 1.89183 29.32
      vertex -19.4324 1.89194 29.32
    endloop
  endfacet
  facet normal 0 0 -1
    outer loop
      vertex -21.054 -3.51346 29.32
      vertex -20.5136 -3.51346 29.32
      vertex -20.5136 -4.05411 29.32
    endloop
  endfacet
  facet normal 0 0 -1
    outer loop
      vertex -20.5135 -1.3513 29.32
      vertex -19.4325 -1.3513 29.32
      vertex -19.973 -1.89195 29.32
    endloop
  endfacet
  facet normal 0 0 -1
    outer loop
      vertex -18.8919 -5.67573 29.32
      vertex -19.9729 -5.67573 29.32
      vertex -19.4325 -5.13509 29.32
    endloop
  endfacet
  facet normal -0 0 -1
    outer loop
      vertex -14.5675 -2.43249 29.32
      vertex -15.1081 -2.97303 29.32
      vertex -15.1082 -2.43238 29.32
    endloop
  endfacet
  facet normal 0 0 -1
    outer loop
      vertex -19.4325 -0.270328 29.32
      vertex -19.4324 0.270213 29.32
      vertex -19.4324 -0.270221 29.32
    endloop
  endfacet
  facet normal 0 -0 -1
    outer loop
      vertex -18.3513 -1.89184 29.32
      vertex -18.3513 -2.43238 29.32
      vertex -18.8919 -2.43238 29.32
    endloop
  endfacet
  facet normal 0 0 -1
    outer loop
      vertex -22.1352 -1.35141 29.32
      vertex -21.5946 -1.89195 29.32
      vertex -22.1352 -1.89184 29.32
    endloop
  endfacet
  facet normal 0 0 -1
    outer loop
      vertex -22.1352 -1.35141 29.32
      vertex -22.6757 -0.810869 29.32
      vertex -22.1352 -0.810761 29.32
    endloop
  endfacet
  facet normal 0 0 -1
    outer loop
      vertex -21.0541 0.81086 29.32
      vertex -20.5135 0.81086 29.32
      vertex -21.0541 0.270213 29.32
    endloop
  endfacet
  facet normal 0 0 -1
    outer loop
      vertex -21.5945 -0.270221 29.32
      vertex -22.1352 0.27032 29.32
      vertex -21.5945 0.81086 29.32
    endloop
  endfacet
  facet normal 0 -0 -1
    outer loop
      vertex -23.7567 0.27032 29.32
      vertex -23.7567 -0.270328 29.32
      vertex -23.7568 0.270213 29.32
    endloop
  endfacet
  facet normal 0 0 -1
    outer loop
      vertex -22.6756 -0.810761 29.32
      vertex -22.6757 -0.810869 29.32
      vertex -23.2162 -0.810869 29.32
    endloop
  endfacet
  facet normal -0 -0 -1
    outer loop
      vertex -23.2162 -0.810869 29.32
      vertex -23.2162 -1.35141 29.32
      vertex -23.7567 -0.810761 29.32
    endloop
  endfacet
  facet normal -0 -0 -1
    outer loop
      vertex -23.7568 -0.270221 29.32
      vertex -23.7567 -0.810761 29.32
      vertex -24.2973 -0.270221 29.32
    endloop
  endfacet
  facet normal 0 -0 -1
    outer loop
      vertex -23.7567 -0.810761 29.32
      vertex -23.2162 -1.35141 29.32
      vertex -24.2973 -1.35141 29.32
    endloop
  endfacet
  facet normal 0 0 -1
    outer loop
      vertex -23.7567 -0.270328 29.32
      vertex -23.7567 0.27032 29.32
      vertex -23.2163 -0.270328 29.32
    endloop
  endfacet
  facet normal -0 0 -1
    outer loop
      vertex -21.5945 -0.270221 29.32
      vertex -22.1352 -0.270328 29.32
      vertex -22.1352 0.27032 29.32
    endloop
  endfacet
  facet normal 0 0 -1
    outer loop
      vertex -23.2162 -0.810869 29.32
      vertex -23.2163 -0.270328 29.32
      vertex -22.6756 -0.270328 29.32
    endloop
  endfacet
  facet normal 0 0 -1
    outer loop
      vertex -22.1352 -1.35141 29.32
      vertex -22.1352 -0.810761 29.32
      vertex -21.054 -1.35141 29.32
    endloop
  endfacet
  facet normal 0 0 -1
    outer loop
      vertex -22.1352 -0.810761 29.32
      vertex -22.1352 -0.270328 29.32
      vertex -21.5945 -0.270221 29.32
    endloop
  endfacet
  facet normal -0 0 -1
    outer loop
      vertex -22.6756 -0.810761 29.32
      vertex -23.2162 -0.810869 29.32
      vertex -22.6756 -0.270328 29.32
    endloop
  endfacet
  facet normal 0 0 -1
    outer loop
      vertex -22.1352 -0.270328 29.32
      vertex -22.6756 -0.270328 29.32
      vertex -22.1352 0.27032 29.32
    endloop
  endfacet
  facet normal 0 0 -1
    outer loop
      vertex -22.6756 -0.270328 29.32
      vertex -23.7567 0.27032 29.32
      vertex -22.1352 0.27032 29.32
    endloop
  endfacet
  facet normal 0 0 -1
    outer loop
      vertex -21.5946 -2.43238 29.32
      vertex -21.5946 -1.89195 29.32
      vertex -21.054 -1.35141 29.32
    endloop
  endfacet
  facet normal -0 0 -1
    outer loop
      vertex -21.5946 -2.43238 29.32
      vertex -22.1352 -2.43249 29.32
      vertex -22.1351 -2.43238 29.32
    endloop
  endfacet
  facet normal -0 0 -1
    outer loop
      vertex -22.1351 -2.43238 29.32
      vertex -22.1352 -2.43249 29.32
      vertex -22.1351 -1.89195 29.32
    endloop
  endfacet
  facet normal 0 0 -1
    outer loop
      vertex -21.5946 -1.89195 29.32
      vertex -22.1351 -1.89195 29.32
      vertex -22.1352 -1.89184 29.32
    endloop
  endfacet
  facet normal -0 0 -1
    outer loop
      vertex -22.1351 -1.89195 29.32
      vertex -22.1352 -2.43249 29.32
      vertex -22.1352 -1.89184 29.32
    endloop
  endfacet
  facet normal 0 -0 -1
    outer loop
      vertex -21.054 -7.83779 29.32
      vertex -20.5136 -7.83779 29.32
      vertex -21.0541 -8.37833 29.32
    endloop
  endfacet
  facet normal 0 0 -1
    outer loop
      vertex -18.8918 -8.91887 29.32
      vertex -19.4325 -8.37833 29.32
      vertex -18.8918 -7.8379 29.32
    endloop
  endfacet
  facet normal 0 0 -1
    outer loop
      vertex -20.5135 -7.8379 29.32
      vertex -20.5136 -7.29725 29.32
      vertex -19.4325 -7.8379 29.32
    endloop
  endfacet
  facet normal 0 0 -1
    outer loop
      vertex -20.5136 -7.83779 29.32
      vertex -20.5136 -7.29725 29.32
      vertex -20.5135 -7.8379 29.32
    endloop
  endfacet
  facet normal 0 0 -1
    outer loop
      vertex -19.4325 -7.8379 29.32
      vertex -20.5136 -7.29725 29.32
      vertex -18.3514 -7.29725 29.32
    endloop
  endfacet
  facet normal 0 0 -1
    outer loop
      vertex -19.9729 -6.75681 29.32
      vertex -20.5136 -6.75681 29.32
      vertex -20.5136 -6.21627 29.32
    endloop
  endfacet
  facet normal 0 0 -1
    outer loop
      vertex -21.0541 -7.8379 29.32
      vertex -21.054 -7.83779 29.32
      vertex -21.0541 -8.37833 29.32
    endloop
  endfacet
  facet normal -0 0 -1
    outer loop
      vertex -20.5136 -5.67563 29.32
      vertex -21.054 -6.21627 29.32
      vertex -21.054 -5.67563 29.32
    endloop
  endfacet
  facet normal 0 0 -1
    outer loop
      vertex -21.054 -6.21627 29.32
      vertex -21.5946 -6.21627 29.32
      vertex -21.054 -5.67563 29.32
    endloop
  endfacet
  facet normal 0 0 -1
    outer loop
      vertex -21.5946 -7.29725 29.32
      vertex -21.054 -6.21627 29.32
      vertex -21.054 -7.83779 29.32
    endloop
  endfacet
  facet normal 0 0 -1
    outer loop
      vertex -19.4325 -6.75681 29.32
      vertex -18.8919 -6.21617 29.32
      vertex -18.8918 -6.21627 29.32
    endloop
  endfacet
  facet normal -0 0 -1
    outer loop
      vertex -17.8108 -4.59454 29.32
      vertex -18.3513 -5.13519 29.32
      vertex -18.8919 -4.59454 29.32
    endloop
  endfacet
  facet normal 0 0 -1
    outer loop
      vertex -20.5136 -6.21627 29.32
      vertex -19.9729 -5.67573 29.32
      vertex -19.9729 -6.75681 29.32
    endloop
  endfacet
  facet normal 0 -0 -1
    outer loop
      vertex -19.4324 -4.59454 29.32
      vertex -18.8919 -4.59454 29.32
      vertex -19.4325 -4.59465 29.32
    endloop
  endfacet
  facet normal 0 0 -1
    outer loop
      vertex -18.8919 -5.67573 29.32
      vertex -18.3513 -5.13519 29.32
      vertex -18.3513 -6.21617 29.32
    endloop
  endfacet
  facet normal 0 0 -1
    outer loop
      vertex -19.4325 -6.21617 29.32
      vertex -18.8919 -6.21617 29.32
      vertex -19.4325 -6.75681 29.32
    endloop
  endfacet
  facet normal 0 0 -1
    outer loop
      vertex -18.8919 -6.21617 29.32
      vertex -18.8919 -5.67573 29.32
      vertex -18.3513 -6.21617 29.32
    endloop
  endfacet
  facet normal 0 0 -1
    outer loop
      vertex -19.4325 -6.75681 29.32
      vertex -18.8918 -6.21627 29.32
      vertex -18.8918 -6.75681 29.32
    endloop
  endfacet
  facet normal 0 0 -1
    outer loop
      vertex -17.8108 -6.75671 29.32
      vertex -17.8109 -7.29736 29.32
      vertex -18.3514 -7.29725 29.32
    endloop
  endfacet
  facet normal 0 0 -1
    outer loop
      vertex -18.8918 -6.21627 29.32
      vertex -18.8919 -6.21617 29.32
      vertex -18.3513 -6.21617 29.32
    endloop
  endfacet
  facet normal 0 0 -1
    outer loop
      vertex -18.3514 -6.21627 29.32
      vertex -18.8918 -6.21627 29.32
      vertex -18.3513 -6.21617 29.32
    endloop
  endfacet
  facet normal 0 -0 -1
    outer loop
      vertex -20.5135 -1.3513 29.32
      vertex -19.973 -1.89195 29.32
      vertex -20.5136 -1.35141 29.32
    endloop
  endfacet
  facet normal 0 0 -1
    outer loop
      vertex -19.9729 -4.59465 29.32
      vertex -20.5135 -4.054 29.32
      vertex -19.4324 -4.054 29.32
    endloop
  endfacet
  facet normal 0 0 -1
    outer loop
      vertex -20.5136 -3.51346 29.32
      vertex -19.973 -2.97292 29.32
      vertex -20.5135 -3.51357 29.32
    endloop
  endfacet
  facet normal 0 0 -1
    outer loop
      vertex -21.5946 -2.97303 29.32
      vertex -21.054 -3.51346 29.32
      vertex -21.0541 -3.51357 29.32
    endloop
  endfacet
  facet normal -0 0 -1
    outer loop
      vertex -19.973 -2.97292 29.32
      vertex -20.5136 -3.51346 29.32
      vertex -20.5136 -2.97292 29.32
    endloop
  endfacet
  facet normal 0 0 -1
    outer loop
      vertex -20.5136 -4.05411 29.32
      vertex -21.0541 -3.51357 29.32
      vertex -21.054 -3.51346 29.32
    endloop
  endfacet
  facet normal 0 0 -1
    outer loop
      vertex -20.5135 -1.3513 29.32
      vertex -20.5136 -1.35141 29.32
      vertex -21.054 -1.35141 29.32
    endloop
  endfacet
  facet normal -0 0 -1
    outer loop
      vertex -20.5135 -1.3513 29.32
      vertex -21.054 -1.35141 29.32
      vertex -20.5135 -0.270221 29.32
    endloop
  endfacet
  facet normal 0 0 -1
    outer loop
      vertex -21.054 -1.35141 29.32
      vertex -22.1352 -0.810761 29.32
      vertex -21.5945 -0.270221 29.32
    endloop
  endfacet
  facet normal 0 0 -1
    outer loop
      vertex -21.5946 -2.97303 29.32
      vertex -21.5946 -2.43238 29.32
      vertex -21.054 -3.51346 29.32
    endloop
  endfacet
  facet normal 0 0 -1
    outer loop
      vertex -21.5946 -2.43238 29.32
      vertex -21.054 -1.35141 29.32
      vertex -21.054 -3.51346 29.32
    endloop
  endfacet
  facet normal 0 0 -1
    outer loop
      vertex -20.5136 -1.89195 29.32
      vertex -20.5136 -1.35141 29.32
      vertex -19.973 -1.89195 29.32
    endloop
  endfacet
  facet normal 0 -0 -1
    outer loop
      vertex -20.5136 -4.59454 29.32
      vertex -20.5136 -5.13519 29.32
      vertex -21.054 -5.13519 29.32
    endloop
  endfacet
  facet normal 0 0 -1
    outer loop
      vertex -18.8919 -4.59454 29.32
      vertex -19.4325 -5.13509 29.32
      vertex -19.4325 -4.59465 29.32
    endloop
  endfacet
  facet normal 0 0 -1
    outer loop
      vertex -20.5136 -6.21627 29.32
      vertex -20.5136 -5.67563 29.32
      vertex -19.9729 -5.67573 29.32
    endloop
  endfacet
  facet normal 0 0 -1
    outer loop
      vertex -20.5136 -5.67563 29.32
      vertex -20.5136 -5.13519 29.32
      vertex -19.9729 -5.67573 29.32
    endloop
  endfacet
  facet normal 0 0 -1
    outer loop
      vertex -21.5946 -5.67563 29.32
      vertex -21.054 -5.67563 29.32
      vertex -21.5946 -6.21627 29.32
    endloop
  endfacet
  facet normal 0 0 -1
    outer loop
      vertex -21.5946 -4.59454 29.32
      vertex -21.054 -5.13519 29.32
      vertex -21.5946 -5.67563 29.32
    endloop
  endfacet
  facet normal 0 0 -1
    outer loop
      vertex -19.973 6.21627 29.32
      vertex -19.973 6.7567 29.32
      vertex -19.4325 6.21616 29.32
    endloop
  endfacet
  facet normal 0 0 -1
    outer loop
      vertex -20.5135 6.7567 29.32
      vertex -20.5136 6.75681 29.32
      vertex -19.9729 6.75681 29.32
    endloop
  endfacet
  facet normal 0 0 -1
    outer loop
      vertex -19.9729 6.21616 29.32
      vertex -19.973 6.21627 29.32
      vertex -19.4325 6.21616 29.32
    endloop
  endfacet
  facet normal 0 0 -1
    outer loop
      vertex -20.5135 6.21627 29.32
      vertex -20.5136 6.75681 29.32
      vertex -20.5135 6.7567 29.32
    endloop
  endfacet
  facet normal 0 0 -1
    outer loop
      vertex -21.0541 6.21616 29.32
      vertex -20.5135 6.21627 29.32
      vertex -21.0541 5.67562 29.32
    endloop
  endfacet
  facet normal 0 0 -1
    outer loop
      vertex -20.5135 6.7567 29.32
      vertex -19.9729 6.75681 29.32
      vertex -19.973 6.7567 29.32
    endloop
  endfacet
  facet normal 0 0 -1
    outer loop
      vertex -17.2703 -2.43238 29.32
      vertex -16.7297 -2.43249 29.32
      vertex -17.2703 -3.51346 29.32
    endloop
  endfacet
  facet normal -0 0 -1
    outer loop
      vertex -13.4864 4.0541 29.32
      vertex -14.027 3.51346 29.32
      vertex -14.5675 4.59464 29.32
    endloop
  endfacet
  facet normal 0 0 -1
    outer loop
      vertex -18.8919 -4.59454 29.32
      vertex -18.3514 -4.054 29.32
      vertex -17.8108 -4.59454 29.32
    endloop
  endfacet
  facet normal 0 0 -1
    outer loop
      vertex -20.5135 -3.51357 29.32
      vertex -19.973 -2.97292 29.32
      vertex -19.4324 -3.51357 29.32
    endloop
  endfacet
  facet normal 0 -0 -1
    outer loop
      vertex -18.8919 -4.59454 29.32
      vertex -18.3513 -5.13519 29.32
      vertex -19.4325 -5.13509 29.32
    endloop
  endfacet
  facet normal 0 -0 -1
    outer loop
      vertex -20.5135 -4.054 29.32
      vertex -19.9729 -4.59465 29.32
      vertex -20.5136 -4.59454 29.32
    endloop
  endfacet
  facet normal 0 0 -1
    outer loop
      vertex -19.9729 -5.67573 29.32
      vertex -20.5136 -5.13519 29.32
      vertex -19.9729 -5.13509 29.32
    endloop
  endfacet
  facet normal 0 0 -1
    outer loop
      vertex -20.5136 -4.59454 29.32
      vertex -20.5136 -4.05411 29.32
      vertex -20.5135 -4.054 29.32
    endloop
  endfacet
  facet normal -0 0 -1
    outer loop
      vertex -20.5135 -4.054 29.32
      vertex -20.5136 -4.05411 29.32
      vertex -20.5135 -3.51357 29.32
    endloop
  endfacet
  facet normal -0 0 -1
    outer loop
      vertex -20.5135 -3.51357 29.32
      vertex -20.5136 -4.05411 29.32
      vertex -20.5136 -3.51346 29.32
    endloop
  endfacet
  facet normal 0 0 -1
    outer loop
      vertex -19.4324 -3.51357 29.32
      vertex -19.973 -2.97292 29.32
      vertex -19.4324 -2.97303 29.32
    endloop
  endfacet
  facet normal 0 0 -1
    outer loop
      vertex -18.8919 -2.43238 29.32
      vertex -18.3513 -2.43238 29.32
      vertex -18.3514 -2.97303 29.32
    endloop
  endfacet
  facet normal -0 0 -1
    outer loop
      vertex -19.4324 -4.59454 29.32
      vertex -19.9729 -4.59465 29.32
      vertex -19.4324 -4.054 29.32
    endloop
  endfacet
  facet normal -0 0 -1
    outer loop
      vertex -19.4325 -5.13509 29.32
      vertex -19.9729 -5.67573 29.32
      vertex -19.9729 -5.13509 29.32
    endloop
  endfacet
  facet normal 0 0 -1
    outer loop
      vertex -18.8919 -5.67573 29.32
      vertex -19.4325 -5.13509 29.32
      vertex -18.3513 -5.13519 29.32
    endloop
  endfacet
  facet normal 0 0 -1
    outer loop
      vertex -19.9729 -5.13509 29.32
      vertex -20.5136 -4.59454 29.32
      vertex -19.9729 -4.59465 29.32
    endloop
  endfacet
  facet normal -0 0 -1
    outer loop
      vertex -19.9729 -5.13509 29.32
      vertex -20.5136 -5.13519 29.32
      vertex -20.5136 -4.59454 29.32
    endloop
  endfacet
  facet normal 0 0 -1
    outer loop
      vertex -19.9729 -4.59465 29.32
      vertex -19.4324 -4.59454 29.32
      vertex -19.4325 -4.59465 29.32
    endloop
  endfacet
  facet normal 0 0 -1
    outer loop
      vertex -19.4324 -1.35141 29.32
      vertex -19.4325 -1.3513 29.32
      vertex -18.8918 -0.810761 29.32
    endloop
  endfacet
  facet normal 0 0 -1
    outer loop
      vertex -16.7298 -1.3513 29.32
      vertex -16.1891 -1.35141 29.32
      vertex -16.7298 -2.43238 29.32
    endloop
  endfacet
  facet normal 0 0 -1
    outer loop
      vertex -15.6487 -3.51357 29.32
      vertex -16.1891 -3.51357 29.32
      vertex -15.6487 -2.97292 29.32
    endloop
  endfacet
  facet normal 0 0 -1
    outer loop
      vertex -15.6487 -2.97292 29.32
      vertex -16.1891 -3.51357 29.32
      vertex -16.1892 -3.51346 29.32
    endloop
  endfacet
  facet normal -0 0 -1
    outer loop
      vertex -15.1082 -2.43238 29.32
      vertex -15.6487 -2.97292 29.32
      vertex -15.6487 -2.43238 29.32
    endloop
  endfacet
  facet normal 0 -0 -1
    outer loop
      vertex -16.7297 -3.51346 29.32
      vertex -16.1891 -4.05411 29.32
      vertex -17.8108 -4.05411 29.32
    endloop
  endfacet
  facet normal 0 0 -1
    outer loop
      vertex -18.3514 -2.97303 29.32
      vertex -17.8108 -3.51346 29.32
      vertex -18.3514 -4.054 29.32
    endloop
  endfacet
  facet normal 0 0 -1
    outer loop
      vertex -17.8108 -3.51346 29.32
      vertex -17.2703 -3.51346 29.32
      vertex -17.8108 -4.05411 29.32
    endloop
  endfacet
  facet normal 0 0 -1
    outer loop
      vertex -17.8109 -1.89195 29.32
      vertex -17.8109 -1.3513 29.32
      vertex -17.2702 -1.3513 29.32
    endloop
  endfacet
  facet normal 0 -0 -1
    outer loop
      vertex -17.8108 -2.43238 29.32
      vertex -17.8108 -3.51346 29.32
      vertex -18.3514 -2.97303 29.32
    endloop
  endfacet
  facet normal -0 0 -1
    outer loop
      vertex -18.3513 -1.89184 29.32
      vertex -18.8919 -2.43238 29.32
      vertex -18.8919 -1.89184 29.32
    endloop
  endfacet
  facet normal 0 -0 -1
    outer loop
      vertex -18.3513 -2.43238 29.32
      vertex -17.8108 -2.43238 29.32
      vertex -18.3514 -2.97303 29.32
    endloop
  endfacet
  facet normal 0 -0 -1
    outer loop
      vertex -19.4324 -1.35141 29.32
      vertex -19.4324 -2.43238 29.32
      vertex -19.973 -1.89195 29.32
    endloop
  endfacet
  facet normal -0 0 -1
    outer loop
      vertex -18.8919 -2.43238 29.32
      vertex -19.4324 -2.97303 29.32
      vertex -19.4324 -2.43238 29.32
    endloop
  endfacet
  facet normal 0 -0 -1
    outer loop
      vertex -18.8919 -2.43238 29.32
      vertex -18.3514 -2.97303 29.32
      vertex -19.4324 -2.97303 29.32
    endloop
  endfacet
  facet normal -0 0 -1
    outer loop
      vertex -19.4324 -2.43238 29.32
      vertex -19.973 -2.97292 29.32
      vertex -19.973 -1.89195 29.32
    endloop
  endfacet
  facet normal 0 -0 -1
    outer loop
      vertex -19.4325 -1.3513 29.32
      vertex -19.4324 -1.35141 29.32
      vertex -19.973 -1.89195 29.32
    endloop
  endfacet
  facet normal -0 -0 -1
    outer loop
      vertex -18.3513 -0.810761 29.32
      vertex -18.3513 -1.35141 29.32
      vertex -18.8918 -0.810761 29.32
    endloop
  endfacet
  facet normal -0 0 -1
    outer loop
      vertex -18.8918 -0.810761 29.32
      vertex -19.4325 -1.3513 29.32
      vertex -19.4325 -0.270328 29.32
    endloop
  endfacet
  facet normal -0 -0 -1
    outer loop
      vertex -18.8918 -0.270221 29.32
      vertex -18.8918 -0.810761 29.32
      vertex -19.4324 -0.270221 29.32
    endloop
  endfacet
  facet normal -0 0 -1
    outer loop
      vertex -19.4324 0.270213 29.32
      vertex -19.973 -0.270328 29.32
      vertex -19.973 0.81086 29.32
    endloop
  endfacet
  facet normal 0 -0 -1
    outer loop
      vertex -19.4324 -0.270221 29.32
      vertex -18.8918 -0.810761 29.32
      vertex -19.4325 -0.270328 29.32
    endloop
  endfacet
  facet normal -0 -0 -1
    outer loop
      vertex -19.4325 0.81086 29.32
      vertex -19.4324 0.270213 29.32
      vertex -19.973 0.81086 29.32
    endloop
  endfacet
  facet normal -0 0 -1
    outer loop
      vertex -18.8918 0.810753 29.32
      vertex -19.4324 0.270213 29.32
      vertex -19.4325 0.81086 29.32
    endloop
  endfacet
  facet normal 0 0 -1
    outer loop
      vertex -17.8109 0.810753 29.32
      vertex -18.8918 0.810753 29.32
      vertex -18.3514 1.89194 29.32
    endloop
  endfacet
  facet normal -0 0 -1
    outer loop
      vertex -17.2703 2.97302 29.32
      vertex -17.8109 2.43248 29.32
      vertex -17.8109 2.97302 29.32
    endloop
  endfacet
  facet normal 0 0 -1
    outer loop
      vertex -16.1891 0.81086 29.32
      vertex -16.1892 0.810753 29.32
      vertex -16.7297 0.810753 29.32
    endloop
  endfacet
  facet normal 0 0 -1
    outer loop
      vertex -13.4865 1.89183 29.32
      vertex -14.0271 1.89194 29.32
      vertex -14.0271 2.43248 29.32
    endloop
  endfacet
  facet normal 0 0 -1
    outer loop
      vertex -17.2703 0.270213 29.32
      vertex -17.8109 0.270213 29.32
      vertex -17.8109 0.810753 29.32
    endloop
  endfacet
  facet normal 0 0 -1
    outer loop
      vertex -17.8109 -0.810869 29.32
      vertex -17.8109 -0.270221 29.32
      vertex -17.2703 -0.270221 29.32
    endloop
  endfacet
  facet normal 0 -0 -1
    outer loop
      vertex -17.2703 -0.270221 29.32
      vertex -16.1892 -0.810869 29.32
      vertex -17.8109 -0.810869 29.32
    endloop
  endfacet
  facet normal 0 0 -1
    outer loop
      vertex -17.2702 -1.89195 29.32
      vertex -17.8109 -1.89195 29.32
      vertex -17.2702 -1.3513 29.32
    endloop
  endfacet
  facet normal 0 0 -1
    outer loop
      vertex -19.4325 4.0541 29.32
      vertex -18.8918 2.97292 29.32
      vertex -19.4325 2.97292 29.32
    endloop
  endfacet
  facet normal 0 0 -1
    outer loop
      vertex -12.4053 -0.810761 29.32
      vertex -11.8648 -0.810761 29.32
      vertex -11.8648 -1.3513 29.32
    endloop
  endfacet
  facet normal 0 0 -1
    outer loop
      vertex -15.6487 0.81086 29.32
      vertex -15.6487 1.89194 29.32
      vertex -15.1081 1.35129 29.32
    endloop
  endfacet
  facet normal 0 0 -1
    outer loop
      vertex -19.973 1.89183 29.32
      vertex -19.4325 2.43248 29.32
      vertex -19.4324 1.89194 29.32
    endloop
  endfacet
  facet normal 0 -0 -1
    outer loop
      vertex -15.1081 1.35129 29.32
      vertex -15.1081 0.81086 29.32
      vertex -15.6487 0.81086 29.32
    endloop
  endfacet
  facet normal 0 0 -1
    outer loop
      vertex -19.4325 2.43248 29.32
      vertex -19.4325 2.97292 29.32
      vertex -18.8918 2.97292 29.32
    endloop
  endfacet
  facet normal 0 0 -1
    outer loop
      vertex -19.4324 2.43237 29.32
      vertex -19.4325 2.43248 29.32
      vertex -18.8918 2.97292 29.32
    endloop
  endfacet
  facet normal 0 0 -1
    outer loop
      vertex -17.8109 0.810753 29.32
      vertex -17.8108 1.89194 29.32
      vertex -16.7298 1.89194 29.32
    endloop
  endfacet
  facet normal 0 0 -1
    outer loop
      vertex -19.4324 1.89194 29.32
      vertex -19.4325 2.43248 29.32
      vertex -19.4324 2.43237 29.32
    endloop
  endfacet
  facet normal 0 0 -1
    outer loop
      vertex -19.4325 1.35129 29.32
      vertex -19.4324 1.89194 29.32
      vertex -18.3514 1.89194 29.32
    endloop
  endfacet
  facet normal 0 0 -1
    outer loop
      vertex -19.4324 2.43237 29.32
      vertex -18.8918 2.97292 29.32
      vertex -18.8918 2.43237 29.32
    endloop
  endfacet
  facet normal 0 0 -1
    outer loop
      vertex -18.8918 2.97292 29.32
      vertex -18.3513 3.51346 29.32
      vertex -18.3513 2.97292 29.32
    endloop
  endfacet
  facet normal 0 0 -1
    outer loop
      vertex -17.2703 3.51346 29.32
      vertex -18.3513 4.0541 29.32
      vertex -16.7297 4.0541 29.32
    endloop
  endfacet
  facet normal -0 0 -1
    outer loop
      vertex -18.3513 3.51346 29.32
      vertex -18.8918 2.97292 29.32
      vertex -19.4325 4.0541 29.32
    endloop
  endfacet
  facet normal 0 0 -1
    outer loop
      vertex -15.6487 6.75681 29.32
      vertex -15.1081 7.29735 29.32
      vertex -15.1081 6.21616 29.32
    endloop
  endfacet
  facet normal 0 0 -1
    outer loop
      vertex -13.4865 1.89183 29.32
      vertex -14.027 1.89183 29.32
      vertex -14.0271 1.89194 29.32
    endloop
  endfacet
  facet normal 0 0 -1
    outer loop
      vertex -17.2703 3.51346 29.32
      vertex -16.7297 3.51356 29.32
      vertex -17.2702 2.97292 29.32
    endloop
  endfacet
  facet normal 0 0 -1
    outer loop
      vertex -17.2703 6.75681 29.32
      vertex -16.1891 6.75681 29.32
      vertex -16.7297 6.21616 29.32
    endloop
  endfacet
  facet normal -0 0 -1
    outer loop
      vertex -12.9459 0.81086 29.32
      vertex -13.4865 0.27032 29.32
      vertex -13.4865 0.81086 29.32
    endloop
  endfacet
  facet normal 0 0 -1
    outer loop
      vertex -16.1892 3.51356 29.32
      vertex -16.1892 4.0541 29.32
      vertex -15.6487 4.0541 29.32
    endloop
  endfacet
  facet normal 0 0 -1
    outer loop
      vertex -17.2702 2.97292 29.32
      vertex -17.2703 2.97302 29.32
      vertex -17.2703 3.51346 29.32
    endloop
  endfacet
  facet normal 0 0 -1
    outer loop
      vertex -18.3513 5.67572 29.32
      vertex -17.8109 5.67572 29.32
      vertex -17.8108 5.67562 29.32
    endloop
  endfacet
  facet normal 0 -0 -1
    outer loop
      vertex -16.7297 4.0541 29.32
      vertex -16.7297 3.51356 29.32
      vertex -17.2703 3.51346 29.32
    endloop
  endfacet
  facet normal -0 -0 -1
    outer loop
      vertex -18.3513 4.59464 29.32
      vertex -18.3513 4.0541 29.32
      vertex -18.8918 4.59464 29.32
    endloop
  endfacet
  facet normal 0 0 -1
    outer loop
      vertex -18.3513 4.0541 29.32
      vertex -17.2703 3.51346 29.32
      vertex -18.3513 3.51346 29.32
    endloop
  endfacet
  facet normal 0 0 -1
    outer loop
      vertex -18.8918 5.13508 29.32
      vertex -19.4325 6.21616 29.32
      vertex -18.3513 5.67572 29.32
    endloop
  endfacet
  facet normal 0 0 -1
    outer loop
      vertex -19.4325 4.0541 29.32
      vertex -19.4325 4.59454 29.32
      vertex -18.8918 4.59464 29.32
    endloop
  endfacet
  facet normal -0 0 -1
    outer loop
      vertex -18.8918 4.59464 29.32
      vertex -19.4325 4.59454 29.32
      vertex -19.4325 5.13518 29.32
    endloop
  endfacet
  facet normal 0 0 -1
    outer loop
      vertex -18.8918 5.13508 29.32
      vertex -19.4325 5.13518 29.32
      vertex -19.4325 6.21616 29.32
    endloop
  endfacet
  facet normal -0 0 -1
    outer loop
      vertex -17.2703 6.75681 29.32
      vertex -17.8109 6.21616 29.32
      vertex -17.8108 6.75681 29.32
    endloop
  endfacet
  facet normal 0 0 -1
    outer loop
      vertex -19.4325 6.21616 29.32
      vertex -18.3513 6.21616 29.32
      vertex -18.3513 5.67572 29.32
    endloop
  endfacet
  facet normal 0 0 -1
    outer loop
      vertex -16.7297 6.21616 29.32
      vertex -16.1891 6.75681 29.32
      vertex -16.1892 6.21616 29.32
    endloop
  endfacet
  facet normal 0 -0 -1
    outer loop
      vertex -17.2703 6.75681 29.32
      vertex -16.7297 6.21616 29.32
      vertex -17.8109 6.21616 29.32
    endloop
  endfacet
  facet normal 0 0 -1
    outer loop
      vertex -16.1892 6.21616 29.32
      vertex -15.6487 5.67562 29.32
      vertex -16.1892 5.67562 29.32
    endloop
  endfacet
  facet normal 0 0 -1
    outer loop
      vertex -16.1892 6.21616 29.32
      vertex -15.6487 6.75681 29.32
      vertex -15.6487 5.67562 29.32
    endloop
  endfacet
  facet normal 0 0 -1
    outer loop
      vertex -19.4325 -8.37833 29.32
      vertex -19.4325 -7.8379 29.32
      vertex -18.8918 -7.8379 29.32
    endloop
  endfacet
  facet normal -0 0 -1
    outer loop
      vertex -17.8109 -8.91887 29.32
      vertex -18.3513 -9.45952 29.32
      vertex -18.8918 -8.91887 29.32
    endloop
  endfacet
  facet normal -0 0 -1
    outer loop
      vertex -18.8918 -8.91887 29.32
      vertex -18.8919 -8.91898 29.32
      vertex -19.4325 -8.37833 29.32
    endloop
  endfacet
  facet normal 0 0 -1
    outer loop
      vertex -18.8918 -7.8379 29.32
      vertex -19.4325 -7.8379 29.32
      vertex -18.3514 -7.29725 29.32
    endloop
  endfacet
  facet normal 0 0 -1
    outer loop
      vertex -17.8109 -8.37844 29.32
      vertex -18.3514 -7.8379 29.32
      vertex -17.8109 -7.83779 29.32
    endloop
  endfacet
  facet normal 0 0 -1
    outer loop
      vertex -18.3514 -7.8379 29.32
      vertex -18.8918 -7.8379 29.32
      vertex -18.3513 -7.83779 29.32
    endloop
  endfacet
  facet normal 0 0 -1
    outer loop
      vertex -18.3514 -8.37844 29.32
      vertex -18.3514 -7.8379 29.32
      vertex -17.8109 -8.37844 29.32
    endloop
  endfacet
  facet normal -0 0 -1
    outer loop
      vertex -16.1891 -6.75681 29.32
      vertex -16.1892 -7.29736 29.32
      vertex -16.1892 -6.75671 29.32
    endloop
  endfacet
  facet normal 0 0 -1
    outer loop
      vertex -18.8918 -7.8379 29.32
      vertex -18.3514 -7.29725 29.32
      vertex -18.3513 -7.29736 29.32
    endloop
  endfacet
  facet normal 0 -0 -1
    outer loop
      vertex -18.3513 -7.29736 29.32
      vertex -18.3513 -7.83779 29.32
      vertex -18.8918 -7.8379 29.32
    endloop
  endfacet
  facet normal 0 -0 -1
    outer loop
      vertex -18.3513 -7.83779 29.32
      vertex -17.8109 -7.83779 29.32
      vertex -18.3514 -7.8379 29.32
    endloop
  endfacet
  facet normal 0 0 -1
    outer loop
      vertex -18.3513 -7.29736 29.32
      vertex -18.3514 -7.29725 29.32
      vertex -17.8109 -7.29736 29.32
    endloop
  endfacet
  facet normal 0 0 -1
    outer loop
      vertex -17.8108 5.67562 29.32
      vertex -17.8109 6.21616 29.32
      vertex -16.7297 6.21616 29.32
    endloop
  endfacet
  facet normal 0 0 -1
    outer loop
      vertex -18.3513 6.21616 29.32
      vertex -18.8919 6.75681 29.32
      vertex -17.8108 6.75681 29.32
    endloop
  endfacet
  facet normal -0 -0 -1
    outer loop
      vertex -17.8108 5.67562 29.32
      vertex -17.8108 5.13508 29.32
      vertex -18.3513 5.67572 29.32
    endloop
  endfacet
  facet normal 0 0 -1
    outer loop
      vertex -18.8918 5.13508 29.32
      vertex -18.3513 5.67572 29.32
      vertex -17.8108 5.13508 29.32
    endloop
  endfacet
  facet normal 0 0 -1
    outer loop
      vertex -17.8109 6.21616 29.32
      vertex -18.3513 6.21616 29.32
      vertex -17.8108 6.75681 29.32
    endloop
  endfacet
  facet normal 0 0 -1
    outer loop
      vertex -18.3513 6.21616 29.32
      vertex -19.4325 6.21616 29.32
      vertex -18.8919 6.75681 29.32
    endloop
  endfacet
  facet normal -0 0 -1
    outer loop
      vertex -17.2702 -6.21617 29.32
      vertex -17.2703 -6.21627 29.32
      vertex -17.8109 -6.21617 29.32
    endloop
  endfacet
  facet normal -0 0 -1
    outer loop
      vertex -17.2702 -6.75681 29.32
      vertex -17.8109 -7.29736 29.32
      vertex -17.8108 -6.75671 29.32
    endloop
  endfacet
  facet normal 0 0 -1
    outer loop
      vertex -17.2702 -6.75681 29.32
      vertex -16.7298 -6.21617 29.32
      vertex -16.7298 -6.75681 29.32
    endloop
  endfacet
  facet normal 0 0 -1
    outer loop
      vertex -18.3514 -6.21627 29.32
      vertex -17.8109 -6.21617 29.32
      vertex -17.8108 -6.21627 29.32
    endloop
  endfacet
  facet normal 0 0 -1
    outer loop
      vertex -17.8108 -6.75671 29.32
      vertex -18.3514 -6.21627 29.32
      vertex -17.8108 -6.21627 29.32
    endloop
  endfacet
  facet normal 0 0 -1
    outer loop
      vertex -17.8108 -6.21627 29.32
      vertex -17.8109 -6.21617 29.32
      vertex -17.2703 -6.21627 29.32
    endloop
  endfacet
  facet normal -0 -0 -1
    outer loop
      vertex -7.54059 0.27032 29.32
      vertex -7.54048 0.270213 29.32
      vertex -8.08102 0.27032 29.32
    endloop
  endfacet
  facet normal 0 0 -1
    outer loop
      vertex -8.08102 -1.89195 29.32
      vertex -7.54059 -1.3513 29.32
      vertex -7.54059 -1.89195 29.32
    endloop
  endfacet
  facet normal 0 0 -1
    outer loop
      vertex -7.54059 -1.3513 29.32
      vertex -7.54059 -0.810869 29.32
      vertex -7.54048 -1.35141 29.32
    endloop
  endfacet
  facet normal 0 0 -1
    outer loop
      vertex -8.08113 -1.89184 29.32
      vertex -8.08113 -1.3513 29.32
      vertex -7.54059 -1.3513 29.32
    endloop
  endfacet
  facet normal -0 -0 -1
    outer loop
      vertex -7.54048 0.270213 29.32
      vertex -7.54048 -0.810761 29.32
      vertex -8.08102 0.27032 29.32
    endloop
  endfacet
  facet normal 0 0 -1
    outer loop
      vertex -8.08102 -1.89195 29.32
      vertex -8.08113 -1.89184 29.32
      vertex -7.54059 -1.3513 29.32
    endloop
  endfacet
  facet normal 0 0 -1
    outer loop
      vertex -8.62156 -2.43249 29.32
      vertex -8.62156 -1.89184 29.32
      vertex -8.08113 -1.89184 29.32
    endloop
  endfacet
  facet normal 0 -0 -1
    outer loop
      vertex -10.2432 1.89194 29.32
      vertex -9.70265 1.3514 29.32
      vertex -10.2433 1.89183 29.32
    endloop
  endfacet
  facet normal -0 0 -1
    outer loop
      vertex -7.54048 -0.810761 29.32
      vertex -7.54059 -0.810869 29.32
      vertex -8.08102 0.27032 29.32
    endloop
  endfacet
  facet normal -0 -0 -1
    outer loop
      vertex -10.7837 -1.89184 29.32
      vertex -10.7837 -2.43238 29.32
      vertex -11.3243 -1.89184 29.32
    endloop
  endfacet
  facet normal 0 0 -1
    outer loop
      vertex -9.70275 -2.97303 29.32
      vertex -8.62167 -2.43238 29.32
      vertex -8.62156 -2.43249 29.32
    endloop
  endfacet
  facet normal 0 0 -1
    outer loop
      vertex -9.16221 -1.3513 29.32
      vertex -8.62156 -1.89184 29.32
      vertex -8.62167 -1.89195 29.32
    endloop
  endfacet
  facet normal 0 0 -1
    outer loop
      vertex -8.62167 -1.89195 29.32
      vertex -8.62156 -1.89184 29.32
      vertex -8.62156 -2.43249 29.32
    endloop
  endfacet
  facet normal 0 0 -1
    outer loop
      vertex -8.62167 -2.43238 29.32
      vertex -8.62167 -1.89195 29.32
      vertex -8.62156 -2.43249 29.32
    endloop
  endfacet
  facet normal 0 0 -1
    outer loop
      vertex -10.7838 -2.43249 29.32
      vertex -10.7837 -2.43238 29.32
      vertex -10.7838 -2.97303 29.32
    endloop
  endfacet
  facet normal 0 0 -1
    outer loop
      vertex -9.70275 -2.97303 29.32
      vertex -10.7837 -2.43238 29.32
      vertex -8.62167 -2.43238 29.32
    endloop
  endfacet
  facet normal 0 0 -1
    outer loop
      vertex -11.3243 -1.89184 29.32
      vertex -11.8648 -1.3513 29.32
      vertex -11.3243 -1.3513 29.32
    endloop
  endfacet
  facet normal 0 -0 -1
    outer loop
      vertex -12.9459 -3.51357 29.32
      vertex -12.9459 -4.05411 29.32
      vertex -13.4864 -4.05411 29.32
    endloop
  endfacet
  facet normal 0 0 -1
    outer loop
      vertex -16.7298 -2.43238 29.32
      vertex -16.1891 -2.43249 29.32
      vertex -16.7297 -2.43249 29.32
    endloop
  endfacet
  facet normal 0 0 -1
    outer loop
      vertex -15.6486 -0.810869 29.32
      vertex -15.1082 -0.270221 29.32
      vertex -15.1081 -0.270328 29.32
    endloop
  endfacet
  facet normal 0 0 -1
    outer loop
      vertex -11.3243 -0.270328 29.32
      vertex -12.4053 -0.270328 29.32
      vertex -11.8648 0.27032 29.32
    endloop
  endfacet
  facet normal 0 0 -1
    outer loop
      vertex -12.4055 0.81086 29.32
      vertex -11.8648 0.81086 29.32
      vertex -12.4055 0.27032 29.32
    endloop
  endfacet
  facet normal 0 0 -1
    outer loop
      vertex -11.3243 -0.270328 29.32
      vertex -11.8648 0.27032 29.32
      vertex -11.3243 0.27032 29.32
    endloop
  endfacet
  facet normal -0 0 -1
    outer loop
      vertex -9.70265 5.13514 29.32
      vertex -11.3244 4.0541 29.32
      vertex -11.3244 5.13514 29.32
    endloop
  endfacet
  facet normal 0 -0 -1
    outer loop
      vertex -12.9459 0.81086 29.32
      vertex -12.9459 0.27032 29.32
      vertex -13.4865 0.27032 29.32
    endloop
  endfacet
  facet normal 0 0 -1
    outer loop
      vertex -12.4055 0.27032 29.32
      vertex -11.8648 0.81086 29.32
      vertex -11.8648 0.27032 29.32
    endloop
  endfacet
  facet normal 0 -0 -1
    outer loop
      vertex -10.2432 3.51346 29.32
      vertex -10.2432 1.89194 29.32
      vertex -10.7838 2.97292 29.32
    endloop
  endfacet
  facet normal 0 0 -1
    outer loop
      vertex -12.9459 0.27032 29.32
      vertex -12.4055 0.27032 29.32
      vertex -12.4053 -0.270328 29.32
    endloop
  endfacet
  facet normal 0 0 -1
    outer loop
      vertex -12.4055 0.27032 29.32
      vertex -11.8648 0.27032 29.32
      vertex -12.4053 -0.270328 29.32
    endloop
  endfacet
  facet normal 0 -0 -1
    outer loop
      vertex -12.9459 0.27032 29.32
      vertex -12.4053 -0.270328 29.32
      vertex -13.4865 -0.270328 29.32
    endloop
  endfacet
  facet normal 0 0 -1
    outer loop
      vertex -15.1081 0.81086 29.32
      vertex -15.1082 0.810753 29.32
      vertex -15.6486 0.810753 29.32
    endloop
  endfacet
  facet normal 0 0 -1
    outer loop
      vertex -16.1892 -1.3513 29.32
      vertex -16.1892 -0.810869 29.32
      vertex -16.1891 -1.35141 29.32
    endloop
  endfacet
  facet normal 0 0 -1
    outer loop
      vertex -16.1891 -1.35141 29.32
      vertex -15.6486 -1.3513 29.32
      vertex -15.6487 -1.35141 29.32
    endloop
  endfacet
  facet normal 0 0 -1
    outer loop
      vertex -16.1891 0.81086 29.32
      vertex -15.6486 0.810753 29.32
      vertex -16.1891 0.270213 29.32
    endloop
  endfacet
  facet normal 0 -0 -1
    outer loop
      vertex -16.1891 2.43248 29.32
      vertex -16.1891 0.81086 29.32
      vertex -16.7298 1.89194 29.32
    endloop
  endfacet
  facet normal 0 0 -1
    outer loop
      vertex -16.1891 0.270213 29.32
      vertex -16.1892 0.27032 29.32
      vertex -16.1891 0.81086 29.32
    endloop
  endfacet
  facet normal 0 0 -1
    outer loop
      vertex -16.7298 2.43248 29.32
      vertex -16.1891 2.43248 29.32
      vertex -16.7298 1.89194 29.32
    endloop
  endfacet
  facet normal 0 0 -1
    outer loop
      vertex -12.9459 1.89194 29.32
      vertex -11.8648 1.89194 29.32
      vertex -11.8648 1.35129 29.32
    endloop
  endfacet
  facet normal 0 0 -1
    outer loop
      vertex -14.027 1.35129 29.32
      vertex -14.0271 1.89194 29.32
      vertex -14.027 1.89183 29.32
    endloop
  endfacet
  facet normal 0 0 -1
    outer loop
      vertex -14.0271 2.43248 29.32
      vertex -12.9459 2.43248 29.32
      vertex -13.4865 1.89183 29.32
    endloop
  endfacet
  facet normal -0 0 -1
    outer loop
      vertex -12.9459 1.89194 29.32
      vertex -13.4865 1.89183 29.32
      vertex -12.9459 2.43248 29.32
    endloop
  endfacet
  facet normal 0 0 -1
    outer loop
      vertex -13.4865 1.89183 29.32
      vertex -12.9459 1.89194 29.32
      vertex -13.4865 1.35129 29.32
    endloop
  endfacet
  facet normal 0 -0 -1
    outer loop
      vertex -12.9459 1.89194 29.32
      vertex -11.8648 1.35129 29.32
      vertex -13.4865 1.35129 29.32
    endloop
  endfacet
  facet normal 0 0 -1
    outer loop
      vertex -11.8649 3.51346 29.32
      vertex -10.7838 2.97292 29.32
      vertex -11.8649 2.97292 29.32
    endloop
  endfacet
  facet normal 0 0 -1
    outer loop
      vertex -15.1082 2.97292 29.32
      vertex -15.1082 3.51346 29.32
      vertex -14.027 3.51346 29.32
    endloop
  endfacet
  facet normal 0 0 -1
    outer loop
      vertex -15.1081 7.29735 29.32
      vertex -14.5676 6.21616 29.32
      vertex -15.1081 6.21616 29.32
    endloop
  endfacet
  facet normal 0 0 -1
    outer loop
      vertex -16.7297 3.51356 29.32
      vertex -16.1891 3.51346 29.32
      vertex -16.1891 2.97292 29.32
    endloop
  endfacet
  facet normal 0 -0 -1
    outer loop
      vertex -14.0271 1.89194 29.32
      vertex -14.027 1.35129 29.32
      vertex -15.1081 1.35129 29.32
    endloop
  endfacet
  facet normal 0 0 -1
    outer loop
      vertex -15.1081 1.35129 29.32
      vertex -15.6487 1.89194 29.32
      vertex -14.0271 1.89194 29.32
    endloop
  endfacet
  facet normal 0 0 -1
    outer loop
      vertex -17.8109 2.43248 29.32
      vertex -17.2703 2.97302 29.32
      vertex -17.8108 2.43237 29.32
    endloop
  endfacet
  facet normal 0 0 -1
    outer loop
      vertex -16.1892 0.27032 29.32
      vertex -16.1892 0.810753 29.32
      vertex -16.1891 0.81086 29.32
    endloop
  endfacet
  facet normal -0 0 -1
    outer loop
      vertex -16.7297 0.27032 29.32
      vertex -17.2703 0.270213 29.32
      vertex -16.7297 0.810753 29.32
    endloop
  endfacet
  facet normal 0 0 -1
    outer loop
      vertex -16.1891 3.51346 29.32
      vertex -16.1892 3.51356 29.32
      vertex -15.6487 4.0541 29.32
    endloop
  endfacet
  facet normal -0 0 -1
    outer loop
      vertex -16.7297 0.810753 29.32
      vertex -17.2703 0.270213 29.32
      vertex -17.8109 0.810753 29.32
    endloop
  endfacet
  facet normal 0 -0 -1
    outer loop
      vertex -17.8108 2.43237 29.32
      vertex -17.8108 1.89194 29.32
      vertex -18.3514 1.89194 29.32
    endloop
  endfacet
  facet normal -0 0 -1
    outer loop
      vertex -17.8108 1.89194 29.32
      vertex -17.8109 0.810753 29.32
      vertex -18.3514 1.89194 29.32
    endloop
  endfacet
  facet normal 0 0 -1
    outer loop
      vertex -17.2702 2.43237 29.32
      vertex -17.8108 2.43237 29.32
      vertex -17.2702 2.97292 29.32
    endloop
  endfacet
  facet normal -0 0 -1
    outer loop
      vertex -17.8108 2.43237 29.32
      vertex -18.3514 1.89194 29.32
      vertex -17.8109 2.43248 29.32
    endloop
  endfacet
  facet normal 0 -0 -1
    outer loop
      vertex -17.2703 2.97302 29.32
      vertex -17.2702 2.97292 29.32
      vertex -17.8108 2.43237 29.32
    endloop
  endfacet
  facet normal 0 0 -1
    outer loop
      vertex -16.7297 3.51356 29.32
      vertex -16.1892 3.51356 29.32
      vertex -16.1891 3.51346 29.32
    endloop
  endfacet
  facet normal 0 -0 -1
    outer loop
      vertex -16.7297 3.51356 29.32
      vertex -16.1891 2.97292 29.32
      vertex -17.2702 2.97292 29.32
    endloop
  endfacet
  facet normal 0 -0 -1
    outer loop
      vertex -15.6487 4.0541 29.32
      vertex -15.1082 3.51346 29.32
      vertex -16.1891 3.51346 29.32
    endloop
  endfacet
  facet normal 0 0 -1
    outer loop
      vertex -13.4865 2.97292 29.32
      vertex -12.9459 3.51346 29.32
      vertex -12.9459 2.97292 29.32
    endloop
  endfacet
  facet normal 0 0 -1
    outer loop
      vertex -14.027 2.97292 29.32
      vertex -15.1082 2.97292 29.32
      vertex -14.027 3.51346 29.32
    endloop
  endfacet
  facet normal 0 0 -1
    outer loop
      vertex -13.4864 5.13518 29.32
      vertex -14.027 6.21627 29.32
      vertex -13.4864 6.21627 29.32
    endloop
  endfacet
  facet normal -0 0 -1
    outer loop
      vertex -13.4864 5.13518 29.32
      vertex -13.4865 5.13508 29.32
      vertex -14.027 6.21627 29.32
    endloop
  endfacet
  facet normal 0 -0 -1
    outer loop
      vertex -15.1081 5.67572 29.32
      vertex -14.5675 5.13508 29.32
      vertex -15.6487 5.67562 29.32
    endloop
  endfacet
  facet normal -0 0 -1
    outer loop
      vertex -12.9459 3.51346 29.32
      vertex -13.4865 2.97292 29.32
      vertex -13.4865 3.51346 29.32
    endloop
  endfacet
  facet normal 0 0 -1
    outer loop
      vertex -13.4865 4.59464 29.32
      vertex -13.4864 5.13518 29.32
      vertex -13.4864 4.59454 29.32
    endloop
  endfacet
  facet normal 0 0 -1
    outer loop
      vertex -10.7838 2.97292 29.32
      vertex -10.2432 1.89194 29.32
      vertex -10.7838 2.43248 29.32
    endloop
  endfacet
  facet normal -0 0 -1
    outer loop
      vertex -10.2432 3.51346 29.32
      vertex -10.7838 2.97292 29.32
      vertex -11.3244 4.0541 29.32
    endloop
  endfacet
  facet normal -0 0 -1
    outer loop
      vertex -10.7837 1.89183 29.32
      vertex -11.3244 1.35129 29.32
      vertex -11.3244 2.43248 29.32
    endloop
  endfacet
  facet normal 0 0 -1
    outer loop
      vertex -11.3244 1.35129 29.32
      vertex -10.7837 1.89183 29.32
      vertex -10.7837 1.35129 29.32
    endloop
  endfacet
  facet normal 0 0 -1
    outer loop
      vertex -11.3244 2.43248 29.32
      vertex -10.7838 2.43248 29.32
      vertex -10.7837 1.89183 29.32
    endloop
  endfacet
  facet normal 0 0 -1
    outer loop
      vertex -10.7837 1.89183 29.32
      vertex -10.7838 2.43248 29.32
      vertex -10.2432 1.89194 29.32
    endloop
  endfacet
  facet normal 0 0 -1
    outer loop
      vertex -10.2433 1.89183 29.32
      vertex -10.7837 1.89183 29.32
      vertex -10.2432 1.89194 29.32
    endloop
  endfacet
  facet normal -0 0 -1
    outer loop
      vertex -9.70265 1.3514 29.32
      vertex -10.2433 0.810753 29.32
      vertex -10.2433 1.89183 29.32
    endloop
  endfacet
  facet normal 0 0 -1
    outer loop
      vertex -9.16221 1.3514 29.32
      vertex -9.16221 1.89183 29.32
      vertex -9.1621 1.89194 29.32
    endloop
  endfacet
  facet normal 0 0 -1
    outer loop
      vertex -8.62167 -0.270221 29.32
      vertex -8.08102 0.27032 29.32
      vertex -7.54059 -0.810869 29.32
    endloop
  endfacet
  facet normal 0 0 -1
    outer loop
      vertex -8.62167 0.270213 29.32
      vertex -9.16221 0.270213 29.32
      vertex -9.16221 0.810753 29.32
    endloop
  endfacet
  facet normal 0 0 -1
    outer loop
      vertex -9.16221 -0.270221 29.32
      vertex -8.62167 -0.270221 29.32
      vertex -9.16221 -0.810869 29.32
    endloop
  endfacet
  facet normal 0 -0 -1
    outer loop
      vertex -8.62167 -0.270221 29.32
      vertex -7.54059 -0.810869 29.32
      vertex -9.16221 -0.810869 29.32
    endloop
  endfacet
  facet normal -0 0 -1
    outer loop
      vertex -10.2432 -0.270221 29.32
      vertex -10.7838 -0.810869 29.32
      vertex -10.7838 -0.270221 29.32
    endloop
  endfacet
  facet normal 0 -0 -1
    outer loop
      vertex -10.2432 -0.270221 29.32
      vertex -10.2432 -0.810869 29.32
      vertex -10.7838 -0.810869 29.32
    endloop
  endfacet
  facet normal 0 0 -1
    outer loop
      vertex -17.8109 -7.29736 29.32
      vertex -17.2702 -7.83779 29.32
      vertex -17.8109 -7.83779 29.32
    endloop
  endfacet
  facet normal -0 0 -1
    outer loop
      vertex -17.2702 -7.83779 29.32
      vertex -17.8109 -8.37844 29.32
      vertex -17.8109 -7.83779 29.32
    endloop
  endfacet
  facet normal -0 0 -1
    outer loop
      vertex -16.1891 -7.29725 29.32
      vertex -16.1892 -7.29736 29.32
      vertex -16.1891 -6.75681 29.32
    endloop
  endfacet
  facet normal 0 0 -1
    outer loop
      vertex -17.2702 -7.83779 29.32
      vertex -16.1892 -7.83779 29.32
      vertex -16.7297 -8.37844 29.32
    endloop
  endfacet
  facet normal 0 0 -1
    outer loop
      vertex -16.1892 -7.83779 29.32
      vertex -16.1891 -7.29725 29.32
      vertex -15.6486 -7.83779 29.32
    endloop
  endfacet
  facet normal 0 0 -1
    outer loop
      vertex -17.8109 -8.37844 29.32
      vertex -16.7297 -8.37844 29.32
      vertex -16.7298 -8.91898 29.32
    endloop
  endfacet
  facet normal 0 -0 -1
    outer loop
      vertex -16.7297 -8.37844 29.32
      vertex -16.7297 -8.91887 29.32
      vertex -16.7298 -8.91898 29.32
    endloop
  endfacet
  facet normal 0 0 -1
    outer loop
      vertex -16.7298 -7.29736 29.32
      vertex -16.7298 -6.75681 29.32
      vertex -16.1892 -7.29736 29.32
    endloop
  endfacet
  facet normal 0 0 -1
    outer loop
      vertex -17.2702 -6.75681 29.32
      vertex -17.2702 -6.21617 29.32
      vertex -16.7298 -6.21617 29.32
    endloop
  endfacet
  facet normal 0 0 -1
    outer loop
      vertex -16.1892 -6.21627 29.32
      vertex -16.1891 -6.21617 29.32
      vertex -16.1892 -6.75671 29.32
    endloop
  endfacet
  facet normal 0 -0 -1
    outer loop
      vertex -16.1891 -6.21617 29.32
      vertex -16.1891 -6.75681 29.32
      vertex -16.1892 -6.75671 29.32
    endloop
  endfacet
  facet normal -0 -0 -1
    outer loop
      vertex -16.1892 -6.75671 29.32
      vertex -16.1892 -7.29736 29.32
      vertex -16.7297 -6.75671 29.32
    endloop
  endfacet
  facet normal 0 0 -1
    outer loop
      vertex -16.7298 -6.21617 29.32
      vertex -16.7297 -6.75671 29.32
      vertex -16.7298 -6.75681 29.32
    endloop
  endfacet
  facet normal 0 -0 -1
    outer loop
      vertex -16.7297 -6.75671 29.32
      vertex -16.1892 -7.29736 29.32
      vertex -16.7298 -6.75681 29.32
    endloop
  endfacet
  facet normal 0 0 -1
    outer loop
      vertex -16.1892 -6.21627 29.32
      vertex -16.7297 -6.21627 29.32
      vertex -16.1891 -6.21617 29.32
    endloop
  endfacet
  facet normal -0 -0 -1
    outer loop
      vertex -16.7297 -6.21627 29.32
      vertex -16.7297 -6.75671 29.32
      vertex -16.7298 -6.21617 29.32
    endloop
  endfacet
  facet normal -0 0 -1
    outer loop
      vertex -16.1891 0.81086 29.32
      vertex -16.7297 0.810753 29.32
      vertex -16.7298 1.89194 29.32
    endloop
  endfacet
  facet normal 0 0 -1
    outer loop
      vertex -16.1892 -0.810869 29.32
      vertex -17.2703 -0.270221 29.32
      vertex -16.1891 -0.270221 29.32
    endloop
  endfacet
  facet normal 0 -0 -1
    outer loop
      vertex -16.7297 0.27032 29.32
      vertex -16.1891 -0.270221 29.32
      vertex -17.2703 -0.270221 29.32
    endloop
  endfacet
  facet normal 0 0 -1
    outer loop
      vertex -17.2703 0.270213 29.32
      vertex -16.7297 0.27032 29.32
      vertex -17.2703 -0.270221 29.32
    endloop
  endfacet
  facet normal 0 -0 -1
    outer loop
      vertex -16.7298 1.89194 29.32
      vertex -16.7297 0.810753 29.32
      vertex -17.8109 0.810753 29.32
    endloop
  endfacet
  facet normal 0 -0 -1
    outer loop
      vertex -15.1081 -2.97303 29.32
      vertex -15.1081 -4.054 29.32
      vertex -15.6487 -3.51357 29.32
    endloop
  endfacet
  facet normal 0 -0 -1
    outer loop
      vertex -14.027 -1.89184 29.32
      vertex -14.027 -2.43249 29.32
      vertex -14.5675 -2.43249 29.32
    endloop
  endfacet
  facet normal 0 0 -1
    outer loop
      vertex -14.0271 -5.13509 29.32
      vertex -14.0271 -4.59465 29.32
      vertex -14.027 -5.13519 29.32
    endloop
  endfacet
  facet normal -0 0 -1
    outer loop
      vertex -15.6487 -2.97292 29.32
      vertex -16.1892 -3.51346 29.32
      vertex -16.1892 -2.97292 29.32
    endloop
  endfacet
  facet normal 0 0 -1
    outer loop
      vertex -17.2703 -2.43238 29.32
      vertex -16.7298 -2.43238 29.32
      vertex -16.7297 -2.43249 29.32
    endloop
  endfacet
  facet normal 0 0 -1
    outer loop
      vertex -16.7297 -3.51346 29.32
      vertex -17.2703 -3.51346 29.32
      vertex -16.7297 -2.43249 29.32
    endloop
  endfacet
  facet normal -0 -0 -1
    outer loop
      vertex -16.1891 -3.51357 29.32
      vertex -16.1891 -4.05411 29.32
      vertex -16.7297 -3.51346 29.32
    endloop
  endfacet
  facet normal -0 0 -1
    outer loop
      vertex -16.7297 -3.51346 29.32
      vertex -17.8108 -4.05411 29.32
      vertex -17.2703 -3.51346 29.32
    endloop
  endfacet
  facet normal 0 0 -1
    outer loop
      vertex -16.7298 -2.43238 29.32
      vertex -16.1891 -1.35141 29.32
      vertex -16.1891 -2.43249 29.32
    endloop
  endfacet
  facet normal 0 0 -1
    outer loop
      vertex -16.1891 -1.35141 29.32
      vertex -16.7298 -1.3513 29.32
      vertex -16.1892 -1.3513 29.32
    endloop
  endfacet
  facet normal 0 0 -1
    outer loop
      vertex -15.1081 -1.89184 29.32
      vertex -14.027 -1.89184 29.32
      vertex -14.5675 -2.43249 29.32
    endloop
  endfacet
  facet normal 0 0 -1
    outer loop
      vertex -16.1891 -1.35141 29.32
      vertex -15.6486 -0.810869 29.32
      vertex -15.6486 -1.3513 29.32
    endloop
  endfacet
  facet normal 0 0 -1
    outer loop
      vertex -15.1082 -1.89195 29.32
      vertex -15.6487 -1.89195 29.32
      vertex -15.6487 -1.35141 29.32
    endloop
  endfacet
  facet normal 0 0 -1
    outer loop
      vertex -16.7297 -8.91887 29.32
      vertex -16.1892 -8.91887 29.32
      vertex -16.1892 -9.45952 29.32
    endloop
  endfacet
  facet normal 0 0 -1
    outer loop
      vertex -16.1892 -8.37844 29.32
      vertex -16.1892 -7.83779 29.32
      vertex -15.6486 -7.83779 29.32
    endloop
  endfacet
  facet normal 0 0 -1
    outer loop
      vertex -16.1892 -8.37844 29.32
      vertex -15.6487 -8.91898 29.32
      vertex -16.1891 -8.91898 29.32
    endloop
  endfacet
  facet normal 0 0 -1
    outer loop
      vertex -16.1892 -8.91887 29.32
      vertex -16.1892 -8.37844 29.32
      vertex -16.1891 -8.91898 29.32
    endloop
  endfacet
  facet normal 0 0 -1
    outer loop
      vertex -16.7298 -8.91898 29.32
      vertex -16.7297 -8.91887 29.32
      vertex -16.1892 -9.45952 29.32
    endloop
  endfacet
  facet normal 0 -0 -1
    outer loop
      vertex -17.2702 -7.83779 29.32
      vertex -16.7297 -8.37844 29.32
      vertex -17.8109 -8.37844 29.32
    endloop
  endfacet
  facet normal 0 0 -1
    outer loop
      vertex -14.5675 0.27032 29.32
      vertex -15.1082 0.810753 29.32
      vertex -15.1081 0.81086 29.32
    endloop
  endfacet
  facet normal 0 0 -1
    outer loop
      vertex -15.6486 0.810753 29.32
      vertex -15.6487 0.81086 29.32
      vertex -15.1081 0.81086 29.32
    endloop
  endfacet
  facet normal 0 0 -1
    outer loop
      vertex -15.6487 -1.35141 29.32
      vertex -15.1081 -1.89184 29.32
      vertex -15.1082 -1.89195 29.32
    endloop
  endfacet
  facet normal 0 0 -1
    outer loop
      vertex -15.1082 -0.270221 29.32
      vertex -15.1082 0.810753 29.32
      vertex -14.5675 0.27032 29.32
    endloop
  endfacet
  facet normal -0 -0 -1
    outer loop
      vertex -16.1892 0.27032 29.32
      vertex -16.1891 -0.270221 29.32
      vertex -16.7297 0.27032 29.32
    endloop
  endfacet
  facet normal 0 -0 -1
    outer loop
      vertex -16.1891 -0.270221 29.32
      vertex -15.6486 -0.810869 29.32
      vertex -16.1892 -0.810869 29.32
    endloop
  endfacet
  facet normal 0 0 -1
    outer loop
      vertex -16.1892 0.27032 29.32
      vertex -16.1891 0.270213 29.32
      vertex -16.1891 -0.270221 29.32
    endloop
  endfacet
  facet normal 0 -0 -1
    outer loop
      vertex -15.6486 0.810753 29.32
      vertex -15.6486 0.270213 29.32
      vertex -16.1891 0.270213 29.32
    endloop
  endfacet
  facet normal -0 -0 -1
    outer loop
      vertex -15.6487 0.81086 29.32
      vertex -15.6486 0.810753 29.32
      vertex -16.1891 0.81086 29.32
    endloop
  endfacet
  facet normal 0 -0 -1
    outer loop
      vertex -16.1891 -8.91898 29.32
      vertex -16.1891 -9.45941 29.32
      vertex -16.1892 -9.45952 29.32
    endloop
  endfacet
  facet normal 0 0 -1
    outer loop
      vertex -15.6487 -8.91898 29.32
      vertex -15.1081 -7.83779 29.32
      vertex -15.1081 -9.45941 29.32
    endloop
  endfacet
  facet normal 0 0 -1
    outer loop
      vertex -16.1892 -9.45952 29.32
      vertex -15.6487 -9.45941 29.32
      vertex -16.1892 -10 29.32
    endloop
  endfacet
  facet normal 0 0 -1
    outer loop
      vertex -15.6487 -9.45941 29.32
      vertex -15.6487 -8.91898 29.32
      vertex -15.1081 -9.45941 29.32
    endloop
  endfacet
  facet normal 0 0 -1
    outer loop
      vertex -16.1892 -9.45952 29.32
      vertex -16.1891 -9.45941 29.32
      vertex -15.6487 -9.45941 29.32
    endloop
  endfacet
  facet normal 0 0 -1
    outer loop
      vertex -16.1892 -8.91887 29.32
      vertex -16.1891 -8.91898 29.32
      vertex -16.1892 -9.45952 29.32
    endloop
  endfacet
  facet normal 0 0 -1
    outer loop
      vertex -11.3243 -2.43249 29.32
      vertex -11.8649 -1.89184 29.32
      vertex -11.3243 -1.89184 29.32
    endloop
  endfacet
  facet normal 0 0 -1
    outer loop
      vertex -13.4865 -3.51357 29.32
      vertex -14.0271 -3.51357 29.32
      vertex -14.0271 -2.97292 29.32
    endloop
  endfacet
  facet normal 0 0 -1
    outer loop
      vertex -11.3243 -4.054 29.32
      vertex -12.4055 -2.97292 29.32
      vertex -11.3243 -2.43249 29.32
    endloop
  endfacet
  facet normal -0 0 -1
    outer loop
      vertex -13.4865 -0.810761 29.32
      vertex -14.0271 -0.810869 29.32
      vertex -14.027 -0.810761 29.32
    endloop
  endfacet
  facet normal 0 0 -1
    outer loop
      vertex -15.6487 -3.51357 29.32
      vertex -15.6487 -2.97292 29.32
      vertex -15.1081 -2.97303 29.32
    endloop
  endfacet
  facet normal 0 0 -1
    outer loop
      vertex -15.1081 -2.97303 29.32
      vertex -15.6487 -2.97292 29.32
      vertex -15.1082 -2.43238 29.32
    endloop
  endfacet
  facet normal -0 0 -1
    outer loop
      vertex -12.4055 -2.97292 29.32
      vertex -13.4865 -3.51357 29.32
      vertex -14.0271 -2.97292 29.32
    endloop
  endfacet
  facet normal 0 0 -1
    outer loop
      vertex -14.5675 -2.97303 29.32
      vertex -15.1081 -2.97303 29.32
      vertex -14.5675 -2.43249 29.32
    endloop
  endfacet
  facet normal 0 0 -1
    outer loop
      vertex -12.946 -5.13519 29.32
      vertex -12.4053 -4.59454 29.32
      vertex -12.4053 -5.13509 29.32
    endloop
  endfacet
  facet normal 0 0 -1
    outer loop
      vertex -15.6487 -3.51357 29.32
      vertex -15.1081 -4.054 29.32
      vertex -15.1082 -4.05411 29.32
    endloop
  endfacet
  facet normal 0 0 -1
    outer loop
      vertex -15.1081 -4.054 29.32
      vertex -15.1082 -4.59465 29.32
      vertex -15.1082 -4.05411 29.32
    endloop
  endfacet
  facet normal 0 0 -1
    outer loop
      vertex -14.0271 -4.59465 29.32
      vertex -15.1081 -4.054 29.32
      vertex -13.4865 -4.054 29.32
    endloop
  endfacet
  facet normal 0 0 -1
    outer loop
      vertex -15.6486 -1.3513 29.32
      vertex -15.1081 -1.3513 29.32
      vertex -15.1081 -1.89184 29.32
    endloop
  endfacet
  facet normal 0 0 -1
    outer loop
      vertex -14.5675 -2.43249 29.32
      vertex -15.1082 -2.43238 29.32
      vertex -15.1081 -1.89184 29.32
    endloop
  endfacet
  facet normal 0 0 -1
    outer loop
      vertex -12.4053 -0.810761 29.32
      vertex -11.8648 -1.3513 29.32
      vertex -11.8649 -1.35141 29.32
    endloop
  endfacet
  facet normal 0 0 -1
    outer loop
      vertex -15.1082 -0.270221 29.32
      vertex -14.5675 0.27032 29.32
      vertex -14.5676 -0.270328 29.32
    endloop
  endfacet
  facet normal 0 0 -1
    outer loop
      vertex -15.1082 -1.89195 29.32
      vertex -15.1081 -1.89184 29.32
      vertex -15.1082 -2.43238 29.32
    endloop
  endfacet
  facet normal 0 0 -1
    outer loop
      vertex -16.1891 -0.270221 29.32
      vertex -15.1082 -0.270221 29.32
      vertex -15.6486 -0.810869 29.32
    endloop
  endfacet
  facet normal 0 0 -1
    outer loop
      vertex -15.6486 -0.810869 29.32
      vertex -15.1081 -0.270328 29.32
      vertex -15.1081 -0.810869 29.32
    endloop
  endfacet
  facet normal 0 0 -1
    outer loop
      vertex -15.6487 -1.35141 29.32
      vertex -15.6486 -1.3513 29.32
      vertex -15.1081 -1.89184 29.32
    endloop
  endfacet
  facet normal 0 0 -1
    outer loop
      vertex -16.1892 -0.810869 29.32
      vertex -15.6486 -0.810869 29.32
      vertex -16.1891 -1.35141 29.32
    endloop
  endfacet
  facet normal 0 0 -1
    outer loop
      vertex -14.5676 -0.270328 29.32
      vertex -14.0271 -0.810869 29.32
      vertex -14.5676 -0.810869 29.32
    endloop
  endfacet
  facet normal 0 0 -1
    outer loop
      vertex -15.1081 -0.270328 29.32
      vertex -15.1082 -0.270221 29.32
      vertex -14.5676 -0.270328 29.32
    endloop
  endfacet
  facet normal 0 0 -1
    outer loop
      vertex -14.5676 -0.270328 29.32
      vertex -14.5675 0.27032 29.32
      vertex -14.027 -0.270328 29.32
    endloop
  endfacet
  facet normal -0 0 -1
    outer loop
      vertex -12.4053 -0.270328 29.32
      vertex -13.4865 -0.810761 29.32
      vertex -13.4865 -0.270328 29.32
    endloop
  endfacet
  facet normal 0 0 -1
    outer loop
      vertex -14.0271 -0.810869 29.32
      vertex -13.4865 -1.35141 29.32
      vertex -14.0271 -1.35141 29.32
    endloop
  endfacet
  facet normal 0 -0 -1
    outer loop
      vertex -12.4053 -0.270328 29.32
      vertex -12.4053 -0.810761 29.32
      vertex -13.4865 -0.810761 29.32
    endloop
  endfacet
  facet normal 0 0 -1
    outer loop
      vertex -13.4865 -2.43249 29.32
      vertex -12.4053 -1.89184 29.32
      vertex -12.4055 -2.43249 29.32
    endloop
  endfacet
  facet normal -0 0 -1
    outer loop
      vertex -14.0271 7.29735 29.32
      vertex -14.5676 6.21616 29.32
      vertex -15.1081 7.29735 29.32
    endloop
  endfacet
  facet normal 0 0 -1
    outer loop
      vertex -15.6487 4.0541 29.32
      vertex -15.6487 5.67562 29.32
      vertex -14.5675 5.13508 29.32
    endloop
  endfacet
  facet normal 0 -0 -1
    outer loop
      vertex -14.5675 4.59464 29.32
      vertex -14.027 3.51346 29.32
      vertex -15.1082 3.51346 29.32
    endloop
  endfacet
  facet normal 0 0 -1
    outer loop
      vertex -12.9459 3.51346 29.32
      vertex -13.4865 3.51346 29.32
      vertex -13.4864 4.0541 29.32
    endloop
  endfacet
  facet normal 0 -0 -1
    outer loop
      vertex -14.5675 5.13508 29.32
      vertex -14.5675 4.59464 29.32
      vertex -15.6487 4.0541 29.32
    endloop
  endfacet
  facet normal 0 0 -1
    outer loop
      vertex -15.6487 6.75681 29.32
      vertex -15.1081 6.21616 29.32
      vertex -15.6487 5.67562 29.32
    endloop
  endfacet
  facet normal 0 -0 -1
    outer loop
      vertex -12.4053 5.13518 29.32
      vertex -12.4053 4.59454 29.32
      vertex -13.4864 4.59454 29.32
    endloop
  endfacet
  facet normal 0 -0 -1
    outer loop
      vertex -14.027 6.21627 29.32
      vertex -13.4865 5.13508 29.32
      vertex -14.5676 5.67572 29.32
    endloop
  endfacet
  facet normal 0 0 -1
    outer loop
      vertex -13.4864 4.0541 29.32
      vertex -13.4865 3.51346 29.32
      vertex -14.027 3.51346 29.32
    endloop
  endfacet
  facet normal 0 0 -1
    outer loop
      vertex -15.6487 4.0541 29.32
      vertex -14.5675 4.59464 29.32
      vertex -15.1082 3.51346 29.32
    endloop
  endfacet
  facet normal 0 0 -1
    outer loop
      vertex -13.4865 5.13508 29.32
      vertex -14.5675 5.13508 29.32
      vertex -14.5676 5.67572 29.32
    endloop
  endfacet
  facet normal 0 0 -1
    outer loop
      vertex -14.5675 5.13508 29.32
      vertex -15.1081 5.67572 29.32
      vertex -14.5676 5.67572 29.32
    endloop
  endfacet
  facet normal 0 0 -1
    outer loop
      vertex -14.0271 -5.67573 29.32
      vertex -13.4864 -6.75681 29.32
      vertex -14.0271 -6.75671 29.32
    endloop
  endfacet
  facet normal -0 -0 -1
    outer loop
      vertex -11.8649 -5.13509 29.32
      vertex -11.8648 -5.13519 29.32
      vertex -12.4053 -5.13509 29.32
    endloop
  endfacet
  facet normal 0 0 -1
    outer loop
      vertex -14.0271 -5.67573 29.32
      vertex -14.027 -5.67563 29.32
      vertex -13.4864 -5.67563 29.32
    endloop
  endfacet
  facet normal 0 0 -1
    outer loop
      vertex -14.0271 -5.67573 29.32
      vertex -14.0271 -5.13509 29.32
      vertex -14.027 -5.13519 29.32
    endloop
  endfacet
  facet normal -0 0 -1
    outer loop
      vertex -12.4053 -4.59454 29.32
      vertex -12.946 -5.13519 29.32
      vertex -13.4864 -4.59454 29.32
    endloop
  endfacet
  facet normal 0 -0 -1
    outer loop
      vertex -14.027 -6.75681 29.32
      vertex -14.027 -7.29725 29.32
      vertex -14.0271 -7.29736 29.32
    endloop
  endfacet
  facet normal 0 0 -1
    outer loop
      vertex -12.946 -7.29725 29.32
      vertex -12.4055 -7.29736 29.32
      vertex -12.9459 -7.29736 29.32
    endloop
  endfacet
  facet normal -0 0 -1
    outer loop
      vertex -12.4053 -6.75671 29.32
      vertex -12.946 -7.29725 29.32
      vertex -12.4053 -6.21627 29.32
    endloop
  endfacet
  facet normal 0 0 -1
    outer loop
      vertex -14.0271 -6.75671 29.32
      vertex -14.027 -6.75681 29.32
      vertex -14.0271 -7.29736 29.32
    endloop
  endfacet
  facet normal 0 -0 -1
    outer loop
      vertex -13.4864 -5.67563 29.32
      vertex -13.4864 -6.75681 29.32
      vertex -14.0271 -5.67573 29.32
    endloop
  endfacet
  facet normal 0 0 -1
    outer loop
      vertex -9.70265 5.13514 29.32
      vertex -11.3244 5.13514 29.32
      vertex -9.7027 5.67568 29.32
    endloop
  endfacet
  facet normal 0 0 -1
    outer loop
      vertex -13.4864 4.59454 29.32
      vertex -13.4864 5.13518 29.32
      vertex -12.4053 5.13518 29.32
    endloop
  endfacet
  facet normal 0 0 -1
    outer loop
      vertex -11.8649 3.51346 29.32
      vertex -11.3244 4.0541 29.32
      vertex -10.7838 2.97292 29.32
    endloop
  endfacet
  facet normal 0 0 -1
    outer loop
      vertex -11.3244 4.0541 29.32
      vertex -9.70265 5.13514 29.32
      vertex -10.2432 3.51346 29.32
    endloop
  endfacet
  facet normal 0 0 -1
    outer loop
      vertex -13.4864 4.0541 29.32
      vertex -14.5675 4.59464 29.32
      vertex -13.4865 4.59464 29.32
    endloop
  endfacet
  facet normal 0 0 -1
    outer loop
      vertex -11.8649 3.51346 29.32
      vertex -12.9459 3.51346 29.32
      vertex -11.3244 4.0541 29.32
    endloop
  endfacet
  facet normal 0 0 -1
    outer loop
      vertex -12.9459 3.51346 29.32
      vertex -13.4864 4.0541 29.32
      vertex -11.3244 4.0541 29.32
    endloop
  endfacet
  facet normal 0 0 -1
    outer loop
      vertex -11.8649 7.29735 29.32
      vertex -11.8648 7.83784 29.32
      vertex -11.3243 7.2973 29.32
    endloop
  endfacet
  facet normal 0 0 -1
    outer loop
      vertex -14.027 7.29724 29.32
      vertex -13.4864 7.83778 29.32
      vertex -13.4864 7.29724 29.32
    endloop
  endfacet
  facet normal 0 0 -1
    outer loop
      vertex -13.4865 5.13508 29.32
      vertex -13.4864 5.13518 29.32
      vertex -13.4865 4.59464 29.32
    endloop
  endfacet
  facet normal 0 0 -1
    outer loop
      vertex -14.5676 6.21616 29.32
      vertex -14.027 7.29724 29.32
      vertex -14.027 6.21627 29.32
    endloop
  endfacet
  facet normal 0 -0 -1
    outer loop
      vertex -11.8648 8.37843 29.32
      vertex -11.8648 7.83784 29.32
      vertex -11.8649 7.83778 29.32
    endloop
  endfacet
  facet normal 0 0 -1
    outer loop
      vertex -14.5676 6.21616 29.32
      vertex -14.027 6.21627 29.32
      vertex -14.5676 5.67572 29.32
    endloop
  endfacet
  facet normal 0 0 -1
    outer loop
      vertex -13.4865 7.83789 29.32
      vertex -14.027 7.29724 29.32
      vertex -14.0271 7.29735 29.32
    endloop
  endfacet
  facet normal -0 0 -1
    outer loop
      vertex -14.027 7.29724 29.32
      vertex -14.5676 6.21616 29.32
      vertex -14.0271 7.29735 29.32
    endloop
  endfacet
  facet normal 0 0 -1
    outer loop
      vertex -14.027 7.29724 29.32
      vertex -13.4865 7.83789 29.32
      vertex -13.4864 7.83778 29.32
    endloop
  endfacet
  facet normal 0 0 -1
    outer loop
      vertex -13.4864 7.83778 29.32
      vertex -13.4864 8.37843 29.32
      vertex -11.8649 7.83778 29.32
    endloop
  endfacet
  facet normal 0 0 -1
    outer loop
      vertex -12.946 7.29735 29.32
      vertex -11.8649 7.29735 29.32
      vertex -12.946 5.67562 29.32
    endloop
  endfacet
  facet normal -0 0 -1
    outer loop
      vertex -11.3243 5.67568 29.32
      vertex -11.8649 5.67562 29.32
      vertex -11.8649 7.29735 29.32
    endloop
  endfacet
  facet normal -0 0 -1
    outer loop
      vertex -9.7027 5.67568 29.32
      vertex -11.3244 5.13514 29.32
      vertex -11.3243 5.67568 29.32
    endloop
  endfacet
  facet normal 0 -0 -1
    outer loop
      vertex -11.8649 7.29735 29.32
      vertex -11.8649 5.67562 29.32
      vertex -12.946 5.67562 29.32
    endloop
  endfacet
  facet normal 0 0 -1
    outer loop
      vertex -11.3244 5.13514 29.32
      vertex -11.8649 5.13514 29.32
      vertex -11.8649 5.67562 29.32
    endloop
  endfacet
  facet normal -0 0 -1
    outer loop
      vertex -13.4865 0.27032 29.32
      vertex -14.027 -0.270328 29.32
      vertex -14.5675 0.27032 29.32
    endloop
  endfacet
  facet normal -0 0 -1
    outer loop
      vertex -12.4053 -0.810761 29.32
      vertex -13.4865 -1.35141 29.32
      vertex -13.4865 -0.810761 29.32
    endloop
  endfacet
  facet normal 0 -0 -1
    outer loop
      vertex -13.4865 -0.810761 29.32
      vertex -13.4865 -1.35141 29.32
      vertex -14.0271 -0.810869 29.32
    endloop
  endfacet
  facet normal -0 0 -1
    outer loop
      vertex -14.027 -0.810761 29.32
      vertex -14.0271 -0.810869 29.32
      vertex -14.5676 -0.270328 29.32
    endloop
  endfacet
  facet normal 0 0 -1
    outer loop
      vertex -14.5676 -0.270328 29.32
      vertex -14.027 -0.270328 29.32
      vertex -14.027 -0.810761 29.32
    endloop
  endfacet
  facet normal 0 0 -1
    outer loop
      vertex -14.027 -0.270328 29.32
      vertex -13.4865 0.27032 29.32
      vertex -13.4865 -0.270328 29.32
    endloop
  endfacet
  facet normal 0 -0 -1
    outer loop
      vertex -14.027 9.4594 29.32
      vertex -14.027 8.91897 29.32
      vertex -14.0271 8.91886 29.32
    endloop
  endfacet
  facet normal 0 0 -1
    outer loop
      vertex -13.4865 9.4594 29.32
      vertex -13.4864 8.91886 29.32
      vertex -13.4865 8.91897 29.32
    endloop
  endfacet
  facet normal -0 -0 -1
    outer loop
      vertex -13.4865 8.91897 29.32
      vertex -13.4865 8.37832 29.32
      vertex -14.027 8.91897 29.32
    endloop
  endfacet
  facet normal 0 -0 -1
    outer loop
      vertex -14.027 8.91897 29.32
      vertex -13.4865 8.37832 29.32
      vertex -14.0271 8.91886 29.32
    endloop
  endfacet
  facet normal 0 0 -1
    outer loop
      vertex -13.4865 9.4594 29.32
      vertex -14.027 9.4594 29.32
      vertex -13.4864 9.45951 29.32
    endloop
  endfacet
  facet normal -0 0 -1
    outer loop
      vertex -14.027 9.4594 29.32
      vertex -14.0271 8.91886 29.32
      vertex -14.5676 9.45951 29.32
    endloop
  endfacet
  facet normal 0 0 -1
    outer loop
      vertex -11.3243 -4.054 29.32
      vertex -12.4055 -3.51357 29.32
      vertex -12.4055 -2.97292 29.32
    endloop
  endfacet
  facet normal -0 0 -1
    outer loop
      vertex -11.3244 -4.59454 29.32
      vertex -11.8649 -5.13509 29.32
      vertex -11.8649 -4.59454 29.32
    endloop
  endfacet
  facet normal 0 0 -1
    outer loop
      vertex -11.3244 -5.13519 29.32
      vertex -11.3244 -4.59454 29.32
      vertex -10.7837 -5.13519 29.32
    endloop
  endfacet
  facet normal 0 0 -1
    outer loop
      vertex -11.3244 -5.13519 29.32
      vertex -11.8648 -5.13519 29.32
      vertex -11.8649 -5.13509 29.32
    endloop
  endfacet
  facet normal -0 0 -1
    outer loop
      vertex -11.8648 -5.13519 29.32
      vertex -12.4053 -6.21627 29.32
      vertex -12.4053 -5.13509 29.32
    endloop
  endfacet
  facet normal 0 -0 -1
    outer loop
      vertex -12.4053 -5.13509 29.32
      vertex -12.4053 -6.21627 29.32
      vertex -12.946 -5.13519 29.32
    endloop
  endfacet
  facet normal 0 0 -1
    outer loop
      vertex -12.4055 -4.05411 29.32
      vertex -12.4055 -3.51357 29.32
      vertex -11.3244 -4.05411 29.32
    endloop
  endfacet
  facet normal 0 -0 -1
    outer loop
      vertex -13.4865 -4.054 29.32
      vertex -13.4864 -4.59454 29.32
      vertex -14.0271 -4.59465 29.32
    endloop
  endfacet
  facet normal 0 0 -1
    outer loop
      vertex -13.4864 -4.59454 29.32
      vertex -14.027 -5.13519 29.32
      vertex -14.0271 -4.59465 29.32
    endloop
  endfacet
  facet normal -0 -0 -1
    outer loop
      vertex -13.4864 -4.05411 29.32
      vertex -13.4864 -4.59454 29.32
      vertex -13.4865 -4.054 29.32
    endloop
  endfacet
  facet normal 0 0 -1
    outer loop
      vertex -13.4865 -4.054 29.32
      vertex -13.4865 -3.51357 29.32
      vertex -12.9459 -3.51357 29.32
    endloop
  endfacet
  facet normal 0 0 -1
    outer loop
      vertex -12.9459 -3.51357 29.32
      vertex -13.4865 -3.51357 29.32
      vertex -12.4055 -2.97292 29.32
    endloop
  endfacet
  facet normal 0 0 -1
    outer loop
      vertex -11.3244 -4.05411 29.32
      vertex -12.4055 -3.51357 29.32
      vertex -11.3243 -4.054 29.32
    endloop
  endfacet
  facet normal 0 0 -1
    outer loop
      vertex -12.4055 -3.51357 29.32
      vertex -12.9459 -3.51357 29.32
      vertex -12.4055 -2.97292 29.32
    endloop
  endfacet
  facet normal 0 -0 -1
    outer loop
      vertex -12.4053 -6.75671 29.32
      vertex -11.8649 -6.75671 29.32
      vertex -12.4055 -7.29736 29.32
    endloop
  endfacet
  facet normal 0 0 -1
    outer loop
      vertex -11.3243 -7.29736 29.32
      vertex -11.8648 -7.29736 29.32
      vertex -11.8649 -6.75671 29.32
    endloop
  endfacet
  facet normal 0 -0 -1
    outer loop
      vertex -11.8649 -6.75671 29.32
      vertex -11.8648 -7.29736 29.32
      vertex -12.4055 -7.29736 29.32
    endloop
  endfacet
  facet normal 0 0 -1
    outer loop
      vertex -12.4053 -6.75671 29.32
      vertex -12.4055 -7.29736 29.32
      vertex -12.946 -7.29725 29.32
    endloop
  endfacet
  facet normal 0 0 -1
    outer loop
      vertex -11.8649 -6.21627 29.32
      vertex -12.4053 -6.21627 29.32
      vertex -11.8648 -6.21617 29.32
    endloop
  endfacet
  facet normal -0 0 -1
    outer loop
      vertex -12.4053 -6.21627 29.32
      vertex -12.946 -7.29725 29.32
      vertex -12.946 -5.13519 29.32
    endloop
  endfacet
  facet normal 0 -0 -1
    outer loop
      vertex -11.8648 -1.3513 29.32
      vertex -11.3243 -1.89184 29.32
      vertex -11.8649 -1.89184 29.32
    endloop
  endfacet
  facet normal 0 0 -1
    outer loop
      vertex -11.8649 -1.35141 29.32
      vertex -12.4053 -1.35141 29.32
      vertex -12.4053 -0.810761 29.32
    endloop
  endfacet
  facet normal 0 -0 -1
    outer loop
      vertex -11.8649 -1.89184 29.32
      vertex -11.3243 -2.43249 29.32
      vertex -12.4055 -2.43249 29.32
    endloop
  endfacet
  facet normal 0 0 -1
    outer loop
      vertex -13.4865 -1.35141 29.32
      vertex -12.4053 -1.89184 29.32
      vertex -13.4865 -2.43249 29.32
    endloop
  endfacet
  facet normal 0 -0 -1
    outer loop
      vertex -12.4053 -1.89184 29.32
      vertex -11.8649 -1.89184 29.32
      vertex -12.4055 -2.43249 29.32
    endloop
  endfacet
  facet normal 0 -0 -1
    outer loop
      vertex -12.4053 -0.810761 29.32
      vertex -12.4053 -1.35141 29.32
      vertex -13.4865 -1.35141 29.32
    endloop
  endfacet
  facet normal -0 -0 -1
    outer loop
      vertex -12.4053 -1.35141 29.32
      vertex -12.4053 -1.89184 29.32
      vertex -13.4865 -1.35141 29.32
    endloop
  endfacet
  facet normal 0 0 -1
    outer loop
      vertex -9.16216 7.29724 29.32
      vertex -9.7027 7.2973 29.32
      vertex -9.16221 7.83784 29.32
    endloop
  endfacet
  facet normal 0 0 -1
    outer loop
      vertex -11.3244 5.13514 29.32
      vertex -11.8649 5.67562 29.32
      vertex -11.3243 5.67568 29.32
    endloop
  endfacet
  facet normal 0 0 -1
    outer loop
      vertex -9.70265 5.13514 29.32
      vertex -9.7027 5.67568 29.32
      vertex -9.16221 5.13514 29.32
    endloop
  endfacet
  facet normal 0 0 -1
    outer loop
      vertex -11.3243 7.2973 29.32
      vertex -10.7838 7.83784 29.32
      vertex -9.7027 7.2973 29.32
    endloop
  endfacet
  facet normal 0 0 -1
    outer loop
      vertex -11.3243 5.67568 29.32
      vertex -11.8649 7.29735 29.32
      vertex -11.3243 7.2973 29.32
    endloop
  endfacet
  facet normal 0 0 -1
    outer loop
      vertex -11.3243 7.2973 29.32
      vertex -11.8648 7.83784 29.32
      vertex -10.7838 7.83784 29.32
    endloop
  endfacet
  facet normal 0 0 -1
    outer loop
      vertex -10.7838 6.21622 29.32
      vertex -10.2432 6.75676 29.32
      vertex -10.2432 6.21622 29.32
    endloop
  endfacet
  facet normal 0 0 -1
    outer loop
      vertex -10.7838 6.21622 29.32
      vertex -10.7838 6.75676 29.32
      vertex -10.2432 6.75676 29.32
    endloop
  endfacet
  facet normal 0 0 -1
    outer loop
      vertex -9.16216 7.29724 29.32
      vertex -9.16221 7.83784 29.32
      vertex -8.62156 7.83789 29.32
    endloop
  endfacet
  facet normal 0 0 -1
    outer loop
      vertex -9.70265 7.83784 29.32
      vertex -9.70275 8.37843 29.32
      vertex -9.70265 8.37832 29.32
    endloop
  endfacet
  facet normal 0 0 -1
    outer loop
      vertex -9.7027 7.2973 29.32
      vertex -9.70265 7.83784 29.32
      vertex -9.16221 7.83784 29.32
    endloop
  endfacet
  facet normal 0 0 -1
    outer loop
      vertex -9.70265 8.37832 29.32
      vertex -9.70275 8.91886 29.32
      vertex -9.16221 8.37832 29.32
    endloop
  endfacet
  facet normal 0 0 -1
    outer loop
      vertex -9.16221 7.83784 29.32
      vertex -9.16221 8.37832 29.32
      vertex -8.62156 7.83789 29.32
    endloop
  endfacet
  facet normal 0 0 -1
    outer loop
      vertex -9.16221 8.37832 29.32
      vertex -9.70275 8.91886 29.32
      vertex -9.1621 8.37843 29.32
    endloop
  endfacet
  facet normal -0 0 -1
    outer loop
      vertex -9.1621 1.89194 29.32
      vertex -9.16221 1.89183 29.32
      vertex -9.70275 1.89194 29.32
    endloop
  endfacet
  facet normal -0 0 -1
    outer loop
      vertex -8.08102 1.3514 29.32
      vertex -9.16221 0.810753 29.32
      vertex -9.16221 1.3514 29.32
    endloop
  endfacet
  facet normal 0 0 -1
    outer loop
      vertex -9.16221 0.810753 29.32
      vertex -10.2433 0.810753 29.32
      vertex -9.70265 1.3514 29.32
    endloop
  endfacet
  facet normal 0 0 -1
    outer loop
      vertex -9.70265 1.3514 29.32
      vertex -10.2432 1.89194 29.32
      vertex -9.70275 1.89194 29.32
    endloop
  endfacet
  facet normal 0 0 -1
    outer loop
      vertex -9.16221 1.89183 29.32
      vertex -9.70265 1.89183 29.32
      vertex -9.70275 1.89194 29.32
    endloop
  endfacet
  facet normal -0 -0 -1
    outer loop
      vertex -9.70265 1.89183 29.32
      vertex -9.70265 1.3514 29.32
      vertex -9.70275 1.89194 29.32
    endloop
  endfacet
  facet normal -0 0 -1
    outer loop
      vertex -8.08102 4.59464 29.32
      vertex -8.62156 4.59454 29.32
      vertex -8.62167 4.59464 29.32
    endloop
  endfacet
  facet normal 0 0 -1
    outer loop
      vertex -8.08113 4.59454 29.32
      vertex -8.08102 4.054 29.32
      vertex -8.08113 4.0541 29.32
    endloop
  endfacet
  facet normal 0 0 -1
    outer loop
      vertex -8.08102 3.51346 29.32
      vertex -9.16221 3.51346 29.32
      vertex -8.62156 4.0541 29.32
    endloop
  endfacet
  facet normal 0 0 -1
    outer loop
      vertex -8.62156 4.0541 29.32
      vertex -9.16221 4.59464 29.32
      vertex -8.62167 4.59464 29.32
    endloop
  endfacet
  facet normal 0 0 -1
    outer loop
      vertex -8.08113 4.59454 29.32
      vertex -8.62156 4.59454 29.32
      vertex -8.08102 4.59464 29.32
    endloop
  endfacet
  facet normal -0 -0 -1
    outer loop
      vertex -8.62156 4.59454 29.32
      vertex -8.62156 4.0541 29.32
      vertex -8.62167 4.59464 29.32
    endloop
  endfacet
  facet normal 0 0 -1
    outer loop
      vertex -7.54059 0.27032 29.32
      vertex -7.54059 0.810753 29.32
      vertex -7.54048 0.81086 29.32
    endloop
  endfacet
  facet normal 0 0 -1
    outer loop
      vertex -7.54059 0.810753 29.32
      vertex -8.08102 1.3514 29.32
      vertex -7.54048 0.81086 29.32
    endloop
  endfacet
  facet normal 0 0 -1
    outer loop
      vertex -7.54048 0.270213 29.32
      vertex -7.54059 0.27032 29.32
      vertex -7.54048 0.81086 29.32
    endloop
  endfacet
  facet normal 0 0 -1
    outer loop
      vertex -8.62167 -0.270221 29.32
      vertex -8.62167 0.270213 29.32
      vertex -8.08102 0.27032 29.32
    endloop
  endfacet
  facet normal 0 0 -1
    outer loop
      vertex -8.08102 0.810753 29.32
      vertex -8.08102 1.3514 29.32
      vertex -7.54059 0.810753 29.32
    endloop
  endfacet
  facet normal 0 0 -1
    outer loop
      vertex -8.08102 0.810753 29.32
      vertex -9.16221 0.810753 29.32
      vertex -8.08102 1.3514 29.32
    endloop
  endfacet
  facet normal 0 0 -1
    outer loop
      vertex -21.054 3.51356 29.32
      vertex -22.1351 4.0541 29.32
      vertex -21.054 4.0541 29.32
    endloop
  endfacet
  facet normal 0 0 -1
    outer loop
      vertex -23.7568 4.054 29.32
      vertex -22.1352 4.59464 29.32
      vertex -22.1352 4.054 29.32
    endloop
  endfacet
  facet normal 0 0 -1
    outer loop
      vertex -20.5135 2.97292 29.32
      vertex -21.5945 2.97292 29.32
      vertex -21.054 3.51356 29.32
    endloop
  endfacet
  facet normal 0 0 -1
    outer loop
      vertex -23.7568 2.97292 29.32
      vertex -22.1352 3.51356 29.32
      vertex -22.1352 2.97292 29.32
    endloop
  endfacet
  facet normal 0 0 -1
    outer loop
      vertex -22.1352 2.97292 29.32
      vertex -21.5945 2.97292 29.32
      vertex -22.1351 2.43237 29.32
    endloop
  endfacet
  facet normal 0 -0 -1
    outer loop
      vertex -22.1351 1.89194 29.32
      vertex -21.054 1.35129 29.32
      vertex -22.1352 1.35129 29.32
    endloop
  endfacet
  facet normal 0 0 -1
    outer loop
      vertex -23.7568 2.43248 29.32
      vertex -22.1352 2.43248 29.32
      vertex -23.7568 1.89183 29.32
    endloop
  endfacet
  facet normal 0 -0 -1
    outer loop
      vertex -22.1352 2.43248 29.32
      vertex -22.1352 1.89183 29.32
      vertex -23.7568 1.89183 29.32
    endloop
  endfacet
  facet normal 0 0 -1
    outer loop
      vertex -21.5945 2.43237 29.32
      vertex -22.1351 2.43237 29.32
      vertex -21.5945 2.97292 29.32
    endloop
  endfacet
  facet normal -0 -0 -1
    outer loop
      vertex -21.054 1.89194 29.32
      vertex -21.054 1.35129 29.32
      vertex -22.1351 1.89194 29.32
    endloop
  endfacet
  facet normal 0 -0 -1
    outer loop
      vertex -22.1351 2.43237 29.32
      vertex -22.1351 1.89194 29.32
      vertex -22.1352 1.89183 29.32
    endloop
  endfacet
  facet normal 0 0 -1
    outer loop
      vertex -22.1351 1.89194 29.32
      vertex -22.1352 1.35129 29.32
      vertex -22.1352 1.89183 29.32
    endloop
  endfacet
  facet normal 0 0 -1
    outer loop
      vertex -22.1352 2.43248 29.32
      vertex -22.1351 2.43237 29.32
      vertex -22.1352 1.89183 29.32
    endloop
  endfacet
  facet normal 0 0 -1
    outer loop
      vertex -21.5945 2.97292 29.32
      vertex -22.1352 2.97292 29.32
      vertex -22.1352 3.51356 29.32
    endloop
  endfacet
  facet normal -0 -0 -1
    outer loop
      vertex -20.5135 3.51356 29.32
      vertex -20.5135 2.97292 29.32
      vertex -21.054 3.51356 29.32
    endloop
  endfacet
  facet normal 0 0 -1
    outer loop
      vertex -21.054 3.51356 29.32
      vertex -22.1352 3.51356 29.32
      vertex -22.1351 4.0541 29.32
    endloop
  endfacet
  facet normal 0 0 -1
    outer loop
      vertex -22.1351 4.59454 29.32
      vertex -21.054 5.13518 29.32
      vertex -21.054 4.59454 29.32
    endloop
  endfacet
  facet normal -0 0 -1
    outer loop
      vertex -22.1351 4.0541 29.32
      vertex -22.1352 4.054 29.32
      vertex -22.1351 4.59454 29.32
    endloop
  endfacet
  facet normal -0 0 -1
    outer loop
      vertex -22.1351 4.59454 29.32
      vertex -22.1352 4.054 29.32
      vertex -22.1352 4.59464 29.32
    endloop
  endfacet
  facet normal -0 0 -1
    outer loop
      vertex -21.054 5.13518 29.32
      vertex -22.1351 4.59454 29.32
      vertex -22.1351 5.13518 29.32
    endloop
  endfacet
  facet normal 0 -0 -1
    outer loop
      vertex -22.1351 5.67572 29.32
      vertex -22.1351 5.13518 29.32
      vertex -22.1352 5.13508 29.32
    endloop
  endfacet
  facet normal 0 0 -1
    outer loop
      vertex -22.1351 5.13518 29.32
      vertex -22.1352 4.59464 29.32
      vertex -22.1352 5.13508 29.32
    endloop
  endfacet
  facet normal 0 0 -1
    outer loop
      vertex -22.1352 5.13508 29.32
      vertex -23.7568 5.67572 29.32
      vertex -22.1351 5.67572 29.32
    endloop
  endfacet
  facet normal 0 0 -1
    outer loop
      vertex -23.7568 5.13508 29.32
      vertex -23.7568 5.67572 29.32
      vertex -22.1352 5.13508 29.32
    endloop
  endfacet
  facet normal 0 0 -1
    outer loop
      vertex -23.7568 -2.43249 29.32
      vertex -23.2162 -1.89184 29.32
      vertex -23.2162 -2.43249 29.32
    endloop
  endfacet
  facet normal 0 0 -1
    outer loop
      vertex -22.6757 -8.91898 29.32
      vertex -22.1351 -8.37833 29.32
      vertex -22.1351 -8.91898 29.32
    endloop
  endfacet
  facet normal 0 0 -1
    outer loop
      vertex -22.6757 -8.91898 29.32
      vertex -22.6757 -8.37833 29.32
      vertex -22.1351 -8.37833 29.32
    endloop
  endfacet
  facet normal 0 -0 -1
    outer loop
      vertex -21.5945 9.45951 29.32
      vertex -21.5945 8.91886 29.32
      vertex -22.6757 8.91886 29.32
    endloop
  endfacet
  facet normal -0 0 -1
    outer loop
      vertex -21.5945 9.45951 29.32
      vertex -22.6757 8.91886 29.32
      vertex -22.6757 9.45951 29.32
    endloop
  endfacet
  facet normal 0 0 -1
    outer loop
      vertex -20.5135 0.270213 29.32
      vertex -21.0541 0.270213 29.32
      vertex -20.5135 0.81086 29.32
    endloop
  endfacet
  facet normal 0 0 -1
    outer loop
      vertex -19.4325 8.91886 29.32
      vertex -19.4325 10 29.32
      vertex -18.3514 8.91886 29.32
    endloop
  endfacet
  facet normal -0 0 -1
    outer loop
      vertex -17.8108 10 29.32
      vertex -18.3514 8.91886 29.32
      vertex -19.4325 10 29.32
    endloop
  endfacet
  facet normal 0 0 -1
    outer loop
      vertex -16.7298 -4.59454 29.32
      vertex -15.6486 -4.59454 29.32
      vertex -16.7298 -5.13519 29.32
    endloop
  endfacet
  facet normal 0 0 -1
    outer loop
      vertex -17.8108 8.37832 29.32
      vertex -18.3514 8.37832 29.32
      vertex -18.3514 8.91886 29.32
    endloop
  endfacet
  facet normal 0 -0 -1
    outer loop
      vertex -16.7297 9.45951 29.32
      vertex -16.1892 8.91886 29.32
      vertex -17.2703 8.91886 29.32
    endloop
  endfacet
  facet normal 0 -0 -1
    outer loop
      vertex -15.6486 -4.59454 29.32
      vertex -15.6486 -5.13519 29.32
      vertex -16.7298 -5.13519 29.32
    endloop
  endfacet
  facet normal 0 0 -1
    outer loop
      vertex -16.7297 9.45951 29.32
      vertex -16.1892 9.45951 29.32
      vertex -16.1892 8.91886 29.32
    endloop
  endfacet
  facet normal 0 0 -1
    outer loop
      vertex -17.2703 10 29.32
      vertex -16.7297 10 29.32
      vertex -16.7297 9.45951 29.32
    endloop
  endfacet
  facet normal 0 0 -1
    outer loop
      vertex -17.2703 8.91886 29.32
      vertex -17.2703 10 29.32
      vertex -16.7297 9.45951 29.32
    endloop
  endfacet
  facet normal 0 0 -1
    outer loop
      vertex -16.1892 8.91886 29.32
      vertex -15.6486 8.37832 29.32
      vertex -16.1892 8.37832 29.32
    endloop
  endfacet
  facet normal 0 0 -1
    outer loop
      vertex -16.1892 8.91886 29.32
      vertex -16.1892 9.45951 29.32
      vertex -15.6486 8.37832 29.32
    endloop
  endfacet
  facet normal 0 0 -1
    outer loop
      vertex -16.1892 9.45951 29.32
      vertex -15.6486 10 29.32
      vertex -15.6486 8.37832 29.32
    endloop
  endfacet
  facet normal 0 0 -1
    outer loop
      vertex -8.62167 -5.13519 29.32
      vertex -9.1621 -5.13519 29.32
      vertex -8.62156 -5.13509 29.32
    endloop
  endfacet
  facet normal -0 0 -1
    outer loop
      vertex -10.2432 -9.45946 29.32
      vertex -10.7838 -10 29.32
      vertex -10.2432 -6.75676 29.32
    endloop
  endfacet
  facet normal -0 0 -1
    outer loop
      vertex -7 -6.21622 29.32
      vertex -10.2432 -6.75676 29.32
      vertex -10.7838 -6.21622 29.32
    endloop
  endfacet
  facet normal 0 0 -1
    outer loop
      vertex -7.54054 -6.75676 29.32
      vertex -7 -10 29.32
      vertex -7.54054 -9.45946 29.32
    endloop
  endfacet
  facet normal -0 -0 -1
    outer loop
      vertex -7.54054 -9.45946 29.32
      vertex -7 -10 29.32
      vertex -10.2432 -9.45946 29.32
    endloop
  endfacet
  facet normal 0 -0 -1
    outer loop
      vertex -10.2432 -9.45946 29.32
      vertex -7 -10 29.32
      vertex -10.7838 -10 29.32
    endloop
  endfacet
  facet normal 0 0 -1
    outer loop
      vertex -7.54054 -6.75676 29.32
      vertex -10.2432 -6.75676 29.32
      vertex -7 -6.21622 29.32
    endloop
  endfacet
  facet normal -0 0 -1
    outer loop
      vertex -10.2432 -6.75676 29.32
      vertex -10.7838 -10 29.32
      vertex -10.7838 -6.21622 29.32
    endloop
  endfacet
  facet normal -0 0 -1
    outer loop
      vertex -8.08108 -7.2973 29.32
      vertex -9.7027 -8.91892 29.32
      vertex -9.7027 -7.2973 29.32
    endloop
  endfacet
  facet normal 0 0 -1
    outer loop
      vertex -8.08108 -8.91892 29.32
      vertex -9.7027 -8.91892 29.32
      vertex -8.08108 -7.2973 29.32
    endloop
  endfacet
  facet normal 0 0 -1
    outer loop
      vertex -8.08102 -5.67573 29.32
      vertex -8.62156 -5.13509 29.32
      vertex -8.08102 -5.13509 29.32
    endloop
  endfacet
  facet normal 0 0 -1
    outer loop
      vertex -9.1621 -5.13519 29.32
      vertex -8.62156 -4.59454 29.32
      vertex -8.62156 -5.13509 29.32
    endloop
  endfacet
  facet normal 0 0 -1
    outer loop
      vertex -8.62167 -5.67573 29.32
      vertex -8.62167 -5.13519 29.32
      vertex -8.08102 -5.67573 29.32
    endloop
  endfacet
  facet normal 0 0 -1
    outer loop
      vertex -7.54059 -5.13509 29.32
      vertex -6.99995 -5.13509 29.32
      vertex -7.54059 -5.67573 29.32
    endloop
  endfacet
  facet normal 0 0 -1
    outer loop
      vertex -8.62167 -5.13519 29.32
      vertex -8.62156 -5.13509 29.32
      vertex -8.08102 -5.67573 29.32
    endloop
  endfacet
  facet normal 0 0 -1
    outer loop
      vertex -9.1621 -5.13519 29.32
      vertex -9.70275 -4.59454 29.32
      vertex -8.62156 -4.59454 29.32
    endloop
  endfacet
  facet normal -0 0 -1
    outer loop
      vertex -9.1621 -5.13519 29.32
      vertex -9.70275 -5.67573 29.32
      vertex -9.70275 -4.59454 29.32
    endloop
  endfacet
  facet normal 0 0 -1
    outer loop
      vertex -6.99995 5.13508 29.32
      vertex -7.54059 5.13508 29.32
      vertex -6.99995 5.67572 29.32
    endloop
  endfacet
  facet normal 0 -0 -1
    outer loop
      vertex -6.99995 -5.13509 29.32
      vertex -6.99995 -5.67573 29.32
      vertex -7.54059 -5.67573 29.32
    endloop
  endfacet
  facet normal 0 0 1
    outer loop
      vertex -25.3783 -2.43249 30
      vertex -25.919 -3.51357 30
      vertex -25.3783 -3.51346 30
    endloop
  endfacet
  facet normal -0 0 1
    outer loop
      vertex -25.3784 0.270213 30
      vertex -25.3784 -0.270221 30
      vertex -25.3783 0.27032 30
    endloop
  endfacet
  facet normal -0 0 1
    outer loop
      vertex -25.919 -0.270221 30
      vertex -25.919 -0.810761 30
      vertex -25.3784 -0.270221 30
    endloop
  endfacet
  facet normal 0 -0 1
    outer loop
      vertex -24.8378 -4.59465 30
      vertex -24.8378 -3.51357 30
      vertex -25.3784 -4.05411 30
    endloop
  endfacet
  facet normal 0 0 1
    outer loop
      vertex -24.8379 -2.97292 30
      vertex -24.8379 -3.51346 30
      vertex -24.8378 -3.51357 30
    endloop
  endfacet
  facet normal 0 -0 1
    outer loop
      vertex -24.2972 -2.43249 30
      vertex -24.2972 -1.89184 30
      vertex -24.8378 -1.89184 30
    endloop
  endfacet
  facet normal -0 0 1
    outer loop
      vertex -25.919 -0.810761 30
      vertex -25.3784 -0.810869 30
      vertex -25.3784 -0.270221 30
    endloop
  endfacet
  facet normal 0 0 1
    outer loop
      vertex -24.2972 -2.43249 30
      vertex -24.8378 -1.89184 30
      vertex -25.3783 -2.43249 30
    endloop
  endfacet
  facet normal 0 0 1
    outer loop
      vertex -25.3784 0.270213 30
      vertex -25.919 0.81086 30
      vertex -25.919 0.270213 30
    endloop
  endfacet
  facet normal 0 0 1
    outer loop
      vertex -24.2973 -1.35141 30
      vertex -23.7567 -0.810761 30
      vertex -24.2973 -0.270221 30
    endloop
  endfacet
  facet normal 0 -0 1
    outer loop
      vertex -25.3784 0.270213 30
      vertex -25.3783 0.27032 30
      vertex -25.919 0.81086 30
    endloop
  endfacet
  facet normal 0 -0 1
    outer loop
      vertex -25.9189 -5.67573 30
      vertex -25.9189 -4.05411 30
      vertex -26.4595 -5.13519 30
    endloop
  endfacet
  facet normal 0 0 1
    outer loop
      vertex -23.7568 4.054 30
      vertex -22.1352 4.59464 30
      vertex -23.7568 4.59464 30
    endloop
  endfacet
  facet normal 0 0 1
    outer loop
      vertex -25.3783 0.81086 30
      vertex -25.919 0.81086 30
      vertex -25.3783 0.27032 30
    endloop
  endfacet
  facet normal -0 0 1
    outer loop
      vertex -25.3784 -0.810869 30
      vertex -24.8378 -1.89184 30
      vertex -24.8378 0.27032 30
    endloop
  endfacet
  facet normal 0 0 1
    outer loop
      vertex -25.3784 -0.270221 30
      vertex -24.8378 0.27032 30
      vertex -25.3783 0.27032 30
    endloop
  endfacet
  facet normal 0 0 1
    outer loop
      vertex -25.3784 -0.810869 30
      vertex -24.8378 0.27032 30
      vertex -25.3784 -0.270221 30
    endloop
  endfacet
  facet normal -0 0 1
    outer loop
      vertex -25.3784 -2.43238 30
      vertex -25.3783 -2.43249 30
      vertex -24.8378 -1.89184 30
    endloop
  endfacet
  facet normal 0 0 1
    outer loop
      vertex -26.4595 -1.3513 30
      vertex -25.919 -0.810761 30
      vertex -26.4595 -0.810761 30
    endloop
  endfacet
  facet normal 0 0 1
    outer loop
      vertex -25.3784 -2.43238 30
      vertex -24.8378 -1.89184 30
      vertex -25.3784 -0.810869 30
    endloop
  endfacet
  facet normal 0 0 1
    outer loop
      vertex -27 -3.51357 30
      vertex -26.4594 -2.43238 30
      vertex -27 -1.3513 30
    endloop
  endfacet
  facet normal 0 -0 1
    outer loop
      vertex -25.919 -3.51357 30
      vertex -25.3784 -2.43238 30
      vertex -26.4594 -2.43238 30
    endloop
  endfacet
  facet normal 0 0 1
    outer loop
      vertex -25.3783 -2.43249 30
      vertex -25.3784 -2.43238 30
      vertex -25.919 -3.51357 30
    endloop
  endfacet
  facet normal 0 -0 1
    outer loop
      vertex -25.9189 -4.05411 30
      vertex -25.3784 -4.05411 30
      vertex -25.919 -4.054 30
    endloop
  endfacet
  facet normal 0 0 1
    outer loop
      vertex -26.4595 -4.59454 30
      vertex -27 -5.13519 30
      vertex -26.4595 -5.13519 30
    endloop
  endfacet
  facet normal 0 0 1
    outer loop
      vertex -25.3784 -4.05411 30
      vertex -25.919 -3.51357 30
      vertex -25.919 -4.054 30
    endloop
  endfacet
  facet normal -0 0 1
    outer loop
      vertex -26.4595 -4.054 30
      vertex -26.4595 -4.59454 30
      vertex -25.919 -4.054 30
    endloop
  endfacet
  facet normal -0 0 1
    outer loop
      vertex -27 -4.59454 30
      vertex -27 -5.13519 30
      vertex -26.4595 -4.59454 30
    endloop
  endfacet
  facet normal 0 0 1
    outer loop
      vertex -25.9189 -4.05411 30
      vertex -26.4595 -4.59454 30
      vertex -26.4595 -5.13519 30
    endloop
  endfacet
  facet normal 0 0 1
    outer loop
      vertex -26.4595 -5.13519 30
      vertex -26.4595 -5.67573 30
      vertex -25.9189 -5.67573 30
    endloop
  endfacet
  facet normal 0 0 1
    outer loop
      vertex -25.3783 -3.51346 30
      vertex -25.919 -3.51357 30
      vertex -25.3784 -4.05411 30
    endloop
  endfacet
  facet normal 0 0 1
    outer loop
      vertex -25.919 -4.054 30
      vertex -26.4595 -4.59454 30
      vertex -25.9189 -4.05411 30
    endloop
  endfacet
  facet normal 0 0 1
    outer loop
      vertex -25.3783 -3.51346 30
      vertex -25.3784 -4.05411 30
      vertex -24.8378 -3.51357 30
    endloop
  endfacet
  facet normal 0 0 1
    outer loop
      vertex -25.3784 -4.05411 30
      vertex -25.3784 -4.59465 30
      vertex -24.8378 -4.59465 30
    endloop
  endfacet
  facet normal 0 0 1
    outer loop
      vertex -23.7567 -4.59465 30
      vertex -23.7568 -4.59454 30
      vertex -23.7567 -5.13509 30
    endloop
  endfacet
  facet normal 0 0 1
    outer loop
      vertex -24.8379 -3.51346 30
      vertex -25.3783 -3.51346 30
      vertex -24.8378 -3.51357 30
    endloop
  endfacet
  facet normal 0 0 1
    outer loop
      vertex -25.9189 -0.810869 30
      vertex -26.4595 -1.3513 30
      vertex -26.4594 -1.35141 30
    endloop
  endfacet
  facet normal 0 0 1
    outer loop
      vertex -24.2972 -5.13519 30
      vertex -24.2973 -5.13509 30
      vertex -24.8379 -5.67573 30
    endloop
  endfacet
  facet normal 0 0 1
    outer loop
      vertex -23.7567 -0.270328 30
      vertex -23.7568 -0.270221 30
      vertex -23.7567 -0.810761 30
    endloop
  endfacet
  facet normal 0 0 1
    outer loop
      vertex -22.6756 -2.97292 30
      vertex -24.8378 -3.51357 30
      vertex -22.6756 -3.51357 30
    endloop
  endfacet
  facet normal 0 0 1
    outer loop
      vertex -22.6756 -2.97292 30
      vertex -24.8379 -2.97292 30
      vertex -24.8378 -3.51357 30
    endloop
  endfacet
  facet normal 0 0 1
    outer loop
      vertex -26.4594 -2.43238 30
      vertex -27 -3.51357 30
      vertex -25.919 -3.51357 30
    endloop
  endfacet
  facet normal 0 0 1
    outer loop
      vertex -26.4594 -1.35141 30
      vertex -27 -1.3513 30
      vertex -26.4594 -2.43238 30
    endloop
  endfacet
  facet normal 0 0 1
    outer loop
      vertex -25.9189 -0.810869 30
      vertex -26.4594 -1.35141 30
      vertex -25.9189 -1.35141 30
    endloop
  endfacet
  facet normal 0 0 1
    outer loop
      vertex -26.4595 -1.3513 30
      vertex -27 -1.3513 30
      vertex -26.4594 -1.35141 30
    endloop
  endfacet
  facet normal 0 0 1
    outer loop
      vertex -25.919 -0.810761 30
      vertex -25.9189 -0.810869 30
      vertex -25.3784 -0.810869 30
    endloop
  endfacet
  facet normal 0 0 1
    outer loop
      vertex -25.919 -0.810761 30
      vertex -26.4595 -1.3513 30
      vertex -25.9189 -0.810869 30
    endloop
  endfacet
  facet normal 0 0 1
    outer loop
      vertex -27 -0.270328 30
      vertex -26.4594 0.27032 30
      vertex -27 0.27032 30
    endloop
  endfacet
  facet normal 0 0 1
    outer loop
      vertex -25.3783 4.054 30
      vertex -25.919 4.59464 30
      vertex -25.919 4.054 30
    endloop
  endfacet
  facet normal 0 0 1
    outer loop
      vertex -27 -0.270328 30
      vertex -26.4594 -0.270328 30
      vertex -26.4594 0.27032 30
    endloop
  endfacet
  facet normal 0 0 1
    outer loop
      vertex -25.3783 4.054 30
      vertex -25.919 4.054 30
      vertex -25.919 3.51356 30
    endloop
  endfacet
  facet normal 0 0 1
    outer loop
      vertex -25.919 4.59464 30
      vertex -25.3783 5.13518 30
      vertex -25.919 5.67572 30
    endloop
  endfacet
  facet normal 0 -0 1
    outer loop
      vertex -25.3783 5.13518 30
      vertex -25.3783 5.67572 30
      vertex -25.919 5.67572 30
    endloop
  endfacet
  facet normal -0 0 1
    outer loop
      vertex -23.7568 6.75676 30
      vertex -23.2162 6.21622 30
      vertex -23.7568 9.45946 30
    endloop
  endfacet
  facet normal 0 0 1
    outer loop
      vertex -26.4595 4.054 30
      vertex -25.919 4.59464 30
      vertex -26.4595 4.59464 30
    endloop
  endfacet
  facet normal 0 0 1
    outer loop
      vertex -25.3783 4.054 30
      vertex -25.919 3.51356 30
      vertex -25.3783 3.51356 30
    endloop
  endfacet
  facet normal 0 0 1
    outer loop
      vertex -26.4595 2.97302 30
      vertex -25.919 3.51356 30
      vertex -26.4595 3.51356 30
    endloop
  endfacet
  facet normal 0 -0 1
    outer loop
      vertex -24.8378 1.89183 30
      vertex -24.8378 3.51356 30
      vertex -25.3783 1.89183 30
    endloop
  endfacet
  facet normal 0 0 1
    outer loop
      vertex -26.4595 4.054 30
      vertex -25.919 4.054 30
      vertex -25.919 4.59464 30
    endloop
  endfacet
  facet normal 0 0 1
    outer loop
      vertex -26.4594 2.43237 30
      vertex -26.4595 2.97302 30
      vertex -27 2.97302 30
    endloop
  endfacet
  facet normal 0 0 1
    outer loop
      vertex -26.4594 2.43237 30
      vertex -27 2.97302 30
      vertex -27 1.89183 30
    endloop
  endfacet
  facet normal 0 -0 1
    outer loop
      vertex -25.919 2.43237 30
      vertex -25.919 3.51356 30
      vertex -26.4595 2.97302 30
    endloop
  endfacet
  facet normal 0 -0 1
    outer loop
      vertex -26.4594 1.89183 30
      vertex -26.4594 2.43237 30
      vertex -27 1.89183 30
    endloop
  endfacet
  facet normal 0 0 1
    outer loop
      vertex -25.919 2.43237 30
      vertex -26.4595 2.97302 30
      vertex -26.4594 2.43237 30
    endloop
  endfacet
  facet normal 0 0 1
    outer loop
      vertex -25.3783 1.89183 30
      vertex -25.919 1.35129 30
      vertex -25.3783 1.35129 30
    endloop
  endfacet
  facet normal 0 0 1
    outer loop
      vertex -24.8378 3.51356 30
      vertex -25.3783 3.51356 30
      vertex -25.3783 1.89183 30
    endloop
  endfacet
  facet normal 0 0 1
    outer loop
      vertex -25.919 2.43237 30
      vertex -25.919 1.35129 30
      vertex -25.3783 1.89183 30
    endloop
  endfacet
  facet normal 0 -0 1
    outer loop
      vertex -22.6756 0.810753 30
      vertex -22.6756 1.3514 30
      vertex -23.7567 0.810753 30
    endloop
  endfacet
  facet normal 0 0 1
    outer loop
      vertex -24.8378 4.59454 30
      vertex -25.3783 4.054 30
      vertex -24.8378 4.054 30
    endloop
  endfacet
  facet normal 0 0 1
    outer loop
      vertex -25.3783 3.51356 30
      vertex -25.919 2.43237 30
      vertex -25.3783 1.89183 30
    endloop
  endfacet
  facet normal -0 0 1
    outer loop
      vertex -25.919 3.51356 30
      vertex -25.919 2.43237 30
      vertex -25.3783 3.51356 30
    endloop
  endfacet
  facet normal 0 0 1
    outer loop
      vertex -24.8378 4.59454 30
      vertex -25.919 4.59464 30
      vertex -25.3783 4.054 30
    endloop
  endfacet
  facet normal 0 0 1
    outer loop
      vertex -24.8378 4.59454 30
      vertex -25.3783 5.13518 30
      vertex -25.919 4.59464 30
    endloop
  endfacet
  facet normal 0 0 1
    outer loop
      vertex -24.2972 5.13518 30
      vertex -25.3783 5.13518 30
      vertex -24.8378 4.59454 30
    endloop
  endfacet
  facet normal 0 0 1
    outer loop
      vertex -24.8378 4.59454 30
      vertex -24.2972 4.59454 30
      vertex -24.2972 5.13518 30
    endloop
  endfacet
  facet normal 0 0 1
    outer loop
      vertex -26.4595 9.45946 30
      vertex -23.7568 9.45946 30
      vertex -23.2162 10 30
    endloop
  endfacet
  facet normal 0 0 1
    outer loop
      vertex -9.1621 8.37843 30
      vertex -9.16221 8.37832 30
      vertex -8.62156 7.83789 30
    endloop
  endfacet
  facet normal 0 -0 1
    outer loop
      vertex -26.4595 9.45946 30
      vertex -23.2162 10 30
      vertex -27 10 30
    endloop
  endfacet
  facet normal -0 0 1
    outer loop
      vertex -23.7568 9.45946 30
      vertex -23.2162 6.21622 30
      vertex -23.2162 10 30
    endloop
  endfacet
  facet normal 0 0 1
    outer loop
      vertex -27 6.21622 30
      vertex -23.2162 6.21622 30
      vertex -23.7568 6.75676 30
    endloop
  endfacet
  facet normal 0 0 1
    outer loop
      vertex -27 6.21622 30
      vertex -26.4595 6.75676 30
      vertex -26.4595 9.45946 30
    endloop
  endfacet
  facet normal 0 0 1
    outer loop
      vertex -27 6.21622 30
      vertex -23.7568 6.75676 30
      vertex -26.4595 6.75676 30
    endloop
  endfacet
  facet normal 0 0 1
    outer loop
      vertex -27 6.21622 30
      vertex -26.4595 9.45946 30
      vertex -27 10 30
    endloop
  endfacet
  facet normal 0 0 1
    outer loop
      vertex -25.9189 7.2973 30
      vertex -24.2973 8.91892 30
      vertex -25.9189 8.91892 30
    endloop
  endfacet
  facet normal 0 0 1
    outer loop
      vertex -25.9189 7.2973 30
      vertex -24.2973 7.2973 30
      vertex -24.2973 8.91892 30
    endloop
  endfacet
  facet normal 0 0 1
    outer loop
      vertex -22.1351 -4.05411 30
      vertex -22.6757 -4.59465 30
      vertex -22.1351 -4.59465 30
    endloop
  endfacet
  facet normal -0 0 1
    outer loop
      vertex -26.4595 -9.45946 30
      vertex -27 -10 30
      vertex -23.7568 -9.45946 30
    endloop
  endfacet
  facet normal -0 0 1
    outer loop
      vertex -23.7568 -6.75676 30
      vertex -23.2162 -10 30
      vertex -23.2162 -6.21622 30
    endloop
  endfacet
  facet normal -0 0 1
    outer loop
      vertex -27 -6.21622 30
      vertex -26.4595 -6.75676 30
      vertex -23.2162 -6.21622 30
    endloop
  endfacet
  facet normal -0 0 1
    outer loop
      vertex -23.7568 -9.45946 30
      vertex -23.2162 -10 30
      vertex -23.7568 -6.75676 30
    endloop
  endfacet
  facet normal 0 0 1
    outer loop
      vertex -27 -10 30
      vertex -23.2162 -10 30
      vertex -23.7568 -9.45946 30
    endloop
  endfacet
  facet normal 0 0 1
    outer loop
      vertex -26.4595 -6.75676 30
      vertex -27 -10 30
      vertex -26.4595 -9.45946 30
    endloop
  endfacet
  facet normal 0 0 1
    outer loop
      vertex -23.2162 -6.21622 30
      vertex -26.4595 -6.75676 30
      vertex -23.7568 -6.75676 30
    endloop
  endfacet
  facet normal 0 0 1
    outer loop
      vertex -27 -6.21622 30
      vertex -27 -10 30
      vertex -26.4595 -6.75676 30
    endloop
  endfacet
  facet normal -0 0 1
    outer loop
      vertex -25.9189 -7.2973 30
      vertex -25.9189 -8.91892 30
      vertex -24.2973 -7.2973 30
    endloop
  endfacet
  facet normal 0 0 1
    outer loop
      vertex -25.9189 -8.91892 30
      vertex -24.2973 -8.91892 30
      vertex -24.2973 -7.2973 30
    endloop
  endfacet
  facet normal 0 0 1
    outer loop
      vertex -23.2162 -5.67573 30
      vertex -23.7568 -5.13519 30
      vertex -23.7568 -5.67573 30
    endloop
  endfacet
  facet normal 0 0 1
    outer loop
      vertex -24.2973 -5.13509 30
      vertex -24.8379 -5.13509 30
      vertex -24.8379 -5.67573 30
    endloop
  endfacet
  facet normal 0 0 1
    outer loop
      vertex -23.2162 -4.054 30
      vertex -23.7567 -4.59465 30
      vertex -23.2162 -4.59465 30
    endloop
  endfacet
  facet normal 0 0 1
    outer loop
      vertex -23.7568 -4.59454 30
      vertex -24.2973 -4.59454 30
      vertex -24.2973 -5.13509 30
    endloop
  endfacet
  facet normal -0 0 1
    outer loop
      vertex -23.7568 -4.054 30
      vertex -23.7568 -4.59454 30
      vertex -23.2162 -4.054 30
    endloop
  endfacet
  facet normal 0 0 1
    outer loop
      vertex -23.2162 -4.054 30
      vertex -23.7568 -4.59454 30
      vertex -23.7567 -4.59465 30
    endloop
  endfacet
  facet normal 0 0 1
    outer loop
      vertex -23.7568 -4.59454 30
      vertex -24.2973 -5.13509 30
      vertex -23.7568 -5.13519 30
    endloop
  endfacet
  facet normal 0 0 1
    outer loop
      vertex -23.2162 -5.67573 30
      vertex -23.7567 -5.13509 30
      vertex -23.7568 -5.13519 30
    endloop
  endfacet
  facet normal 0 0 1
    outer loop
      vertex -24.2972 -5.13519 30
      vertex -24.8379 -5.67573 30
      vertex -24.2972 -5.67573 30
    endloop
  endfacet
  facet normal 0 0 1
    outer loop
      vertex -23.7568 -5.13519 30
      vertex -24.2973 -5.13509 30
      vertex -24.2972 -5.13519 30
    endloop
  endfacet
  facet normal 0 0 1
    outer loop
      vertex -23.7567 -5.13509 30
      vertex -23.7568 -4.59454 30
      vertex -23.7568 -5.13519 30
    endloop
  endfacet
  facet normal 0 0 1
    outer loop
      vertex -23.2162 -5.13509 30
      vertex -23.7567 -5.13509 30
      vertex -23.2162 -5.67573 30
    endloop
  endfacet
  facet normal -0 0 1
    outer loop
      vertex -23.7568 -0.270221 30
      vertex -23.7567 -0.270328 30
      vertex -23.7568 0.270213 30
    endloop
  endfacet
  facet normal 0 0 1
    outer loop
      vertex -23.7567 0.810753 30
      vertex -23.7568 0.81086 30
      vertex -23.7567 0.27032 30
    endloop
  endfacet
  facet normal -0 0 1
    outer loop
      vertex -23.7568 3.51356 30
      vertex -23.7568 2.97292 30
      vertex -22.1352 3.51356 30
    endloop
  endfacet
  facet normal 0 -0 1
    outer loop
      vertex -17.2702 -5.13519 30
      vertex -17.2702 -4.59454 30
      vertex -17.8108 -4.59454 30
    endloop
  endfacet
  facet normal 0 -0 1
    outer loop
      vertex -21.054 -1.35141 30
      vertex -20.5135 -0.270221 30
      vertex -21.5945 -0.270221 30
    endloop
  endfacet
  facet normal 0 -0 1
    outer loop
      vertex -23.7567 0.810753 30
      vertex -22.6756 1.3514 30
      vertex -23.7568 1.3514 30
    endloop
  endfacet
  facet normal 0 0 1
    outer loop
      vertex -24.2973 0.270213 30
      vertex -23.7568 0.81086 30
      vertex -24.2973 0.81086 30
    endloop
  endfacet
  facet normal 0 0 1
    outer loop
      vertex -23.7567 0.810753 30
      vertex -23.7568 1.3514 30
      vertex -23.7568 0.81086 30
    endloop
  endfacet
  facet normal 0 -0 1
    outer loop
      vertex -23.7568 0.270213 30
      vertex -23.7568 0.81086 30
      vertex -24.2973 0.270213 30
    endloop
  endfacet
  facet normal 0 0 1
    outer loop
      vertex -23.7567 0.27032 30
      vertex -23.7568 0.81086 30
      vertex -23.7568 0.270213 30
    endloop
  endfacet
  facet normal -0 0 1
    outer loop
      vertex -22.6756 -0.810761 30
      vertex -22.6757 -0.810869 30
      vertex -22.1352 -0.810761 30
    endloop
  endfacet
  facet normal 0 0 1
    outer loop
      vertex -23.2162 -1.89184 30
      vertex -23.7568 -1.89184 30
      vertex -23.7568 -2.43249 30
    endloop
  endfacet
  facet normal 0 0 1
    outer loop
      vertex -23.2163 -0.810761 30
      vertex -23.7567 -0.810761 30
      vertex -23.2162 -0.810869 30
    endloop
  endfacet
  facet normal 0 -0 1
    outer loop
      vertex -23.2163 -0.270328 30
      vertex -22.6756 -0.270328 30
      vertex -23.7567 0.27032 30
    endloop
  endfacet
  facet normal -0 0 1
    outer loop
      vertex -23.2163 -0.810761 30
      vertex -23.2162 -0.810869 30
      vertex -23.2163 -0.270328 30
    endloop
  endfacet
  facet normal 0 0 1
    outer loop
      vertex -22.6757 -1.35141 30
      vertex -22.1352 -1.35141 30
      vertex -22.6757 -0.810869 30
    endloop
  endfacet
  facet normal -0 0 1
    outer loop
      vertex -22.6757 -1.89184 30
      vertex -22.6757 -2.43249 30
      vertex -22.1352 -1.89184 30
    endloop
  endfacet
  facet normal 0 0 1
    outer loop
      vertex -19.973 -0.270328 30
      vertex -19.4325 -0.270328 30
      vertex -19.4324 0.270213 30
    endloop
  endfacet
  facet normal 0 0 1
    outer loop
      vertex -19.4324 0.270213 30
      vertex -18.8918 0.270213 30
      vertex -18.8918 0.810753 30
    endloop
  endfacet
  facet normal -0 0 1
    outer loop
      vertex -22.1352 -2.43249 30
      vertex -21.5946 -2.97303 30
      vertex -21.5946 -2.43238 30
    endloop
  endfacet
  facet normal 0 0 1
    outer loop
      vertex -22.6757 -2.43249 30
      vertex -22.1352 -2.43249 30
      vertex -22.1352 -1.89184 30
    endloop
  endfacet
  facet normal 0 0 1
    outer loop
      vertex -14.027 -10 30
      vertex -15.1081 -9.45941 30
      vertex -16.1892 -10 30
    endloop
  endfacet
  facet normal 0 0 1
    outer loop
      vertex -21.5946 -3.51346 30
      vertex -22.1351 -4.05411 30
      vertex -21.5945 -3.51357 30
    endloop
  endfacet
  facet normal 0 0 1
    outer loop
      vertex -22.1352 -2.97303 30
      vertex -21.5946 -2.97303 30
      vertex -22.1352 -2.43249 30
    endloop
  endfacet
  facet normal 0 0 1
    outer loop
      vertex -14.5676 -8.37833 30
      vertex -14.027 -9.45952 30
      vertex -13.4864 -8.91898 30
    endloop
  endfacet
  facet normal 0 0 1
    outer loop
      vertex -22.6757 -4.59465 30
      vertex -22.1352 -4.054 30
      vertex -22.6757 -4.054 30
    endloop
  endfacet
  facet normal 0 0 1
    outer loop
      vertex -21.5946 -3.51346 30
      vertex -22.1352 -3.51346 30
      vertex -22.1352 -4.054 30
    endloop
  endfacet
  facet normal 0 0 1
    outer loop
      vertex -21.5946 -5.67563 30
      vertex -22.1352 -6.21617 30
      vertex -21.5946 -6.21627 30
    endloop
  endfacet
  facet normal -0 0 1
    outer loop
      vertex -22.1352 -4.054 30
      vertex -22.1351 -4.05411 30
      vertex -21.5946 -3.51346 30
    endloop
  endfacet
  facet normal 0 0 1
    outer loop
      vertex -22.1352 -4.054 30
      vertex -22.6757 -4.59465 30
      vertex -22.1351 -4.05411 30
    endloop
  endfacet
  facet normal 0 0 1
    outer loop
      vertex -22.1351 -4.05411 30
      vertex -21.5945 -4.05411 30
      vertex -21.5945 -3.51357 30
    endloop
  endfacet
  facet normal 0 0 1
    outer loop
      vertex -18.3513 -9.45952 30
      vertex -17.8109 -9.45952 30
      vertex -17.8108 -9.45941 30
    endloop
  endfacet
  facet normal -0 0 1
    outer loop
      vertex -21.5946 -3.51346 30
      vertex -21.5945 -3.51357 30
      vertex -21.5946 -2.97303 30
    endloop
  endfacet
  facet normal 0 -0 1
    outer loop
      vertex -21.5945 -3.51357 30
      vertex -21.0541 -3.51357 30
      vertex -21.5946 -2.97303 30
    endloop
  endfacet
  facet normal 0 0 1
    outer loop
      vertex -20.5135 -7.8379 30
      vertex -20.5136 -7.83779 30
      vertex -21.0541 -8.37833 30
    endloop
  endfacet
  facet normal 0 0 1
    outer loop
      vertex -21.0541 -4.05411 30
      vertex -20.5136 -4.05411 30
      vertex -21.0541 -3.51357 30
    endloop
  endfacet
  facet normal 0 0 1
    outer loop
      vertex -20.5135 -9.45941 30
      vertex -21.0541 -8.37833 30
      vertex -21.5946 -9.45941 30
    endloop
  endfacet
  facet normal 0 0 1
    outer loop
      vertex -21.054 -5.13519 30
      vertex -21.5946 -5.67563 30
      vertex -21.054 -5.67563 30
    endloop
  endfacet
  facet normal -0 0 1
    outer loop
      vertex -22.1352 -5.67563 30
      vertex -22.1352 -6.21617 30
      vertex -21.5946 -5.67563 30
    endloop
  endfacet
  facet normal -0 0 1
    outer loop
      vertex -22.6757 -6.21617 30
      vertex -22.6757 -6.75681 30
      vertex -22.1352 -6.21617 30
    endloop
  endfacet
  facet normal 0 0 1
    outer loop
      vertex -22.1351 -6.21627 30
      vertex -22.6757 -6.75681 30
      vertex -22.1351 -6.75681 30
    endloop
  endfacet
  facet normal 0 0 1
    outer loop
      vertex -22.1352 -6.21617 30
      vertex -22.1351 -6.21627 30
      vertex -21.5946 -6.21627 30
    endloop
  endfacet
  facet normal 0 0 1
    outer loop
      vertex -22.1352 -6.21617 30
      vertex -22.6757 -6.75681 30
      vertex -22.1351 -6.21627 30
    endloop
  endfacet
  facet normal 0 0 1
    outer loop
      vertex -21.054 -6.21627 30
      vertex -21.5946 -6.21627 30
      vertex -21.5946 -7.29725 30
    endloop
  endfacet
  facet normal 0 0 1
    outer loop
      vertex -20.5135 -7.8379 30
      vertex -21.0541 -8.37833 30
      vertex -20.5135 -9.45941 30
    endloop
  endfacet
  facet normal -0 0 1
    outer loop
      vertex -22.6757 -7.29725 30
      vertex -22.6757 -7.8379 30
      vertex -21.5946 -7.29725 30
    endloop
  endfacet
  facet normal 0 0 1
    outer loop
      vertex -21.054 -7.83779 30
      vertex -21.5946 -7.29725 30
      vertex -21.0541 -7.8379 30
    endloop
  endfacet
  facet normal 0 0 1
    outer loop
      vertex -21.5946 -7.29725 30
      vertex -22.6757 -7.8379 30
      vertex -21.0541 -7.8379 30
    endloop
  endfacet
  facet normal -0 0 1
    outer loop
      vertex -20.5135 -9.45941 30
      vertex -19.9729 -10 30
      vertex -19.9729 -9.45941 30
    endloop
  endfacet
  facet normal -0 0 1
    outer loop
      vertex -21.5946 -8.37833 30
      vertex -21.5946 -9.45941 30
      vertex -21.0541 -8.37833 30
    endloop
  endfacet
  facet normal 0 0 1
    outer loop
      vertex -18.3513 -9.45952 30
      vertex -18.8918 -8.91887 30
      vertex -18.8919 -9.45941 30
    endloop
  endfacet
  facet normal -0 0 1
    outer loop
      vertex -22.6757 -9.45941 30
      vertex -22.6757 -10 30
      vertex -21.5946 -9.45941 30
    endloop
  endfacet
  facet normal 0 0 1
    outer loop
      vertex -22.6757 -10 30
      vertex -19.9729 -10 30
      vertex -21.5946 -9.45941 30
    endloop
  endfacet
  facet normal 0 -0 1
    outer loop
      vertex -20.5136 -6.21627 30
      vertex -20.5136 -5.67563 30
      vertex -21.054 -6.21627 30
    endloop
  endfacet
  facet normal 0 0 1
    outer loop
      vertex -19.9729 -10 30
      vertex -20.5135 -9.45941 30
      vertex -21.5946 -9.45941 30
    endloop
  endfacet
  facet normal 0 0 1
    outer loop
      vertex -19.973 -8.91898 30
      vertex -19.4325 -8.37833 30
      vertex -19.973 -8.37833 30
    endloop
  endfacet
  facet normal 0 0 1
    outer loop
      vertex -18.3513 -9.45952 30
      vertex -17.8108 -8.91898 30
      vertex -17.8109 -8.91887 30
    endloop
  endfacet
  facet normal 0 0 1
    outer loop
      vertex -18.8919 -9.45941 30
      vertex -18.3513 -10 30
      vertex -18.3513 -9.45952 30
    endloop
  endfacet
  facet normal 0 0 1
    outer loop
      vertex -18.8918 -8.91887 30
      vertex -18.8919 -8.91898 30
      vertex -18.8919 -9.45941 30
    endloop
  endfacet
  facet normal 0 0 1
    outer loop
      vertex -19.4325 -8.37833 30
      vertex -19.973 -8.91898 30
      vertex -18.8919 -8.91898 30
    endloop
  endfacet
  facet normal 0 0 1
    outer loop
      vertex -15.6486 -7.29725 30
      vertex -16.1891 -7.29725 30
      vertex -15.6486 -7.83779 30
    endloop
  endfacet
  facet normal -0 0 1
    outer loop
      vertex -19.4325 -9.45941 30
      vertex -19.4325 -10 30
      vertex -18.8919 -9.45941 30
    endloop
  endfacet
  facet normal 0 0 1
    outer loop
      vertex -19.4325 -10 30
      vertex -18.3513 -10 30
      vertex -18.8919 -9.45941 30
    endloop
  endfacet
  facet normal 0 0 1
    outer loop
      vertex -16.7297 -8.37844 30
      vertex -16.1892 -8.37844 30
      vertex -16.1892 -7.83779 30
    endloop
  endfacet
  facet normal 0 0 1
    outer loop
      vertex -14.027 -9.45952 30
      vertex -13.4864 -9.45952 30
      vertex -13.4864 -8.91898 30
    endloop
  endfacet
  facet normal 0 0 1
    outer loop
      vertex -17.2702 -9.45941 30
      vertex -17.8108 -9.45941 30
      vertex -17.2702 -10 30
    endloop
  endfacet
  facet normal 0 0 1
    outer loop
      vertex -17.8109 -10 30
      vertex -17.2702 -10 30
      vertex -17.8109 -9.45952 30
    endloop
  endfacet
  facet normal -0 0 1
    outer loop
      vertex -16.1892 -8.37844 30
      vertex -15.6487 -8.91898 30
      vertex -15.6486 -7.83779 30
    endloop
  endfacet
  facet normal -0 0 1
    outer loop
      vertex -14.5676 -8.37833 30
      vertex -13.4864 -8.91898 30
      vertex -12.9459 -8.37833 30
    endloop
  endfacet
  facet normal 0 0 1
    outer loop
      vertex -18.3513 -9.45952 30
      vertex -17.8108 -9.45941 30
      vertex -17.8108 -8.91898 30
    endloop
  endfacet
  facet normal -0 0 1
    outer loop
      vertex -17.8109 -9.45952 30
      vertex -17.2702 -10 30
      vertex -17.8108 -9.45941 30
    endloop
  endfacet
  facet normal -0 0 1
    outer loop
      vertex -17.8109 -8.91887 30
      vertex -17.8108 -8.91898 30
      vertex -17.8109 -8.37844 30
    endloop
  endfacet
  facet normal -0 0 1
    outer loop
      vertex -15.1081 -9.45941 30
      vertex -14.027 -10 30
      vertex -14.5676 -9.45941 30
    endloop
  endfacet
  facet normal 0 0 1
    outer loop
      vertex -11.8648 -7.29736 30
      vertex -12.4055 -7.29736 30
      vertex -11.8648 -7.83779 30
    endloop
  endfacet
  facet normal 0 0 1
    outer loop
      vertex -16.7298 -9.45952 30
      vertex -16.1892 -9.45952 30
      vertex -16.7298 -8.91898 30
    endloop
  endfacet
  facet normal 0 0 1
    outer loop
      vertex -14.5676 -9.45941 30
      vertex -14.027 -10 30
      vertex -14.027 -9.45952 30
    endloop
  endfacet
  facet normal 0 0 1
    outer loop
      vertex -13.4864 -8.91898 30
      vertex -12.9459 -8.91898 30
      vertex -12.9459 -8.37833 30
    endloop
  endfacet
  facet normal 0 0 1
    outer loop
      vertex -16.1891 -6.75681 30
      vertex -15.6486 -6.75681 30
      vertex -15.6486 -6.21617 30
    endloop
  endfacet
  facet normal 0 -0 1
    outer loop
      vertex -21.054 -5.13519 30
      vertex -20.5136 -4.59454 30
      vertex -21.5946 -4.59454 30
    endloop
  endfacet
  facet normal 0 0 1
    outer loop
      vertex -17.8109 2.43248 30
      vertex -18.3514 2.43248 30
      vertex -18.3514 1.89194 30
    endloop
  endfacet
  facet normal 0 0 1
    outer loop
      vertex -11.3243 -6.21617 30
      vertex -11.8648 -6.21617 30
      vertex -11.8649 -6.75671 30
    endloop
  endfacet
  facet normal -0 0 1
    outer loop
      vertex -16.1892 -7.29736 30
      vertex -16.1892 -7.83779 30
      vertex -16.1891 -7.29725 30
    endloop
  endfacet
  facet normal 0 0 1
    outer loop
      vertex -15.1081 -7.83779 30
      vertex -15.6486 -7.83779 30
      vertex -15.6487 -8.91898 30
    endloop
  endfacet
  facet normal 0 0 1
    outer loop
      vertex -14.5676 -8.37833 30
      vertex -14.5676 -9.45941 30
      vertex -14.027 -9.45952 30
    endloop
  endfacet
  facet normal 0 0 1
    outer loop
      vertex -15.1081 -9.45941 30
      vertex -15.6487 -9.45941 30
      vertex -16.1892 -10 30
    endloop
  endfacet
  facet normal -0 0 1
    outer loop
      vertex -17.2703 -6.21627 30
      vertex -17.2703 -6.75671 30
      vertex -17.2702 -6.21617 30
    endloop
  endfacet
  facet normal 0 0 1
    outer loop
      vertex -12.9459 -7.8379 30
      vertex -12.946 -7.29725 30
      vertex -14.0271 -7.8379 30
    endloop
  endfacet
  facet normal 0 0 1
    outer loop
      vertex -17.2702 -6.75681 30
      vertex -17.2703 -6.75671 30
      vertex -17.8108 -6.75671 30
    endloop
  endfacet
  facet normal 0 -0 1
    outer loop
      vertex -16.1891 -6.21617 30
      vertex -16.1891 -5.67563 30
      vertex -16.7298 -6.21617 30
    endloop
  endfacet
  facet normal 0 -0 1
    outer loop
      vertex -14.027 -6.75681 30
      vertex -13.4864 -6.75681 30
      vertex -14.0271 -6.75671 30
    endloop
  endfacet
  facet normal -0 0 1
    outer loop
      vertex -17.2703 -6.75671 30
      vertex -17.2702 -6.75681 30
      vertex -17.2702 -6.21617 30
    endloop
  endfacet
  facet normal -0 0 1
    outer loop
      vertex -16.1891 -6.21617 30
      vertex -16.1891 -6.75681 30
      vertex -15.6486 -6.21617 30
    endloop
  endfacet
  facet normal 0 0 1
    outer loop
      vertex -17.8108 -4.59454 30
      vertex -18.3513 -5.13519 30
      vertex -17.2702 -5.13519 30
    endloop
  endfacet
  facet normal 0 0 1
    outer loop
      vertex -21.054 3.51356 30
      vertex -22.1352 3.51356 30
      vertex -21.5945 2.97292 30
    endloop
  endfacet
  facet normal 0 0 1
    outer loop
      vertex -16.1891 -5.67563 30
      vertex -16.7298 -5.67563 30
      vertex -16.7298 -6.21617 30
    endloop
  endfacet
  facet normal 0 0 1
    outer loop
      vertex -17.8108 -3.51346 30
      vertex -18.3514 -4.054 30
      vertex -17.8108 -4.05411 30
    endloop
  endfacet
  facet normal 0 -0 1
    outer loop
      vertex -19.4324 -2.97303 30
      vertex -19.4324 -2.43238 30
      vertex -19.973 -2.97292 30
    endloop
  endfacet
  facet normal 0 0 1
    outer loop
      vertex -17.2702 -6.75681 30
      vertex -17.8109 -7.29736 30
      vertex -17.2702 -7.83779 30
    endloop
  endfacet
  facet normal 0 -0 1
    outer loop
      vertex -16.7297 -6.21627 30
      vertex -16.1891 -6.21617 30
      vertex -16.7298 -6.21617 30
    endloop
  endfacet
  facet normal 0 0 1
    outer loop
      vertex -18.3514 -6.21627 30
      vertex -18.3514 -7.29725 30
      vertex -17.8108 -6.75671 30
    endloop
  endfacet
  facet normal 0 0 1
    outer loop
      vertex -17.8109 -6.21617 30
      vertex -17.2702 -5.67563 30
      vertex -17.8109 -5.67563 30
    endloop
  endfacet
  facet normal 0 0 1
    outer loop
      vertex -18.3514 -6.21627 30
      vertex -17.8109 -6.21617 30
      vertex -18.3513 -6.21617 30
    endloop
  endfacet
  facet normal 0 -0 1
    outer loop
      vertex -17.2702 -6.21617 30
      vertex -17.2702 -5.67563 30
      vertex -17.8109 -6.21617 30
    endloop
  endfacet
  facet normal 0 0 1
    outer loop
      vertex -17.8109 -8.37844 30
      vertex -17.8108 -8.91898 30
      vertex -16.7298 -8.91898 30
    endloop
  endfacet
  facet normal -0 0 1
    outer loop
      vertex -18.8919 -4.054 30
      vertex -18.8919 -4.59454 30
      vertex -18.3514 -4.054 30
    endloop
  endfacet
  facet normal 0 0 1
    outer loop
      vertex -16.1892 -3.51346 30
      vertex -16.7297 -3.51346 30
      vertex -16.1891 -3.51357 30
    endloop
  endfacet
  facet normal 0 0 1
    outer loop
      vertex -17.8108 -4.05411 30
      vertex -18.3514 -4.054 30
      vertex -17.8108 -4.59454 30
    endloop
  endfacet
  facet normal -0 0 1
    outer loop
      vertex -9.70275 2.43248 30
      vertex -9.70275 1.89194 30
      vertex -9.1621 2.43248 30
    endloop
  endfacet
  facet normal -0 0 1
    outer loop
      vertex -9.1621 1.89194 30
      vertex -8.08102 1.3514 30
      vertex -8.08102 1.89194 30
    endloop
  endfacet
  facet normal -0 0 1
    outer loop
      vertex -14.5675 -6.75671 30
      vertex -14.0271 -7.29736 30
      vertex -14.0271 -6.75671 30
    endloop
  endfacet
  facet normal -0 0 1
    outer loop
      vertex -11.8649 -1.35141 30
      vertex -11.8649 -1.89184 30
      vertex -11.8648 -1.3513 30
    endloop
  endfacet
  facet normal 0 0 1
    outer loop
      vertex -11.8648 -7.83779 30
      vertex -11.8649 -7.8379 30
      vertex -11.8649 -8.37833 30
    endloop
  endfacet
  facet normal 0 0 1
    outer loop
      vertex -12.4055 -2.97292 30
      vertex -11.3243 -2.43249 30
      vertex -12.4055 -2.43249 30
    endloop
  endfacet
  facet normal 0 0 1
    outer loop
      vertex -15.6487 -3.51357 30
      vertex -15.6487 -4.05411 30
      vertex -15.1082 -4.05411 30
    endloop
  endfacet
  facet normal -0 0 1
    outer loop
      vertex -11.3244 -4.05411 30
      vertex -11.3244 -4.59454 30
      vertex -11.3243 -4.054 30
    endloop
  endfacet
  facet normal 0 0 1
    outer loop
      vertex -15.1081 -4.054 30
      vertex -15.1082 -4.59465 30
      vertex -14.0271 -4.59465 30
    endloop
  endfacet
  facet normal 0 0 1
    outer loop
      vertex -14.0271 -7.8379 30
      vertex -12.946 -7.29725 30
      vertex -14.027 -7.29725 30
    endloop
  endfacet
  facet normal -0 0 1
    outer loop
      vertex -14.5676 -5.13509 30
      vertex -14.5676 -5.67573 30
      vertex -14.0271 -5.13509 30
    endloop
  endfacet
  facet normal 0 0 1
    outer loop
      vertex -14.5675 -6.75671 30
      vertex -15.1082 -7.29736 30
      vertex -14.0271 -7.29736 30
    endloop
  endfacet
  facet normal 0 0 1
    outer loop
      vertex -14.5676 -5.67573 30
      vertex -14.0271 -5.67573 30
      vertex -14.0271 -5.13509 30
    endloop
  endfacet
  facet normal 0 0 1
    outer loop
      vertex -12.9459 -7.29736 30
      vertex -12.946 -7.29725 30
      vertex -12.9459 -7.8379 30
    endloop
  endfacet
  facet normal 0 0 1
    outer loop
      vertex -14.5675 -6.21617 30
      vertex -15.1082 -6.21617 30
      vertex -14.5675 -6.75671 30
    endloop
  endfacet
  facet normal 0 0 1
    outer loop
      vertex -15.1082 -6.21617 30
      vertex -15.1082 -7.29736 30
      vertex -14.5675 -6.75671 30
    endloop
  endfacet
  facet normal 0 0 1
    outer loop
      vertex -12.4053 -6.21627 30
      vertex -11.8648 -6.21617 30
      vertex -11.8648 -5.13519 30
    endloop
  endfacet
  facet normal -0 0 1
    outer loop
      vertex -14.0271 -7.29736 30
      vertex -14.0271 -7.8379 30
      vertex -14.027 -7.29725 30
    endloop
  endfacet
  facet normal 0 0 1
    outer loop
      vertex -11.8649 -6.75671 30
      vertex -11.8648 -6.21617 30
      vertex -11.8649 -6.21627 30
    endloop
  endfacet
  facet normal 0 0 1
    outer loop
      vertex -11.8648 -9.45941 30
      vertex -11.8649 -9.45952 30
      vertex -11.3243 -10 30
    endloop
  endfacet
  facet normal 0 0 1
    outer loop
      vertex -12.4055 -7.8379 30
      vertex -11.8649 -7.8379 30
      vertex -12.4055 -7.29736 30
    endloop
  endfacet
  facet normal 0 0 1
    outer loop
      vertex -12.4055 -8.37833 30
      vertex -12.4055 -9.45941 30
      vertex -11.8648 -8.91898 30
    endloop
  endfacet
  facet normal -0 0 1
    outer loop
      vertex -11.8648 -9.45941 30
      vertex -11.3243 -10 30
      vertex -11.3243 -9.45941 30
    endloop
  endfacet
  facet normal -0 0 1
    outer loop
      vertex -12.946 -9.45941 30
      vertex -12.946 -10 30
      vertex -12.4055 -9.45941 30
    endloop
  endfacet
  facet normal 0 0 1
    outer loop
      vertex -12.946 -10 30
      vertex -12.4053 -10 30
      vertex -12.4053 -9.45952 30
    endloop
  endfacet
  facet normal 0 0 1
    outer loop
      vertex -12.4055 -9.45941 30
      vertex -12.4053 -9.45952 30
      vertex -11.8649 -9.45952 30
    endloop
  endfacet
  facet normal 0 0 1
    outer loop
      vertex -12.4055 -9.45941 30
      vertex -12.946 -10 30
      vertex -12.4053 -9.45952 30
    endloop
  endfacet
  facet normal 0 0 1
    outer loop
      vertex -11.8648 -8.91898 30
      vertex -11.8649 -9.45952 30
      vertex -11.8648 -9.45941 30
    endloop
  endfacet
  facet normal -0 0 1
    outer loop
      vertex -11.3244 -5.13519 30
      vertex -11.3244 -5.67573 30
      vertex -10.7837 -5.13519 30
    endloop
  endfacet
  facet normal 0 0 1
    outer loop
      vertex -11.8649 -10 30
      vertex -11.3243 -10 30
      vertex -11.8649 -9.45952 30
    endloop
  endfacet
  facet normal 0 0 1
    outer loop
      vertex -11.8649 -8.37833 30
      vertex -11.8648 -8.91898 30
      vertex -11.3243 -8.91898 30
    endloop
  endfacet
  facet normal 0 0 1
    outer loop
      vertex -8.62156 -2.43249 30
      vertex -9.70275 -2.97303 30
      vertex -8.62156 -3.51346 30
    endloop
  endfacet
  facet normal 0 0 1
    outer loop
      vertex -11.8648 -8.91898 30
      vertex -12.4055 -9.45941 30
      vertex -11.8649 -9.45952 30
    endloop
  endfacet
  facet normal 0 0 1
    outer loop
      vertex -11.8649 -8.37833 30
      vertex -12.4055 -8.37833 30
      vertex -11.8648 -8.91898 30
    endloop
  endfacet
  facet normal -0 0 1
    outer loop
      vertex -11.8649 -8.37833 30
      vertex -11.3243 -8.91898 30
      vertex -11.3243 -7.83779 30
    endloop
  endfacet
  facet normal 0 0 1
    outer loop
      vertex -11.8649 -8.37833 30
      vertex -11.3243 -7.83779 30
      vertex -11.8648 -7.83779 30
    endloop
  endfacet
  facet normal 0 0 1
    outer loop
      vertex -12.4055 -7.29736 30
      vertex -11.8649 -7.8379 30
      vertex -11.8648 -7.83779 30
    endloop
  endfacet
  facet normal 0 0 1
    outer loop
      vertex -11.3244 -4.59454 30
      vertex -11.8649 -5.13509 30
      vertex -11.3244 -5.13519 30
    endloop
  endfacet
  facet normal 0 -0 1
    outer loop
      vertex -14.027 -5.67563 30
      vertex -14.027 -5.13519 30
      vertex -14.0271 -5.67573 30
    endloop
  endfacet
  facet normal 0 0 1
    outer loop
      vertex -12.946 -5.13519 30
      vertex -13.4864 -4.59454 30
      vertex -14.027 -5.13519 30
    endloop
  endfacet
  facet normal -0 0 1
    outer loop
      vertex -7.54054 -6.75676 30
      vertex -7 -10 30
      vertex -7 -6.21622 30
    endloop
  endfacet
  facet normal -0 0 1
    outer loop
      vertex -11.8649 -6.75671 30
      vertex -11.3243 -7.29736 30
      vertex -11.3243 -6.21617 30
    endloop
  endfacet
  facet normal -0 0 1
    outer loop
      vertex -11.3244 -4.59454 30
      vertex -10.7837 -5.13519 30
      vertex -10.2432 -4.054 30
    endloop
  endfacet
  facet normal 0 0 1
    outer loop
      vertex -8.62156 -3.51346 30
      vertex -9.70275 -2.97303 30
      vertex -8.62167 -3.51357 30
    endloop
  endfacet
  facet normal 0 0 1
    outer loop
      vertex -10.2432 -4.054 30
      vertex -11.3243 -4.054 30
      vertex -11.3244 -4.59454 30
    endloop
  endfacet
  facet normal 0 0 1
    outer loop
      vertex -11.3244 -5.67573 30
      vertex -10.7837 -5.67573 30
      vertex -10.7837 -5.13519 30
    endloop
  endfacet
  facet normal 0 0 1
    outer loop
      vertex -10.2432 -4.054 30
      vertex -10.7837 -5.13519 30
      vertex -10.2432 -5.13519 30
    endloop
  endfacet
  facet normal -0 0 1
    outer loop
      vertex -13.4865 -4.054 30
      vertex -13.4864 -4.05411 30
      vertex -12.9459 -3.51357 30
    endloop
  endfacet
  facet normal 0 0 1
    outer loop
      vertex -9.16221 1.3514 30
      vertex -9.70265 1.3514 30
      vertex -9.16221 0.810753 30
    endloop
  endfacet
  facet normal 0 0 1
    outer loop
      vertex -6.99995 -3.51346 30
      vertex -8.62156 -3.51346 30
      vertex -6.99995 -4.05411 30
    endloop
  endfacet
  facet normal 0 -0 1
    outer loop
      vertex -7.54048 -1.35141 30
      vertex -7.54048 -0.810761 30
      vertex -7.54059 -0.810869 30
    endloop
  endfacet
  facet normal 0 0 1
    outer loop
      vertex -10.7838 -2.97303 30
      vertex -9.70275 -2.97303 30
      vertex -10.7837 -2.43238 30
    endloop
  endfacet
  facet normal 0 0 1
    outer loop
      vertex -7.54048 -1.35141 30
      vertex -7.54059 -1.89195 30
      vertex -7.54048 -1.89184 30
    endloop
  endfacet
  facet normal 0 0 1
    outer loop
      vertex -9.70275 -3.51357 30
      vertex -8.62167 -3.51357 30
      vertex -9.70275 -2.97303 30
    endloop
  endfacet
  facet normal 0 0 1
    outer loop
      vertex -8.62167 -4.05411 30
      vertex -6.99995 -4.05411 30
      vertex -8.62156 -3.51346 30
    endloop
  endfacet
  facet normal 0 -0 1
    outer loop
      vertex -9.1621 -5.67573 30
      vertex -9.1621 -5.13519 30
      vertex -9.70275 -5.67573 30
    endloop
  endfacet
  facet normal 0 0 1
    outer loop
      vertex -8.62167 -4.05411 30
      vertex -8.62156 -3.51346 30
      vertex -8.62167 -3.51357 30
    endloop
  endfacet
  facet normal 0 0 1
    outer loop
      vertex -8.08113 -1.89184 30
      vertex -8.62156 -2.43249 30
      vertex -8.08102 -1.89195 30
    endloop
  endfacet
  facet normal 0 0 1
    outer loop
      vertex -8.62167 -1.89195 30
      vertex -9.16221 -1.3513 30
      vertex -9.16221 -1.89195 30
    endloop
  endfacet
  facet normal 0 0 1
    outer loop
      vertex -8.62156 -2.43249 30
      vertex -8.08102 -2.43249 30
      vertex -8.08102 -1.89195 30
    endloop
  endfacet
  facet normal 0 0 1
    outer loop
      vertex -6.99995 -0.810761 30
      vertex -7.54048 -0.810761 30
      vertex -7.54048 -1.35141 30
    endloop
  endfacet
  facet normal 0 0 1
    outer loop
      vertex -7.54048 -1.35141 30
      vertex -6.99995 -1.35141 30
      vertex -6.99995 -0.810761 30
    endloop
  endfacet
  facet normal 0 0 1
    outer loop
      vertex -7.54059 -2.97303 30
      vertex -6.99995 -2.97303 30
      vertex -7.54059 -1.89195 30
    endloop
  endfacet
  facet normal 0 -0 1
    outer loop
      vertex -6.99995 -2.97303 30
      vertex -6.99995 -1.89184 30
      vertex -7.54059 -1.89195 30
    endloop
  endfacet
  facet normal 0 0 1
    outer loop
      vertex -7.54059 -1.3513 30
      vertex -7.54059 -1.89195 30
      vertex -7.54048 -1.35141 30
    endloop
  endfacet
  facet normal 0 0 1
    outer loop
      vertex -7.54059 -1.89195 30
      vertex -6.99995 -1.89184 30
      vertex -7.54048 -1.89184 30
    endloop
  endfacet
  facet normal 0 0 1
    outer loop
      vertex -8.62167 5.67572 30
      vertex -8.62167 5.13508 30
      vertex -8.08102 4.59464 30
    endloop
  endfacet
  facet normal 0 0 1
    outer loop
      vertex -9.1621 1.89194 30
      vertex -9.16221 1.3514 30
      vertex -8.08102 1.3514 30
    endloop
  endfacet
  facet normal -0 0 1
    outer loop
      vertex -9.16221 0.810753 30
      vertex -8.62167 0.270213 30
      vertex -8.08102 0.810753 30
    endloop
  endfacet
  facet normal -0 0 1
    outer loop
      vertex -7.54048 0.81086 30
      vertex -7.54048 0.270213 30
      vertex -6.99995 0.81086 30
    endloop
  endfacet
  facet normal 0 0 1
    outer loop
      vertex -7.54048 0.270213 30
      vertex -6.99995 0.270213 30
      vertex -6.99995 0.81086 30
    endloop
  endfacet
  facet normal 0 0 1
    outer loop
      vertex -8.08102 0.810753 30
      vertex -8.62167 0.270213 30
      vertex -8.08102 0.27032 30
    endloop
  endfacet
  facet normal 0 0 1
    outer loop
      vertex -7.54048 1.3514 30
      vertex -8.08102 1.3514 30
      vertex -7.54048 0.81086 30
    endloop
  endfacet
  facet normal 0 0 1
    outer loop
      vertex -10.7837 -2.43238 30
      vertex -11.3243 -1.89184 30
      vertex -10.7838 -2.43249 30
    endloop
  endfacet
  facet normal -0 0 1
    outer loop
      vertex -8.62167 5.67572 30
      vertex -8.08102 4.59464 30
      vertex -8.08102 6.75681 30
    endloop
  endfacet
  facet normal 0 0 1
    outer loop
      vertex -9.70275 1.89194 30
      vertex -9.1621 1.89194 30
      vertex -9.1621 2.43248 30
    endloop
  endfacet
  facet normal -0 0 1
    outer loop
      vertex -14.0271 7.83789 30
      vertex -14.0271 7.29735 30
      vertex -13.4865 7.83789 30
    endloop
  endfacet
  facet normal 0 0 1
    outer loop
      vertex -16.1892 6.21616 30
      vertex -15.6487 6.75681 30
      vertex -16.1891 6.75681 30
    endloop
  endfacet
  facet normal 0 0 1
    outer loop
      vertex -13.4865 8.37832 30
      vertex -13.4865 7.83789 30
      vertex -13.4864 7.83778 30
    endloop
  endfacet
  facet normal 0 0 1
    outer loop
      vertex -8.62156 -1.3513 30
      vertex -9.16221 -1.3513 30
      vertex -8.62156 -1.89184 30
    endloop
  endfacet
  facet normal 0 0 1
    outer loop
      vertex -11.3243 -1.89184 30
      vertex -11.3243 -2.43249 30
      vertex -10.7838 -2.43249 30
    endloop
  endfacet
  facet normal 0 0 1
    outer loop
      vertex -10.7838 7.83784 30
      vertex -9.70275 8.37843 30
      vertex -10.7838 8.37843 30
    endloop
  endfacet
  facet normal 0 0 1
    outer loop
      vertex -10.2432 3.51346 30
      vertex -9.70265 3.51346 30
      vertex -9.70265 5.13514 30
    endloop
  endfacet
  facet normal 0 -0 1
    outer loop
      vertex -10.2433 9.4594 30
      vertex -9.1621 10 30
      vertex -10.7838 10 30
    endloop
  endfacet
  facet normal 0 0 1
    outer loop
      vertex -8.62167 5.67572 30
      vertex -9.16221 5.13514 30
      vertex -8.62167 5.13508 30
    endloop
  endfacet
  facet normal 0 0 1
    outer loop
      vertex -9.16221 5.13508 30
      vertex -8.62167 5.13508 30
      vertex -9.16221 5.13514 30
    endloop
  endfacet
  facet normal 0 0 1
    outer loop
      vertex -8.62167 10 30
      vertex -8.62167 9.4594 30
      vertex -7.54059 9.4594 30
    endloop
  endfacet
  facet normal 0 0 1
    outer loop
      vertex -9.16221 4.59464 30
      vertex -9.16221 3.51346 30
      vertex -8.62156 4.0541 30
    endloop
  endfacet
  facet normal 0 0 1
    outer loop
      vertex -8.08102 4.054 30
      vertex -8.62156 4.0541 30
      vertex -8.08102 3.51346 30
    endloop
  endfacet
  facet normal 0 0 1
    outer loop
      vertex -8.08102 4.054 30
      vertex -8.08113 4.0541 30
      vertex -8.62156 4.0541 30
    endloop
  endfacet
  facet normal -0 0 1
    outer loop
      vertex -8.08102 4.59464 30
      vertex -8.08102 4.054 30
      vertex -6.99995 4.59464 30
    endloop
  endfacet
  facet normal 0 0 1
    outer loop
      vertex -8.08102 4.054 30
      vertex -6.99995 4.054 30
      vertex -6.99995 4.59464 30
    endloop
  endfacet
  facet normal -0 0 1
    outer loop
      vertex -7.54059 5.67572 30
      vertex -7.54059 5.13508 30
      vertex -6.99995 5.67572 30
    endloop
  endfacet
  facet normal 0 0 1
    outer loop
      vertex -8.62167 4.59464 30
      vertex -8.08102 4.59464 30
      vertex -8.62167 5.13508 30
    endloop
  endfacet
  facet normal -0 0 1
    outer loop
      vertex -8.08113 4.59454 30
      vertex -8.08102 4.054 30
      vertex -8.08102 4.59464 30
    endloop
  endfacet
  facet normal 0 0 1
    outer loop
      vertex -9.7027 7.2973 30
      vertex -9.7027 5.67568 30
      vertex -9.16216 7.29724 30
    endloop
  endfacet
  facet normal -0 0 1
    outer loop
      vertex -9.16216 5.67572 30
      vertex -9.16221 5.13514 30
      vertex -8.62167 5.67572 30
    endloop
  endfacet
  facet normal -0 0 1
    outer loop
      vertex -8.62167 6.75681 30
      vertex -8.62167 5.67572 30
      vertex -8.08102 6.75681 30
    endloop
  endfacet
  facet normal 0 0 1
    outer loop
      vertex -9.16216 5.67572 30
      vertex -9.7027 5.67568 30
      vertex -9.16221 5.13514 30
    endloop
  endfacet
  facet normal 0 0 1
    outer loop
      vertex -6.99995 10 30
      vertex -7.54059 8.91897 30
      vertex -7.54059 8.37832 30
    endloop
  endfacet
  facet normal 0 0 1
    outer loop
      vertex -7.54059 6.7567 30
      vertex -6.99995 6.7567 30
      vertex -7.54059 7.29724 30
    endloop
  endfacet
  facet normal 0 0 1
    outer loop
      vertex -7.54059 8.91897 30
      vertex -6.99995 10 30
      vertex -7.54059 9.4594 30
    endloop
  endfacet
  facet normal 0 0 1
    outer loop
      vertex -10.7838 10 30
      vertex -10.7838 9.4594 30
      vertex -10.2433 9.4594 30
    endloop
  endfacet
  facet normal -0 0 1
    outer loop
      vertex -8.08113 8.91897 30
      vertex -8.08113 8.37832 30
      vertex -7.54059 8.91897 30
    endloop
  endfacet
  facet normal -0 0 1
    outer loop
      vertex -8.62167 10 30
      vertex -7.54059 9.4594 30
      vertex -6.99995 10 30
    endloop
  endfacet
  facet normal 0 0 1
    outer loop
      vertex -6.99995 10 30
      vertex -7.54059 8.37832 30
      vertex -6.99995 6.7567 30
    endloop
  endfacet
  facet normal 0 0 1
    outer loop
      vertex -7.54059 7.83789 30
      vertex -8.62156 7.83789 30
      vertex -7.54059 7.29724 30
    endloop
  endfacet
  facet normal 0 0 1
    outer loop
      vertex -8.62156 7.83789 30
      vertex -9.16216 7.29724 30
      vertex -7.54059 7.29724 30
    endloop
  endfacet
  facet normal 0 0 1
    outer loop
      vertex -6.99995 6.7567 30
      vertex -7.54059 8.37832 30
      vertex -7.54059 7.83789 30
    endloop
  endfacet
  facet normal 0 0 1
    outer loop
      vertex -7.54059 8.91897 30
      vertex -8.08113 8.37832 30
      vertex -7.54059 8.37832 30
    endloop
  endfacet
  facet normal 0 0 1
    outer loop
      vertex -6.99995 6.7567 30
      vertex -7.54059 7.83789 30
      vertex -7.54059 7.29724 30
    endloop
  endfacet
  facet normal 0 0 1
    outer loop
      vertex -8.62156 8.37843 30
      vertex -9.1621 8.37843 30
      vertex -8.62156 7.83789 30
    endloop
  endfacet
  facet normal 0 -0 1
    outer loop
      vertex -13.4864 4.0541 30
      vertex -13.4864 4.59454 30
      vertex -13.4865 4.59464 30
    endloop
  endfacet
  facet normal 0 0 1
    outer loop
      vertex -14.0271 8.37832 30
      vertex -13.4865 8.37832 30
      vertex -14.0271 8.91886 30
    endloop
  endfacet
  facet normal 0 0 1
    outer loop
      vertex -12.946 9.45951 30
      vertex -13.4864 8.91886 30
      vertex -11.8648 8.91886 30
    endloop
  endfacet
  facet normal -0 0 1
    outer loop
      vertex -10.7838 7.83784 30
      vertex -9.7027 7.2973 30
      vertex -9.70265 7.83784 30
    endloop
  endfacet
  facet normal 0 -0 1
    outer loop
      vertex -9.70275 8.91886 30
      vertex -9.1621 10 30
      vertex -10.2433 9.4594 30
    endloop
  endfacet
  facet normal 0 0 1
    outer loop
      vertex -9.70275 8.91886 30
      vertex -10.2433 9.4594 30
      vertex -10.2433 8.91886 30
    endloop
  endfacet
  facet normal 0 -0 1
    outer loop
      vertex -9.1621 8.37843 30
      vertex -9.1621 10 30
      vertex -9.70275 8.91886 30
    endloop
  endfacet
  facet normal 0 0 1
    outer loop
      vertex -9.70265 7.83784 30
      vertex -9.70275 8.37843 30
      vertex -10.7838 7.83784 30
    endloop
  endfacet
  facet normal 0 0 1
    outer loop
      vertex -9.70265 8.37832 30
      vertex -9.70275 8.91886 30
      vertex -9.70275 8.37843 30
    endloop
  endfacet
  facet normal 0 0 1
    outer loop
      vertex -9.7027 5.67568 30
      vertex -9.16216 5.67572 30
      vertex -9.16216 7.29724 30
    endloop
  endfacet
  facet normal -0 0 1
    outer loop
      vertex -11.8649 7.83778 30
      vertex -11.8649 7.29735 30
      vertex -11.8648 7.83784 30
    endloop
  endfacet
  facet normal 0 0 1
    outer loop
      vertex -19.4324 7.83778 30
      vertex -18.8918 7.83778 30
      vertex -18.8918 8.37843 30
    endloop
  endfacet
  facet normal 0 0 1
    outer loop
      vertex -14.027 9.4594 30
      vertex -13.4864 9.45951 30
      vertex -13.4864 10 30
    endloop
  endfacet
  facet normal 0 0 1
    outer loop
      vertex -11.8648 8.37843 30
      vertex -13.4864 8.37843 30
      vertex -11.8649 7.83778 30
    endloop
  endfacet
  facet normal 0 0 1
    outer loop
      vertex -12.946 9.45951 30
      vertex -11.8648 10 30
      vertex -12.946 10 30
    endloop
  endfacet
  facet normal -0 0 1
    outer loop
      vertex -13.4864 9.45951 30
      vertex -13.4864 8.91886 30
      vertex -12.946 9.45951 30
    endloop
  endfacet
  facet normal 0 0 1
    outer loop
      vertex -14.5676 10 30
      vertex -14.5676 9.45951 30
      vertex -14.027 9.4594 30
    endloop
  endfacet
  facet normal 0 0 1
    outer loop
      vertex -11.8648 10 30
      vertex -12.946 9.45951 30
      vertex -11.8648 8.91886 30
    endloop
  endfacet
  facet normal 0 0 1
    outer loop
      vertex -13.4864 10 30
      vertex -14.5676 10 30
      vertex -14.027 9.4594 30
    endloop
  endfacet
  facet normal 0 0 1
    outer loop
      vertex -15.6487 6.75681 30
      vertex -15.1081 7.29735 30
      vertex -15.6487 7.83789 30
    endloop
  endfacet
  facet normal 0 0 1
    outer loop
      vertex -21.0541 10 30
      vertex -21.0541 8.91886 30
      vertex -20.5136 8.91886 30
    endloop
  endfacet
  facet normal 0 0 1
    outer loop
      vertex -15.1082 8.91886 30
      vertex -14.5676 9.45951 30
      vertex -15.1082 9.45951 30
    endloop
  endfacet
  facet normal -0 0 1
    outer loop
      vertex -13.4865 9.4594 30
      vertex -13.4864 8.91886 30
      vertex -13.4864 9.45951 30
    endloop
  endfacet
  facet normal 0 0 1
    outer loop
      vertex -15.1082 7.83789 30
      vertex -15.6487 7.83789 30
      vertex -15.1081 7.29735 30
    endloop
  endfacet
  facet normal 0 0 1
    outer loop
      vertex -15.6487 5.67562 30
      vertex -15.1081 5.67572 30
      vertex -15.1081 6.21616 30
    endloop
  endfacet
  facet normal 0 0 1
    outer loop
      vertex -13.4865 8.37832 30
      vertex -13.4864 8.91886 30
      vertex -13.4865 8.91897 30
    endloop
  endfacet
  facet normal 0 0 1
    outer loop
      vertex -15.1082 8.91886 30
      vertex -14.0271 8.91886 30
      vertex -14.5676 9.45951 30
    endloop
  endfacet
  facet normal -0 0 1
    outer loop
      vertex -13.4865 8.37832 30
      vertex -13.4864 7.83778 30
      vertex -13.4864 8.37843 30
    endloop
  endfacet
  facet normal 0 0 1
    outer loop
      vertex -13.4864 8.91886 30
      vertex -13.4865 8.37832 30
      vertex -13.4864 8.37843 30
    endloop
  endfacet
  facet normal -0 0 1
    outer loop
      vertex -19.4325 1.35129 30
      vertex -18.8918 0.810753 30
      vertex -18.3514 1.89194 30
    endloop
  endfacet
  facet normal -0 0 1
    outer loop
      vertex -13.4865 0.27032 30
      vertex -13.4865 -0.270328 30
      vertex -12.9459 0.27032 30
    endloop
  endfacet
  facet normal 0 0 1
    outer loop
      vertex -15.1082 7.83789 30
      vertex -15.1081 7.29735 30
      vertex -15.1081 7.83778 30
    endloop
  endfacet
  facet normal 0 0 1
    outer loop
      vertex -17.8108 10 30
      vertex -18.3514 8.91886 30
      vertex -17.8108 8.37832 30
    endloop
  endfacet
  facet normal 0 0 1
    outer loop
      vertex -14.5675 8.37843 30
      vertex -15.1081 7.83778 30
      vertex -14.5675 7.83778 30
    endloop
  endfacet
  facet normal 0 0 1
    outer loop
      vertex -17.2703 6.75681 30
      vertex -16.1891 7.29735 30
      vertex -17.2703 7.29735 30
    endloop
  endfacet
  facet normal 0 0 1
    outer loop
      vertex -14.5675 8.37843 30
      vertex -15.1082 8.37843 30
      vertex -15.1082 7.83789 30
    endloop
  endfacet
  facet normal 0 0 1
    outer loop
      vertex -14.5675 8.37843 30
      vertex -15.1082 7.83789 30
      vertex -15.1081 7.83778 30
    endloop
  endfacet
  facet normal 0 -0 1
    outer loop
      vertex -18.3513 3.51346 30
      vertex -18.3513 4.0541 30
      vertex -19.4325 4.0541 30
    endloop
  endfacet
  facet normal 0 0 1
    outer loop
      vertex -18.8919 6.75681 30
      vertex -17.8108 7.29735 30
      vertex -18.8919 7.29735 30
    endloop
  endfacet
  facet normal 0 0 1
    outer loop
      vertex -15.6486 10 30
      vertex -16.1892 10 30
      vertex -16.1892 9.45951 30
    endloop
  endfacet
  facet normal 0 0 1
    outer loop
      vertex -18.8918 5.13508 30
      vertex -19.4325 5.13518 30
      vertex -18.8918 4.59464 30
    endloop
  endfacet
  facet normal 0 0 1
    outer loop
      vertex -18.3513 4.0541 30
      vertex -18.8918 4.59464 30
      vertex -19.4325 4.0541 30
    endloop
  endfacet
  facet normal 0 -0 1
    outer loop
      vertex -16.1891 6.75681 30
      vertex -16.1891 7.29735 30
      vertex -17.2703 6.75681 30
    endloop
  endfacet
  facet normal 0 0 1
    outer loop
      vertex -18.8919 6.75681 30
      vertex -17.8108 6.75681 30
      vertex -17.8108 7.29735 30
    endloop
  endfacet
  facet normal -0 0 1
    outer loop
      vertex -20.5135 6.21627 30
      vertex -19.9729 6.21616 30
      vertex -19.973 6.21627 30
    endloop
  endfacet
  facet normal 0 -0 1
    outer loop
      vertex -19.9729 5.67562 30
      vertex -19.9729 6.21616 30
      vertex -20.5135 6.21627 30
    endloop
  endfacet
  facet normal 0 0 1
    outer loop
      vertex -19.4324 7.83778 30
      vertex -19.9729 7.29724 30
      vertex -19.4324 7.29724 30
    endloop
  endfacet
  facet normal 0 0 1
    outer loop
      vertex -19.973 7.83778 30
      vertex -20.5136 8.37843 30
      vertex -21.0541 7.83778 30
    endloop
  endfacet
  facet normal -0 0 1
    outer loop
      vertex -19.4325 7.83789 30
      vertex -19.4324 7.83778 30
      vertex -18.8918 8.37843 30
    endloop
  endfacet
  facet normal -0 0 1
    outer loop
      vertex -19.4325 8.37843 30
      vertex -19.4325 7.83789 30
      vertex -18.8918 8.37843 30
    endloop
  endfacet
  facet normal -0 0 1
    outer loop
      vertex -19.9729 7.83789 30
      vertex -19.973 7.83778 30
      vertex -19.4325 7.83789 30
    endloop
  endfacet
  facet normal 0 0 1
    outer loop
      vertex -19.973 7.83778 30
      vertex -19.4324 7.83778 30
      vertex -19.4325 7.83789 30
    endloop
  endfacet
  facet normal 0 0 1
    outer loop
      vertex -20.5136 8.37843 30
      vertex -21.0541 8.37843 30
      vertex -21.0541 7.83778 30
    endloop
  endfacet
  facet normal 0 0 1
    outer loop
      vertex -19.9729 10 30
      vertex -20.5136 8.91886 30
      vertex -19.9729 7.83789 30
    endloop
  endfacet
  facet normal 0 0 1
    outer loop
      vertex -19.9729 10 30
      vertex -21.0541 10 30
      vertex -20.5136 8.91886 30
    endloop
  endfacet
  facet normal 0 0 1
    outer loop
      vertex -20.5136 8.91886 30
      vertex -20.5136 8.37843 30
      vertex -19.9729 7.83789 30
    endloop
  endfacet
  facet normal 0 -0 1
    outer loop
      vertex -19.9729 6.75681 30
      vertex -19.9729 7.29724 30
      vertex -19.973 7.29735 30
    endloop
  endfacet
  facet normal 0 0 1
    outer loop
      vertex -19.4324 7.83778 30
      vertex -19.973 7.83778 30
      vertex -19.973 7.29735 30
    endloop
  endfacet
  facet normal 0 0 1
    outer loop
      vertex -19.9729 7.83789 30
      vertex -20.5136 8.37843 30
      vertex -19.973 7.83778 30
    endloop
  endfacet
  facet normal 0 0 1
    outer loop
      vertex -19.4324 7.83778 30
      vertex -19.973 7.29735 30
      vertex -19.9729 7.29724 30
    endloop
  endfacet
  facet normal 0 0 1
    outer loop
      vertex -19.973 7.29735 30
      vertex -20.5136 7.29735 30
      vertex -20.5136 6.75681 30
    endloop
  endfacet
  facet normal 0 0 1
    outer loop
      vertex -22.1352 6.21616 30
      vertex -21.0541 6.21616 30
      vertex -21.5945 6.75681 30
    endloop
  endfacet
  facet normal 0 0 1
    outer loop
      vertex -19.9729 6.75681 30
      vertex -19.973 7.29735 30
      vertex -20.5136 6.75681 30
    endloop
  endfacet
  facet normal 0 -0 1
    outer loop
      vertex -21.5945 6.75681 30
      vertex -21.5945 7.29735 30
      vertex -22.1351 7.29735 30
    endloop
  endfacet
  facet normal 0 0 1
    outer loop
      vertex -22.1351 7.83789 30
      vertex -22.6757 7.83789 30
      vertex -22.1351 7.29735 30
    endloop
  endfacet
  facet normal 0 0 1
    outer loop
      vertex -22.6757 7.29724 30
      vertex -22.1352 7.29724 30
      vertex -22.6757 7.83789 30
    endloop
  endfacet
  facet normal 0 0 1
    outer loop
      vertex -22.1351 7.29735 30
      vertex -22.1352 7.29724 30
      vertex -21.5945 6.75681 30
    endloop
  endfacet
  facet normal 0 0 1
    outer loop
      vertex -22.1351 7.29735 30
      vertex -22.6757 7.83789 30
      vertex -22.1352 7.29724 30
    endloop
  endfacet
  facet normal 0 0 1
    outer loop
      vertex -21.5945 6.75681 30
      vertex -22.1352 7.29724 30
      vertex -22.1352 6.21616 30
    endloop
  endfacet
  facet normal 0 0 1
    outer loop
      vertex -20.5136 6.75681 30
      vertex -21.5945 6.75681 30
      vertex -21.0541 6.21616 30
    endloop
  endfacet
  facet normal 0 0 1
    outer loop
      vertex -20.5135 6.21627 30
      vertex -21.0541 5.67562 30
      vertex -19.9729 5.67562 30
    endloop
  endfacet
  facet normal -0 0 1
    outer loop
      vertex -17.8109 5.67572 30
      vertex -17.8108 5.67562 30
      vertex -17.8109 6.21616 30
    endloop
  endfacet
  facet normal 0 0 1
    outer loop
      vertex -19.9729 6.75681 30
      vertex -19.973 6.7567 30
      vertex -19.4325 6.21616 30
    endloop
  endfacet
  facet normal 0 0 1
    outer loop
      vertex -20.5135 6.21627 30
      vertex -20.5136 6.75681 30
      vertex -21.0541 6.21616 30
    endloop
  endfacet
  facet normal -0 0 1
    outer loop
      vertex -19.9729 6.75681 30
      vertex -19.4325 6.21616 30
      vertex -18.8919 6.75681 30
    endloop
  endfacet
  facet normal 0 -0 1
    outer loop
      vertex -21.5946 -1.89195 30
      vertex -21.054 -1.35141 30
      vertex -22.1352 -1.35141 30
    endloop
  endfacet
  facet normal 0 0 1
    outer loop
      vertex -19.4325 5.13518 30
      vertex -19.973 5.13518 30
      vertex -19.973 4.59454 30
    endloop
  endfacet
  facet normal 0 0 1
    outer loop
      vertex -19.973 4.59454 30
      vertex -19.4325 4.59454 30
      vertex -19.4325 5.13518 30
    endloop
  endfacet
  facet normal 0 0 1
    outer loop
      vertex -22.1351 4.0541 30
      vertex -22.1352 4.054 30
      vertex -22.1352 3.51356 30
    endloop
  endfacet
  facet normal -0 0 1
    outer loop
      vertex -19.4325 0.81086 30
      vertex -18.8918 0.810753 30
      vertex -19.4325 1.35129 30
    endloop
  endfacet
  facet normal -0 0 1
    outer loop
      vertex -22.1352 4.59464 30
      vertex -22.1351 4.59454 30
      vertex -22.1351 5.13518 30
    endloop
  endfacet
  facet normal -0 0 1
    outer loop
      vertex -19.973 4.0541 30
      vertex -19.973 2.97292 30
      vertex -19.4325 4.0541 30
    endloop
  endfacet
  facet normal 0 0 1
    outer loop
      vertex -19.4325 1.35129 30
      vertex -19.973 1.89183 30
      vertex -19.973 1.35129 30
    endloop
  endfacet
  facet normal 0 0 1
    outer loop
      vertex -16.7297 6.21616 30
      vertex -17.8108 5.67562 30
      vertex -16.7297 5.67562 30
    endloop
  endfacet
  facet normal 0 0 1
    outer loop
      vertex -19.4325 4.0541 30
      vertex -19.973 2.97292 30
      vertex -19.4325 2.97292 30
    endloop
  endfacet
  facet normal 0 0 1
    outer loop
      vertex -20.5136 2.43248 30
      vertex -20.5136 1.89183 30
      vertex -19.973 1.89183 30
    endloop
  endfacet
  facet normal 0 0 1
    outer loop
      vertex -22.1351 2.43237 30
      vertex -22.1352 2.97292 30
      vertex -22.1352 2.43248 30
    endloop
  endfacet
  facet normal -0 0 1
    outer loop
      vertex -20.5136 2.43248 30
      vertex -19.973 1.89183 30
      vertex -19.4325 2.43248 30
    endloop
  endfacet
  facet normal 0 0 1
    outer loop
      vertex -21.5945 0.81086 30
      vertex -22.1352 0.81086 30
      vertex -22.1352 0.27032 30
    endloop
  endfacet
  facet normal 0 0 1
    outer loop
      vertex -18.3513 -1.35141 30
      vertex -18.8918 -0.810761 30
      vertex -19.4324 -1.35141 30
    endloop
  endfacet
  facet normal 0 -0 1
    outer loop
      vertex -14.5675 0.27032 30
      vertex -14.5675 0.81086 30
      vertex -15.1081 0.81086 30
    endloop
  endfacet
  facet normal 0 0 1
    outer loop
      vertex -19.4324 1.89194 30
      vertex -19.973 1.89183 30
      vertex -19.4325 1.35129 30
    endloop
  endfacet
  facet normal 0 -0 1
    outer loop
      vertex -20.5136 -4.05411 30
      vertex -20.5136 -3.51346 30
      vertex -21.054 -3.51346 30
    endloop
  endfacet
  facet normal 0 -0 1
    outer loop
      vertex -19.973 -1.89195 30
      vertex -19.4325 -1.3513 30
      vertex -20.5135 -1.3513 30
    endloop
  endfacet
  facet normal 0 0 1
    outer loop
      vertex -19.4325 -5.13509 30
      vertex -19.9729 -5.67573 30
      vertex -18.8919 -5.67573 30
    endloop
  endfacet
  facet normal 0 0 1
    outer loop
      vertex -15.1082 -2.43238 30
      vertex -15.1081 -2.97303 30
      vertex -14.5675 -2.43249 30
    endloop
  endfacet
  facet normal 0 -0 1
    outer loop
      vertex -19.4324 -0.270221 30
      vertex -19.4324 0.270213 30
      vertex -19.4325 -0.270328 30
    endloop
  endfacet
  facet normal 0 0 1
    outer loop
      vertex -18.8919 -2.43238 30
      vertex -18.3513 -2.43238 30
      vertex -18.3513 -1.89184 30
    endloop
  endfacet
  facet normal -0 0 1
    outer loop
      vertex -22.1352 -1.89184 30
      vertex -21.5946 -1.89195 30
      vertex -22.1352 -1.35141 30
    endloop
  endfacet
  facet normal 0 0 1
    outer loop
      vertex -22.1352 -0.810761 30
      vertex -22.6757 -0.810869 30
      vertex -22.1352 -1.35141 30
    endloop
  endfacet
  facet normal 0 0 1
    outer loop
      vertex -21.0541 0.270213 30
      vertex -20.5135 0.81086 30
      vertex -21.0541 0.81086 30
    endloop
  endfacet
  facet normal 0 0 1
    outer loop
      vertex -21.5945 0.81086 30
      vertex -22.1352 0.27032 30
      vertex -21.5945 -0.270221 30
    endloop
  endfacet
  facet normal -0 0 1
    outer loop
      vertex -23.7568 0.270213 30
      vertex -23.7567 -0.270328 30
      vertex -23.7567 0.27032 30
    endloop
  endfacet
  facet normal 0 0 1
    outer loop
      vertex -23.2162 -0.810869 30
      vertex -22.6757 -0.810869 30
      vertex -22.6756 -0.810761 30
    endloop
  endfacet
  facet normal 0 0 1
    outer loop
      vertex -23.7567 -0.810761 30
      vertex -23.2162 -1.35141 30
      vertex -23.2162 -0.810869 30
    endloop
  endfacet
  facet normal -0 0 1
    outer loop
      vertex -24.2973 -0.270221 30
      vertex -23.7567 -0.810761 30
      vertex -23.7568 -0.270221 30
    endloop
  endfacet
  facet normal 0 0 1
    outer loop
      vertex -24.2973 -1.35141 30
      vertex -23.2162 -1.35141 30
      vertex -23.7567 -0.810761 30
    endloop
  endfacet
  facet normal 0 0 1
    outer loop
      vertex -23.2163 -0.270328 30
      vertex -23.7567 0.27032 30
      vertex -23.7567 -0.270328 30
    endloop
  endfacet
  facet normal 0 0 1
    outer loop
      vertex -22.1352 0.27032 30
      vertex -22.1352 -0.270328 30
      vertex -21.5945 -0.270221 30
    endloop
  endfacet
  facet normal 0 0 1
    outer loop
      vertex -22.6756 -0.270328 30
      vertex -23.2163 -0.270328 30
      vertex -23.2162 -0.810869 30
    endloop
  endfacet
  facet normal 0 0 1
    outer loop
      vertex -21.054 -1.35141 30
      vertex -22.1352 -0.810761 30
      vertex -22.1352 -1.35141 30
    endloop
  endfacet
  facet normal 0 0 1
    outer loop
      vertex -21.5945 -0.270221 30
      vertex -22.1352 -0.270328 30
      vertex -22.1352 -0.810761 30
    endloop
  endfacet
  facet normal 0 0 1
    outer loop
      vertex -22.6756 -0.270328 30
      vertex -23.2162 -0.810869 30
      vertex -22.6756 -0.810761 30
    endloop
  endfacet
  facet normal 0 0 1
    outer loop
      vertex -22.1352 0.27032 30
      vertex -22.6756 -0.270328 30
      vertex -22.1352 -0.270328 30
    endloop
  endfacet
  facet normal 0 0 1
    outer loop
      vertex -22.1352 0.27032 30
      vertex -23.7567 0.27032 30
      vertex -22.6756 -0.270328 30
    endloop
  endfacet
  facet normal 0 0 1
    outer loop
      vertex -21.054 -1.35141 30
      vertex -21.5946 -1.89195 30
      vertex -21.5946 -2.43238 30
    endloop
  endfacet
  facet normal -0 0 1
    outer loop
      vertex -22.1351 -2.43238 30
      vertex -22.1352 -2.43249 30
      vertex -21.5946 -2.43238 30
    endloop
  endfacet
  facet normal 0 0 1
    outer loop
      vertex -22.1351 -1.89195 30
      vertex -22.1352 -2.43249 30
      vertex -22.1351 -2.43238 30
    endloop
  endfacet
  facet normal 0 0 1
    outer loop
      vertex -22.1352 -1.89184 30
      vertex -22.1351 -1.89195 30
      vertex -21.5946 -1.89195 30
    endloop
  endfacet
  facet normal 0 0 1
    outer loop
      vertex -22.1352 -1.89184 30
      vertex -22.1352 -2.43249 30
      vertex -22.1351 -1.89195 30
    endloop
  endfacet
  facet normal 0 0 1
    outer loop
      vertex -21.0541 -8.37833 30
      vertex -20.5136 -7.83779 30
      vertex -21.054 -7.83779 30
    endloop
  endfacet
  facet normal 0 0 1
    outer loop
      vertex -18.8918 -7.8379 30
      vertex -19.4325 -8.37833 30
      vertex -18.8918 -8.91887 30
    endloop
  endfacet
  facet normal 0 0 1
    outer loop
      vertex -19.4325 -7.8379 30
      vertex -20.5136 -7.29725 30
      vertex -20.5135 -7.8379 30
    endloop
  endfacet
  facet normal 0 0 1
    outer loop
      vertex -20.5135 -7.8379 30
      vertex -20.5136 -7.29725 30
      vertex -20.5136 -7.83779 30
    endloop
  endfacet
  facet normal 0 0 1
    outer loop
      vertex -18.3514 -7.29725 30
      vertex -20.5136 -7.29725 30
      vertex -19.4325 -7.8379 30
    endloop
  endfacet
  facet normal 0 0 1
    outer loop
      vertex -20.5136 -6.21627 30
      vertex -20.5136 -6.75681 30
      vertex -19.9729 -6.75681 30
    endloop
  endfacet
  facet normal 0 0 1
    outer loop
      vertex -21.0541 -8.37833 30
      vertex -21.054 -7.83779 30
      vertex -21.0541 -7.8379 30
    endloop
  endfacet
  facet normal -0 0 1
    outer loop
      vertex -21.054 -5.67563 30
      vertex -21.054 -6.21627 30
      vertex -20.5136 -5.67563 30
    endloop
  endfacet
  facet normal 0 0 1
    outer loop
      vertex -21.054 -5.67563 30
      vertex -21.5946 -6.21627 30
      vertex -21.054 -6.21627 30
    endloop
  endfacet
  facet normal 0 -0 1
    outer loop
      vertex -21.054 -7.83779 30
      vertex -21.054 -6.21627 30
      vertex -21.5946 -7.29725 30
    endloop
  endfacet
  facet normal 0 0 1
    outer loop
      vertex -18.8918 -6.21627 30
      vertex -18.8919 -6.21617 30
      vertex -19.4325 -6.75681 30
    endloop
  endfacet
  facet normal -0 0 1
    outer loop
      vertex -18.8919 -4.59454 30
      vertex -18.3513 -5.13519 30
      vertex -17.8108 -4.59454 30
    endloop
  endfacet
  facet normal 0 -0 1
    outer loop
      vertex -19.9729 -6.75681 30
      vertex -19.9729 -5.67573 30
      vertex -20.5136 -6.21627 30
    endloop
  endfacet
  facet normal 0 0 1
    outer loop
      vertex -19.4325 -4.59465 30
      vertex -18.8919 -4.59454 30
      vertex -19.4324 -4.59454 30
    endloop
  endfacet
  facet normal 0 -0 1
    outer loop
      vertex -18.3513 -6.21617 30
      vertex -18.3513 -5.13519 30
      vertex -18.8919 -5.67573 30
    endloop
  endfacet
  facet normal 0 0 1
    outer loop
      vertex -19.4325 -6.75681 30
      vertex -18.8919 -6.21617 30
      vertex -19.4325 -6.21617 30
    endloop
  endfacet
  facet normal 0 0 1
    outer loop
      vertex -18.3513 -6.21617 30
      vertex -18.8919 -5.67573 30
      vertex -18.8919 -6.21617 30
    endloop
  endfacet
  facet normal 0 -0 1
    outer loop
      vertex -18.8918 -6.75681 30
      vertex -18.8918 -6.21627 30
      vertex -19.4325 -6.75681 30
    endloop
  endfacet
  facet normal -0 0 1
    outer loop
      vertex -18.3514 -7.29725 30
      vertex -17.8109 -7.29736 30
      vertex -17.8108 -6.75671 30
    endloop
  endfacet
  facet normal 0 0 1
    outer loop
      vertex -18.3513 -6.21617 30
      vertex -18.8919 -6.21617 30
      vertex -18.8918 -6.21627 30
    endloop
  endfacet
  facet normal 0 0 1
    outer loop
      vertex -18.3513 -6.21617 30
      vertex -18.8918 -6.21627 30
      vertex -18.3514 -6.21627 30
    endloop
  endfacet
  facet normal -0 0 1
    outer loop
      vertex -20.5136 -1.35141 30
      vertex -19.973 -1.89195 30
      vertex -20.5135 -1.3513 30
    endloop
  endfacet
  facet normal 0 0 1
    outer loop
      vertex -19.4324 -4.054 30
      vertex -20.5135 -4.054 30
      vertex -19.9729 -4.59465 30
    endloop
  endfacet
  facet normal 0 -0 1
    outer loop
      vertex -20.5135 -3.51357 30
      vertex -19.973 -2.97292 30
      vertex -20.5136 -3.51346 30
    endloop
  endfacet
  facet normal 0 -0 1
    outer loop
      vertex -21.0541 -3.51357 30
      vertex -21.054 -3.51346 30
      vertex -21.5946 -2.97303 30
    endloop
  endfacet
  facet normal -0 0 1
    outer loop
      vertex -20.5136 -2.97292 30
      vertex -20.5136 -3.51346 30
      vertex -19.973 -2.97292 30
    endloop
  endfacet
  facet normal 0 0 1
    outer loop
      vertex -21.054 -3.51346 30
      vertex -21.0541 -3.51357 30
      vertex -20.5136 -4.05411 30
    endloop
  endfacet
  facet normal 0 0 1
    outer loop
      vertex -21.054 -1.35141 30
      vertex -20.5136 -1.35141 30
      vertex -20.5135 -1.3513 30
    endloop
  endfacet
  facet normal 0 0 1
    outer loop
      vertex -20.5135 -0.270221 30
      vertex -21.054 -1.35141 30
      vertex -20.5135 -1.3513 30
    endloop
  endfacet
  facet normal 0 0 1
    outer loop
      vertex -21.5945 -0.270221 30
      vertex -22.1352 -0.810761 30
      vertex -21.054 -1.35141 30
    endloop
  endfacet
  facet normal 0 0 1
    outer loop
      vertex -21.054 -3.51346 30
      vertex -21.5946 -2.43238 30
      vertex -21.5946 -2.97303 30
    endloop
  endfacet
  facet normal 0 -0 1
    outer loop
      vertex -21.054 -3.51346 30
      vertex -21.054 -1.35141 30
      vertex -21.5946 -2.43238 30
    endloop
  endfacet
  facet normal 0 0 1
    outer loop
      vertex -19.973 -1.89195 30
      vertex -20.5136 -1.35141 30
      vertex -20.5136 -1.89195 30
    endloop
  endfacet
  facet normal 0 0 1
    outer loop
      vertex -21.054 -5.13519 30
      vertex -20.5136 -5.13519 30
      vertex -20.5136 -4.59454 30
    endloop
  endfacet
  facet normal -0 0 1
    outer loop
      vertex -19.4325 -4.59465 30
      vertex -19.4325 -5.13509 30
      vertex -18.8919 -4.59454 30
    endloop
  endfacet
  facet normal 0 0 1
    outer loop
      vertex -19.9729 -5.67573 30
      vertex -20.5136 -5.67563 30
      vertex -20.5136 -6.21627 30
    endloop
  endfacet
  facet normal 0 0 1
    outer loop
      vertex -19.9729 -5.67573 30
      vertex -20.5136 -5.13519 30
      vertex -20.5136 -5.67563 30
    endloop
  endfacet
  facet normal 0 0 1
    outer loop
      vertex -21.5946 -6.21627 30
      vertex -21.054 -5.67563 30
      vertex -21.5946 -5.67563 30
    endloop
  endfacet
  facet normal 0 0 1
    outer loop
      vertex -21.5946 -5.67563 30
      vertex -21.054 -5.13519 30
      vertex -21.5946 -4.59454 30
    endloop
  endfacet
  facet normal 0 0 1
    outer loop
      vertex -19.4325 6.21616 30
      vertex -19.973 6.7567 30
      vertex -19.973 6.21627 30
    endloop
  endfacet
  facet normal 0 0 1
    outer loop
      vertex -19.9729 6.75681 30
      vertex -20.5136 6.75681 30
      vertex -20.5135 6.7567 30
    endloop
  endfacet
  facet normal 0 0 1
    outer loop
      vertex -19.4325 6.21616 30
      vertex -19.973 6.21627 30
      vertex -19.9729 6.21616 30
    endloop
  endfacet
  facet normal 0 0 1
    outer loop
      vertex -20.5135 6.7567 30
      vertex -20.5136 6.75681 30
      vertex -20.5135 6.21627 30
    endloop
  endfacet
  facet normal 0 0 1
    outer loop
      vertex -21.0541 5.67562 30
      vertex -20.5135 6.21627 30
      vertex -21.0541 6.21616 30
    endloop
  endfacet
  facet normal 0 -0 1
    outer loop
      vertex -19.973 6.7567 30
      vertex -19.9729 6.75681 30
      vertex -20.5135 6.7567 30
    endloop
  endfacet
  facet normal 0 0 1
    outer loop
      vertex -17.2703 -3.51346 30
      vertex -16.7297 -2.43249 30
      vertex -17.2703 -2.43238 30
    endloop
  endfacet
  facet normal 0 0 1
    outer loop
      vertex -14.5675 4.59464 30
      vertex -14.027 3.51346 30
      vertex -13.4864 4.0541 30
    endloop
  endfacet
  facet normal 0 0 1
    outer loop
      vertex -17.8108 -4.59454 30
      vertex -18.3514 -4.054 30
      vertex -18.8919 -4.59454 30
    endloop
  endfacet
  facet normal 0 0 1
    outer loop
      vertex -19.4324 -3.51357 30
      vertex -19.973 -2.97292 30
      vertex -20.5135 -3.51357 30
    endloop
  endfacet
  facet normal -0 0 1
    outer loop
      vertex -19.4325 -5.13509 30
      vertex -18.3513 -5.13519 30
      vertex -18.8919 -4.59454 30
    endloop
  endfacet
  facet normal -0 0 1
    outer loop
      vertex -20.5136 -4.59454 30
      vertex -19.9729 -4.59465 30
      vertex -20.5135 -4.054 30
    endloop
  endfacet
  facet normal 0 0 1
    outer loop
      vertex -19.9729 -5.13509 30
      vertex -20.5136 -5.13519 30
      vertex -19.9729 -5.67573 30
    endloop
  endfacet
  facet normal 0 0 1
    outer loop
      vertex -20.5135 -4.054 30
      vertex -20.5136 -4.05411 30
      vertex -20.5136 -4.59454 30
    endloop
  endfacet
  facet normal 0 0 1
    outer loop
      vertex -20.5135 -3.51357 30
      vertex -20.5136 -4.05411 30
      vertex -20.5135 -4.054 30
    endloop
  endfacet
  facet normal 0 0 1
    outer loop
      vertex -20.5136 -3.51346 30
      vertex -20.5136 -4.05411 30
      vertex -20.5135 -3.51357 30
    endloop
  endfacet
  facet normal 0 0 1
    outer loop
      vertex -19.4324 -2.97303 30
      vertex -19.973 -2.97292 30
      vertex -19.4324 -3.51357 30
    endloop
  endfacet
  facet normal 0 -0 1
    outer loop
      vertex -18.3514 -2.97303 30
      vertex -18.3513 -2.43238 30
      vertex -18.8919 -2.43238 30
    endloop
  endfacet
  facet normal 0 0 1
    outer loop
      vertex -19.4324 -4.054 30
      vertex -19.9729 -4.59465 30
      vertex -19.4324 -4.59454 30
    endloop
  endfacet
  facet normal -0 0 1
    outer loop
      vertex -19.9729 -5.13509 30
      vertex -19.9729 -5.67573 30
      vertex -19.4325 -5.13509 30
    endloop
  endfacet
  facet normal 0 0 1
    outer loop
      vertex -18.3513 -5.13519 30
      vertex -19.4325 -5.13509 30
      vertex -18.8919 -5.67573 30
    endloop
  endfacet
  facet normal 0 0 1
    outer loop
      vertex -19.9729 -4.59465 30
      vertex -20.5136 -4.59454 30
      vertex -19.9729 -5.13509 30
    endloop
  endfacet
  facet normal 0 0 1
    outer loop
      vertex -20.5136 -4.59454 30
      vertex -20.5136 -5.13519 30
      vertex -19.9729 -5.13509 30
    endloop
  endfacet
  facet normal 0 -0 1
    outer loop
      vertex -19.4325 -4.59465 30
      vertex -19.4324 -4.59454 30
      vertex -19.9729 -4.59465 30
    endloop
  endfacet
  facet normal 0 0 1
    outer loop
      vertex -18.8918 -0.810761 30
      vertex -19.4325 -1.3513 30
      vertex -19.4324 -1.35141 30
    endloop
  endfacet
  facet normal 0 0 1
    outer loop
      vertex -16.7298 -2.43238 30
      vertex -16.1891 -1.35141 30
      vertex -16.7298 -1.3513 30
    endloop
  endfacet
  facet normal 0 0 1
    outer loop
      vertex -15.6487 -2.97292 30
      vertex -16.1891 -3.51357 30
      vertex -15.6487 -3.51357 30
    endloop
  endfacet
  facet normal -0 0 1
    outer loop
      vertex -16.1892 -3.51346 30
      vertex -16.1891 -3.51357 30
      vertex -15.6487 -2.97292 30
    endloop
  endfacet
  facet normal -0 0 1
    outer loop
      vertex -15.6487 -2.43238 30
      vertex -15.6487 -2.97292 30
      vertex -15.1082 -2.43238 30
    endloop
  endfacet
  facet normal 0 0 1
    outer loop
      vertex -17.8108 -4.05411 30
      vertex -16.1891 -4.05411 30
      vertex -16.7297 -3.51346 30
    endloop
  endfacet
  facet normal 0 0 1
    outer loop
      vertex -18.3514 -4.054 30
      vertex -17.8108 -3.51346 30
      vertex -18.3514 -2.97303 30
    endloop
  endfacet
  facet normal 0 0 1
    outer loop
      vertex -17.8108 -4.05411 30
      vertex -17.2703 -3.51346 30
      vertex -17.8108 -3.51346 30
    endloop
  endfacet
  facet normal 0 0 1
    outer loop
      vertex -17.2702 -1.3513 30
      vertex -17.8109 -1.3513 30
      vertex -17.8109 -1.89195 30
    endloop
  endfacet
  facet normal -0 0 1
    outer loop
      vertex -18.3514 -2.97303 30
      vertex -17.8108 -3.51346 30
      vertex -17.8108 -2.43238 30
    endloop
  endfacet
  facet normal -0 0 1
    outer loop
      vertex -18.8919 -1.89184 30
      vertex -18.8919 -2.43238 30
      vertex -18.3513 -1.89184 30
    endloop
  endfacet
  facet normal 0 0 1
    outer loop
      vertex -18.3514 -2.97303 30
      vertex -17.8108 -2.43238 30
      vertex -18.3513 -2.43238 30
    endloop
  endfacet
  facet normal -0 0 1
    outer loop
      vertex -19.973 -1.89195 30
      vertex -19.4324 -2.43238 30
      vertex -19.4324 -1.35141 30
    endloop
  endfacet
  facet normal -0 0 1
    outer loop
      vertex -19.4324 -2.43238 30
      vertex -19.4324 -2.97303 30
      vertex -18.8919 -2.43238 30
    endloop
  endfacet
  facet normal 0 0 1
    outer loop
      vertex -19.4324 -2.97303 30
      vertex -18.3514 -2.97303 30
      vertex -18.8919 -2.43238 30
    endloop
  endfacet
  facet normal 0 0 1
    outer loop
      vertex -19.973 -1.89195 30
      vertex -19.973 -2.97292 30
      vertex -19.4324 -2.43238 30
    endloop
  endfacet
  facet normal 0 0 1
    outer loop
      vertex -19.973 -1.89195 30
      vertex -19.4324 -1.35141 30
      vertex -19.4325 -1.3513 30
    endloop
  endfacet
  facet normal -0 0 1
    outer loop
      vertex -18.8918 -0.810761 30
      vertex -18.3513 -1.35141 30
      vertex -18.3513 -0.810761 30
    endloop
  endfacet
  facet normal 0 0 1
    outer loop
      vertex -19.4325 -0.270328 30
      vertex -19.4325 -1.3513 30
      vertex -18.8918 -0.810761 30
    endloop
  endfacet
  facet normal -0 0 1
    outer loop
      vertex -19.4324 -0.270221 30
      vertex -18.8918 -0.810761 30
      vertex -18.8918 -0.270221 30
    endloop
  endfacet
  facet normal 0 0 1
    outer loop
      vertex -19.973 0.81086 30
      vertex -19.973 -0.270328 30
      vertex -19.4324 0.270213 30
    endloop
  endfacet
  facet normal -0 0 1
    outer loop
      vertex -19.4325 -0.270328 30
      vertex -18.8918 -0.810761 30
      vertex -19.4324 -0.270221 30
    endloop
  endfacet
  facet normal -0 0 1
    outer loop
      vertex -19.973 0.81086 30
      vertex -19.4324 0.270213 30
      vertex -19.4325 0.81086 30
    endloop
  endfacet
  facet normal 0 0 1
    outer loop
      vertex -19.4325 0.81086 30
      vertex -19.4324 0.270213 30
      vertex -18.8918 0.810753 30
    endloop
  endfacet
  facet normal 0 0 1
    outer loop
      vertex -18.3514 1.89194 30
      vertex -18.8918 0.810753 30
      vertex -17.8109 0.810753 30
    endloop
  endfacet
  facet normal -0 0 1
    outer loop
      vertex -17.8109 2.97302 30
      vertex -17.8109 2.43248 30
      vertex -17.2703 2.97302 30
    endloop
  endfacet
  facet normal 0 0 1
    outer loop
      vertex -16.7297 0.810753 30
      vertex -16.1892 0.810753 30
      vertex -16.1891 0.81086 30
    endloop
  endfacet
  facet normal 0 0 1
    outer loop
      vertex -14.0271 2.43248 30
      vertex -14.0271 1.89194 30
      vertex -13.4865 1.89183 30
    endloop
  endfacet
  facet normal 0 0 1
    outer loop
      vertex -17.8109 0.810753 30
      vertex -17.8109 0.270213 30
      vertex -17.2703 0.270213 30
    endloop
  endfacet
  facet normal 0 0 1
    outer loop
      vertex -17.2703 -0.270221 30
      vertex -17.8109 -0.270221 30
      vertex -17.8109 -0.810869 30
    endloop
  endfacet
  facet normal 0 0 1
    outer loop
      vertex -17.8109 -0.810869 30
      vertex -16.1892 -0.810869 30
      vertex -17.2703 -0.270221 30
    endloop
  endfacet
  facet normal 0 0 1
    outer loop
      vertex -17.2702 -1.3513 30
      vertex -17.8109 -1.89195 30
      vertex -17.2702 -1.89195 30
    endloop
  endfacet
  facet normal 0 0 1
    outer loop
      vertex -19.4325 2.97292 30
      vertex -18.8918 2.97292 30
      vertex -19.4325 4.0541 30
    endloop
  endfacet
  facet normal 0 -0 1
    outer loop
      vertex -11.8648 -1.3513 30
      vertex -11.8648 -0.810761 30
      vertex -12.4053 -0.810761 30
    endloop
  endfacet
  facet normal 0 0 1
    outer loop
      vertex -15.1081 1.35129 30
      vertex -15.6487 1.89194 30
      vertex -15.6487 0.81086 30
    endloop
  endfacet
  facet normal 0 0 1
    outer loop
      vertex -19.4324 1.89194 30
      vertex -19.4325 2.43248 30
      vertex -19.973 1.89183 30
    endloop
  endfacet
  facet normal 0 0 1
    outer loop
      vertex -15.6487 0.81086 30
      vertex -15.1081 0.81086 30
      vertex -15.1081 1.35129 30
    endloop
  endfacet
  facet normal 0 0 1
    outer loop
      vertex -18.8918 2.97292 30
      vertex -19.4325 2.97292 30
      vertex -19.4325 2.43248 30
    endloop
  endfacet
  facet normal 0 0 1
    outer loop
      vertex -18.8918 2.97292 30
      vertex -19.4325 2.43248 30
      vertex -19.4324 2.43237 30
    endloop
  endfacet
  facet normal 0 0 1
    outer loop
      vertex -16.7298 1.89194 30
      vertex -17.8108 1.89194 30
      vertex -17.8109 0.810753 30
    endloop
  endfacet
  facet normal 0 0 1
    outer loop
      vertex -19.4324 2.43237 30
      vertex -19.4325 2.43248 30
      vertex -19.4324 1.89194 30
    endloop
  endfacet
  facet normal 0 0 1
    outer loop
      vertex -18.3514 1.89194 30
      vertex -19.4324 1.89194 30
      vertex -19.4325 1.35129 30
    endloop
  endfacet
  facet normal 0 -0 1
    outer loop
      vertex -18.8918 2.43237 30
      vertex -18.8918 2.97292 30
      vertex -19.4324 2.43237 30
    endloop
  endfacet
  facet normal 0 -0 1
    outer loop
      vertex -18.3513 2.97292 30
      vertex -18.3513 3.51346 30
      vertex -18.8918 2.97292 30
    endloop
  endfacet
  facet normal 0 0 1
    outer loop
      vertex -16.7297 4.0541 30
      vertex -18.3513 4.0541 30
      vertex -17.2703 3.51346 30
    endloop
  endfacet
  facet normal 0 0 1
    outer loop
      vertex -19.4325 4.0541 30
      vertex -18.8918 2.97292 30
      vertex -18.3513 3.51346 30
    endloop
  endfacet
  facet normal 0 -0 1
    outer loop
      vertex -15.1081 6.21616 30
      vertex -15.1081 7.29735 30
      vertex -15.6487 6.75681 30
    endloop
  endfacet
  facet normal 0 0 1
    outer loop
      vertex -14.0271 1.89194 30
      vertex -14.027 1.89183 30
      vertex -13.4865 1.89183 30
    endloop
  endfacet
  facet normal 0 -0 1
    outer loop
      vertex -17.2702 2.97292 30
      vertex -16.7297 3.51356 30
      vertex -17.2703 3.51346 30
    endloop
  endfacet
  facet normal 0 -0 1
    outer loop
      vertex -16.7297 6.21616 30
      vertex -16.1891 6.75681 30
      vertex -17.2703 6.75681 30
    endloop
  endfacet
  facet normal -0 0 1
    outer loop
      vertex -13.4865 0.81086 30
      vertex -13.4865 0.27032 30
      vertex -12.9459 0.81086 30
    endloop
  endfacet
  facet normal 0 0 1
    outer loop
      vertex -15.6487 4.0541 30
      vertex -16.1892 4.0541 30
      vertex -16.1892 3.51356 30
    endloop
  endfacet
  facet normal 0 0 1
    outer loop
      vertex -17.2703 3.51346 30
      vertex -17.2703 2.97302 30
      vertex -17.2702 2.97292 30
    endloop
  endfacet
  facet normal 0 0 1
    outer loop
      vertex -17.8108 5.67562 30
      vertex -17.8109 5.67572 30
      vertex -18.3513 5.67572 30
    endloop
  endfacet
  facet normal 0 0 1
    outer loop
      vertex -17.2703 3.51346 30
      vertex -16.7297 3.51356 30
      vertex -16.7297 4.0541 30
    endloop
  endfacet
  facet normal -0 0 1
    outer loop
      vertex -18.8918 4.59464 30
      vertex -18.3513 4.0541 30
      vertex -18.3513 4.59464 30
    endloop
  endfacet
  facet normal 0 0 1
    outer loop
      vertex -18.3513 3.51346 30
      vertex -17.2703 3.51346 30
      vertex -18.3513 4.0541 30
    endloop
  endfacet
  facet normal 0 0 1
    outer loop
      vertex -18.3513 5.67572 30
      vertex -19.4325 6.21616 30
      vertex -18.8918 5.13508 30
    endloop
  endfacet
  facet normal 0 0 1
    outer loop
      vertex -18.8918 4.59464 30
      vertex -19.4325 4.59454 30
      vertex -19.4325 4.0541 30
    endloop
  endfacet
  facet normal 0 0 1
    outer loop
      vertex -19.4325 5.13518 30
      vertex -19.4325 4.59454 30
      vertex -18.8918 4.59464 30
    endloop
  endfacet
  facet normal 0 0 1
    outer loop
      vertex -19.4325 6.21616 30
      vertex -19.4325 5.13518 30
      vertex -18.8918 5.13508 30
    endloop
  endfacet
  facet normal -0 0 1
    outer loop
      vertex -17.8108 6.75681 30
      vertex -17.8109 6.21616 30
      vertex -17.2703 6.75681 30
    endloop
  endfacet
  facet normal 0 -0 1
    outer loop
      vertex -18.3513 5.67572 30
      vertex -18.3513 6.21616 30
      vertex -19.4325 6.21616 30
    endloop
  endfacet
  facet normal 0 -0 1
    outer loop
      vertex -16.1892 6.21616 30
      vertex -16.1891 6.75681 30
      vertex -16.7297 6.21616 30
    endloop
  endfacet
  facet normal 0 0 1
    outer loop
      vertex -17.8109 6.21616 30
      vertex -16.7297 6.21616 30
      vertex -17.2703 6.75681 30
    endloop
  endfacet
  facet normal 0 0 1
    outer loop
      vertex -16.1892 5.67562 30
      vertex -15.6487 5.67562 30
      vertex -16.1892 6.21616 30
    endloop
  endfacet
  facet normal 0 -0 1
    outer loop
      vertex -15.6487 5.67562 30
      vertex -15.6487 6.75681 30
      vertex -16.1892 6.21616 30
    endloop
  endfacet
  facet normal 0 0 1
    outer loop
      vertex -18.8918 -7.8379 30
      vertex -19.4325 -7.8379 30
      vertex -19.4325 -8.37833 30
    endloop
  endfacet
  facet normal -0 0 1
    outer loop
      vertex -18.8918 -8.91887 30
      vertex -18.3513 -9.45952 30
      vertex -17.8109 -8.91887 30
    endloop
  endfacet
  facet normal 0 0 1
    outer loop
      vertex -19.4325 -8.37833 30
      vertex -18.8919 -8.91898 30
      vertex -18.8918 -8.91887 30
    endloop
  endfacet
  facet normal 0 0 1
    outer loop
      vertex -18.3514 -7.29725 30
      vertex -19.4325 -7.8379 30
      vertex -18.8918 -7.8379 30
    endloop
  endfacet
  facet normal 0 0 1
    outer loop
      vertex -17.8109 -7.83779 30
      vertex -18.3514 -7.8379 30
      vertex -17.8109 -8.37844 30
    endloop
  endfacet
  facet normal 0 0 1
    outer loop
      vertex -18.3513 -7.83779 30
      vertex -18.8918 -7.8379 30
      vertex -18.3514 -7.8379 30
    endloop
  endfacet
  facet normal 0 0 1
    outer loop
      vertex -17.8109 -8.37844 30
      vertex -18.3514 -7.8379 30
      vertex -18.3514 -8.37844 30
    endloop
  endfacet
  facet normal 0 0 1
    outer loop
      vertex -16.1892 -6.75671 30
      vertex -16.1892 -7.29736 30
      vertex -16.1891 -6.75681 30
    endloop
  endfacet
  facet normal 0 0 1
    outer loop
      vertex -18.3513 -7.29736 30
      vertex -18.3514 -7.29725 30
      vertex -18.8918 -7.8379 30
    endloop
  endfacet
  facet normal 0 0 1
    outer loop
      vertex -18.8918 -7.8379 30
      vertex -18.3513 -7.83779 30
      vertex -18.3513 -7.29736 30
    endloop
  endfacet
  facet normal 0 0 1
    outer loop
      vertex -18.3514 -7.8379 30
      vertex -17.8109 -7.83779 30
      vertex -18.3513 -7.83779 30
    endloop
  endfacet
  facet normal 0 0 1
    outer loop
      vertex -17.8109 -7.29736 30
      vertex -18.3514 -7.29725 30
      vertex -18.3513 -7.29736 30
    endloop
  endfacet
  facet normal 0 0 1
    outer loop
      vertex -16.7297 6.21616 30
      vertex -17.8109 6.21616 30
      vertex -17.8108 5.67562 30
    endloop
  endfacet
  facet normal 0 0 1
    outer loop
      vertex -17.8108 6.75681 30
      vertex -18.8919 6.75681 30
      vertex -18.3513 6.21616 30
    endloop
  endfacet
  facet normal 0 0 1
    outer loop
      vertex -18.3513 5.67572 30
      vertex -17.8108 5.13508 30
      vertex -17.8108 5.67562 30
    endloop
  endfacet
  facet normal 0 0 1
    outer loop
      vertex -17.8108 5.13508 30
      vertex -18.3513 5.67572 30
      vertex -18.8918 5.13508 30
    endloop
  endfacet
  facet normal 0 0 1
    outer loop
      vertex -17.8108 6.75681 30
      vertex -18.3513 6.21616 30
      vertex -17.8109 6.21616 30
    endloop
  endfacet
  facet normal 0 0 1
    outer loop
      vertex -18.8919 6.75681 30
      vertex -19.4325 6.21616 30
      vertex -18.3513 6.21616 30
    endloop
  endfacet
  facet normal -0 0 1
    outer loop
      vertex -17.8109 -6.21617 30
      vertex -17.2703 -6.21627 30
      vertex -17.2702 -6.21617 30
    endloop
  endfacet
  facet normal 0 0 1
    outer loop
      vertex -17.8108 -6.75671 30
      vertex -17.8109 -7.29736 30
      vertex -17.2702 -6.75681 30
    endloop
  endfacet
  facet normal 0 -0 1
    outer loop
      vertex -16.7298 -6.75681 30
      vertex -16.7298 -6.21617 30
      vertex -17.2702 -6.75681 30
    endloop
  endfacet
  facet normal 0 0 1
    outer loop
      vertex -17.8108 -6.21627 30
      vertex -17.8109 -6.21617 30
      vertex -18.3514 -6.21627 30
    endloop
  endfacet
  facet normal 0 0 1
    outer loop
      vertex -17.8108 -6.21627 30
      vertex -18.3514 -6.21627 30
      vertex -17.8108 -6.75671 30
    endloop
  endfacet
  facet normal 0 0 1
    outer loop
      vertex -17.2703 -6.21627 30
      vertex -17.8109 -6.21617 30
      vertex -17.8108 -6.21627 30
    endloop
  endfacet
  facet normal -0 0 1
    outer loop
      vertex -8.08102 0.27032 30
      vertex -7.54048 0.270213 30
      vertex -7.54059 0.27032 30
    endloop
  endfacet
  facet normal 0 -0 1
    outer loop
      vertex -7.54059 -1.89195 30
      vertex -7.54059 -1.3513 30
      vertex -8.08102 -1.89195 30
    endloop
  endfacet
  facet normal 0 0 1
    outer loop
      vertex -7.54048 -1.35141 30
      vertex -7.54059 -0.810869 30
      vertex -7.54059 -1.3513 30
    endloop
  endfacet
  facet normal 0 0 1
    outer loop
      vertex -7.54059 -1.3513 30
      vertex -8.08113 -1.3513 30
      vertex -8.08113 -1.89184 30
    endloop
  endfacet
  facet normal 0 0 1
    outer loop
      vertex -8.08102 0.27032 30
      vertex -7.54048 -0.810761 30
      vertex -7.54048 0.270213 30
    endloop
  endfacet
  facet normal 0 0 1
    outer loop
      vertex -7.54059 -1.3513 30
      vertex -8.08113 -1.89184 30
      vertex -8.08102 -1.89195 30
    endloop
  endfacet
  facet normal 0 0 1
    outer loop
      vertex -8.08113 -1.89184 30
      vertex -8.62156 -1.89184 30
      vertex -8.62156 -2.43249 30
    endloop
  endfacet
  facet normal -0 0 1
    outer loop
      vertex -10.2433 1.89183 30
      vertex -9.70265 1.3514 30
      vertex -10.2432 1.89194 30
    endloop
  endfacet
  facet normal 0 0 1
    outer loop
      vertex -8.08102 0.27032 30
      vertex -7.54059 -0.810869 30
      vertex -7.54048 -0.810761 30
    endloop
  endfacet
  facet normal -0 0 1
    outer loop
      vertex -11.3243 -1.89184 30
      vertex -10.7837 -2.43238 30
      vertex -10.7837 -1.89184 30
    endloop
  endfacet
  facet normal 0 0 1
    outer loop
      vertex -8.62156 -2.43249 30
      vertex -8.62167 -2.43238 30
      vertex -9.70275 -2.97303 30
    endloop
  endfacet
  facet normal 0 -0 1
    outer loop
      vertex -8.62167 -1.89195 30
      vertex -8.62156 -1.89184 30
      vertex -9.16221 -1.3513 30
    endloop
  endfacet
  facet normal 0 -0 1
    outer loop
      vertex -8.62156 -2.43249 30
      vertex -8.62156 -1.89184 30
      vertex -8.62167 -1.89195 30
    endloop
  endfacet
  facet normal 0 0 1
    outer loop
      vertex -8.62156 -2.43249 30
      vertex -8.62167 -1.89195 30
      vertex -8.62167 -2.43238 30
    endloop
  endfacet
  facet normal 0 0 1
    outer loop
      vertex -10.7838 -2.97303 30
      vertex -10.7837 -2.43238 30
      vertex -10.7838 -2.43249 30
    endloop
  endfacet
  facet normal 0 0 1
    outer loop
      vertex -8.62167 -2.43238 30
      vertex -10.7837 -2.43238 30
      vertex -9.70275 -2.97303 30
    endloop
  endfacet
  facet normal 0 0 1
    outer loop
      vertex -11.3243 -1.3513 30
      vertex -11.8648 -1.3513 30
      vertex -11.3243 -1.89184 30
    endloop
  endfacet
  facet normal 0 0 1
    outer loop
      vertex -13.4864 -4.05411 30
      vertex -12.9459 -4.05411 30
      vertex -12.9459 -3.51357 30
    endloop
  endfacet
  facet normal 0 -0 1
    outer loop
      vertex -16.7297 -2.43249 30
      vertex -16.1891 -2.43249 30
      vertex -16.7298 -2.43238 30
    endloop
  endfacet
  facet normal 0 0 1
    outer loop
      vertex -15.1081 -0.270328 30
      vertex -15.1082 -0.270221 30
      vertex -15.6486 -0.810869 30
    endloop
  endfacet
  facet normal 0 0 1
    outer loop
      vertex -11.8648 0.27032 30
      vertex -12.4053 -0.270328 30
      vertex -11.3243 -0.270328 30
    endloop
  endfacet
  facet normal 0 0 1
    outer loop
      vertex -12.4055 0.27032 30
      vertex -11.8648 0.81086 30
      vertex -12.4055 0.81086 30
    endloop
  endfacet
  facet normal 0 0 1
    outer loop
      vertex -11.3243 0.27032 30
      vertex -11.8648 0.27032 30
      vertex -11.3243 -0.270328 30
    endloop
  endfacet
  facet normal -0 0 1
    outer loop
      vertex -11.3244 5.13514 30
      vertex -11.3244 4.0541 30
      vertex -9.70265 5.13514 30
    endloop
  endfacet
  facet normal 0 0 1
    outer loop
      vertex -13.4865 0.27032 30
      vertex -12.9459 0.27032 30
      vertex -12.9459 0.81086 30
    endloop
  endfacet
  facet normal 0 -0 1
    outer loop
      vertex -11.8648 0.27032 30
      vertex -11.8648 0.81086 30
      vertex -12.4055 0.27032 30
    endloop
  endfacet
  facet normal -0 0 1
    outer loop
      vertex -10.7838 2.97292 30
      vertex -10.2432 1.89194 30
      vertex -10.2432 3.51346 30
    endloop
  endfacet
  facet normal 0 0 1
    outer loop
      vertex -12.4053 -0.270328 30
      vertex -12.4055 0.27032 30
      vertex -12.9459 0.27032 30
    endloop
  endfacet
  facet normal 0 -0 1
    outer loop
      vertex -12.4053 -0.270328 30
      vertex -11.8648 0.27032 30
      vertex -12.4055 0.27032 30
    endloop
  endfacet
  facet normal 0 0 1
    outer loop
      vertex -13.4865 -0.270328 30
      vertex -12.4053 -0.270328 30
      vertex -12.9459 0.27032 30
    endloop
  endfacet
  facet normal 0 0 1
    outer loop
      vertex -15.6486 0.810753 30
      vertex -15.1082 0.810753 30
      vertex -15.1081 0.81086 30
    endloop
  endfacet
  facet normal 0 0 1
    outer loop
      vertex -16.1891 -1.35141 30
      vertex -16.1892 -0.810869 30
      vertex -16.1892 -1.3513 30
    endloop
  endfacet
  facet normal 0 -0 1
    outer loop
      vertex -15.6487 -1.35141 30
      vertex -15.6486 -1.3513 30
      vertex -16.1891 -1.35141 30
    endloop
  endfacet
  facet normal 0 0 1
    outer loop
      vertex -16.1891 0.270213 30
      vertex -15.6486 0.810753 30
      vertex -16.1891 0.81086 30
    endloop
  endfacet
  facet normal -0 0 1
    outer loop
      vertex -16.7298 1.89194 30
      vertex -16.1891 0.81086 30
      vertex -16.1891 2.43248 30
    endloop
  endfacet
  facet normal 0 0 1
    outer loop
      vertex -16.1891 0.81086 30
      vertex -16.1892 0.27032 30
      vertex -16.1891 0.270213 30
    endloop
  endfacet
  facet normal 0 0 1
    outer loop
      vertex -16.7298 1.89194 30
      vertex -16.1891 2.43248 30
      vertex -16.7298 2.43248 30
    endloop
  endfacet
  facet normal 0 -0 1
    outer loop
      vertex -11.8648 1.35129 30
      vertex -11.8648 1.89194 30
      vertex -12.9459 1.89194 30
    endloop
  endfacet
  facet normal 0 0 1
    outer loop
      vertex -14.027 1.89183 30
      vertex -14.0271 1.89194 30
      vertex -14.027 1.35129 30
    endloop
  endfacet
  facet normal 0 -0 1
    outer loop
      vertex -13.4865 1.89183 30
      vertex -12.9459 2.43248 30
      vertex -14.0271 2.43248 30
    endloop
  endfacet
  facet normal 0 0 1
    outer loop
      vertex -12.9459 2.43248 30
      vertex -13.4865 1.89183 30
      vertex -12.9459 1.89194 30
    endloop
  endfacet
  facet normal 0 0 1
    outer loop
      vertex -13.4865 1.35129 30
      vertex -12.9459 1.89194 30
      vertex -13.4865 1.89183 30
    endloop
  endfacet
  facet normal 0 0 1
    outer loop
      vertex -13.4865 1.35129 30
      vertex -11.8648 1.35129 30
      vertex -12.9459 1.89194 30
    endloop
  endfacet
  facet normal 0 0 1
    outer loop
      vertex -11.8649 2.97292 30
      vertex -10.7838 2.97292 30
      vertex -11.8649 3.51346 30
    endloop
  endfacet
  facet normal 0 0 1
    outer loop
      vertex -14.027 3.51346 30
      vertex -15.1082 3.51346 30
      vertex -15.1082 2.97292 30
    endloop
  endfacet
  facet normal 0 0 1
    outer loop
      vertex -15.1081 6.21616 30
      vertex -14.5676 6.21616 30
      vertex -15.1081 7.29735 30
    endloop
  endfacet
  facet normal 0 -0 1
    outer loop
      vertex -16.1891 2.97292 30
      vertex -16.1891 3.51346 30
      vertex -16.7297 3.51356 30
    endloop
  endfacet
  facet normal 0 0 1
    outer loop
      vertex -15.1081 1.35129 30
      vertex -14.027 1.35129 30
      vertex -14.0271 1.89194 30
    endloop
  endfacet
  facet normal 0 0 1
    outer loop
      vertex -14.0271 1.89194 30
      vertex -15.6487 1.89194 30
      vertex -15.1081 1.35129 30
    endloop
  endfacet
  facet normal 0 -0 1
    outer loop
      vertex -17.8108 2.43237 30
      vertex -17.2703 2.97302 30
      vertex -17.8109 2.43248 30
    endloop
  endfacet
  facet normal 0 0 1
    outer loop
      vertex -16.1891 0.81086 30
      vertex -16.1892 0.810753 30
      vertex -16.1892 0.27032 30
    endloop
  endfacet
  facet normal 0 0 1
    outer loop
      vertex -16.7297 0.810753 30
      vertex -17.2703 0.270213 30
      vertex -16.7297 0.27032 30
    endloop
  endfacet
  facet normal 0 0 1
    outer loop
      vertex -15.6487 4.0541 30
      vertex -16.1892 3.51356 30
      vertex -16.1891 3.51346 30
    endloop
  endfacet
  facet normal -0 0 1
    outer loop
      vertex -17.8109 0.810753 30
      vertex -17.2703 0.270213 30
      vertex -16.7297 0.810753 30
    endloop
  endfacet
  facet normal 0 0 1
    outer loop
      vertex -18.3514 1.89194 30
      vertex -17.8108 1.89194 30
      vertex -17.8108 2.43237 30
    endloop
  endfacet
  facet normal -0 0 1
    outer loop
      vertex -18.3514 1.89194 30
      vertex -17.8109 0.810753 30
      vertex -17.8108 1.89194 30
    endloop
  endfacet
  facet normal 0 0 1
    outer loop
      vertex -17.2702 2.97292 30
      vertex -17.8108 2.43237 30
      vertex -17.2702 2.43237 30
    endloop
  endfacet
  facet normal 0 0 1
    outer loop
      vertex -17.8109 2.43248 30
      vertex -18.3514 1.89194 30
      vertex -17.8108 2.43237 30
    endloop
  endfacet
  facet normal 0 0 1
    outer loop
      vertex -17.8108 2.43237 30
      vertex -17.2702 2.97292 30
      vertex -17.2703 2.97302 30
    endloop
  endfacet
  facet normal 0 0 1
    outer loop
      vertex -16.1891 3.51346 30
      vertex -16.1892 3.51356 30
      vertex -16.7297 3.51356 30
    endloop
  endfacet
  facet normal 0 0 1
    outer loop
      vertex -17.2702 2.97292 30
      vertex -16.1891 2.97292 30
      vertex -16.7297 3.51356 30
    endloop
  endfacet
  facet normal 0 0 1
    outer loop
      vertex -16.1891 3.51346 30
      vertex -15.1082 3.51346 30
      vertex -15.6487 4.0541 30
    endloop
  endfacet
  facet normal 0 -0 1
    outer loop
      vertex -12.9459 2.97292 30
      vertex -12.9459 3.51346 30
      vertex -13.4865 2.97292 30
    endloop
  endfacet
  facet normal 0 0 1
    outer loop
      vertex -14.027 3.51346 30
      vertex -15.1082 2.97292 30
      vertex -14.027 2.97292 30
    endloop
  endfacet
  facet normal 0 0 1
    outer loop
      vertex -13.4864 6.21627 30
      vertex -14.027 6.21627 30
      vertex -13.4864 5.13518 30
    endloop
  endfacet
  facet normal 0 0 1
    outer loop
      vertex -14.027 6.21627 30
      vertex -13.4865 5.13508 30
      vertex -13.4864 5.13518 30
    endloop
  endfacet
  facet normal -0 0 1
    outer loop
      vertex -15.6487 5.67562 30
      vertex -14.5675 5.13508 30
      vertex -15.1081 5.67572 30
    endloop
  endfacet
  facet normal -0 0 1
    outer loop
      vertex -13.4865 3.51346 30
      vertex -13.4865 2.97292 30
      vertex -12.9459 3.51346 30
    endloop
  endfacet
  facet normal 0 -0 1
    outer loop
      vertex -13.4864 4.59454 30
      vertex -13.4864 5.13518 30
      vertex -13.4865 4.59464 30
    endloop
  endfacet
  facet normal -0 0 1
    outer loop
      vertex -10.7838 2.43248 30
      vertex -10.2432 1.89194 30
      vertex -10.7838 2.97292 30
    endloop
  endfacet
  facet normal 0 0 1
    outer loop
      vertex -11.3244 4.0541 30
      vertex -10.7838 2.97292 30
      vertex -10.2432 3.51346 30
    endloop
  endfacet
  facet normal 0 0 1
    outer loop
      vertex -11.3244 2.43248 30
      vertex -11.3244 1.35129 30
      vertex -10.7837 1.89183 30
    endloop
  endfacet
  facet normal 0 -0 1
    outer loop
      vertex -10.7837 1.35129 30
      vertex -10.7837 1.89183 30
      vertex -11.3244 1.35129 30
    endloop
  endfacet
  facet normal 0 0 1
    outer loop
      vertex -10.7837 1.89183 30
      vertex -10.7838 2.43248 30
      vertex -11.3244 2.43248 30
    endloop
  endfacet
  facet normal 0 0 1
    outer loop
      vertex -10.2432 1.89194 30
      vertex -10.7838 2.43248 30
      vertex -10.7837 1.89183 30
    endloop
  endfacet
  facet normal 0 0 1
    outer loop
      vertex -10.2432 1.89194 30
      vertex -10.7837 1.89183 30
      vertex -10.2433 1.89183 30
    endloop
  endfacet
  facet normal 0 0 1
    outer loop
      vertex -10.2433 1.89183 30
      vertex -10.2433 0.810753 30
      vertex -9.70265 1.3514 30
    endloop
  endfacet
  facet normal 0 0 1
    outer loop
      vertex -9.1621 1.89194 30
      vertex -9.16221 1.89183 30
      vertex -9.16221 1.3514 30
    endloop
  endfacet
  facet normal 0 0 1
    outer loop
      vertex -7.54059 -0.810869 30
      vertex -8.08102 0.27032 30
      vertex -8.62167 -0.270221 30
    endloop
  endfacet
  facet normal 0 0 1
    outer loop
      vertex -9.16221 0.810753 30
      vertex -9.16221 0.270213 30
      vertex -8.62167 0.270213 30
    endloop
  endfacet
  facet normal 0 0 1
    outer loop
      vertex -9.16221 -0.810869 30
      vertex -8.62167 -0.270221 30
      vertex -9.16221 -0.270221 30
    endloop
  endfacet
  facet normal 0 0 1
    outer loop
      vertex -9.16221 -0.810869 30
      vertex -7.54059 -0.810869 30
      vertex -8.62167 -0.270221 30
    endloop
  endfacet
  facet normal -0 0 1
    outer loop
      vertex -10.7838 -0.270221 30
      vertex -10.7838 -0.810869 30
      vertex -10.2432 -0.270221 30
    endloop
  endfacet
  facet normal 0 0 1
    outer loop
      vertex -10.7838 -0.810869 30
      vertex -10.2432 -0.810869 30
      vertex -10.2432 -0.270221 30
    endloop
  endfacet
  facet normal 0 0 1
    outer loop
      vertex -17.8109 -7.83779 30
      vertex -17.2702 -7.83779 30
      vertex -17.8109 -7.29736 30
    endloop
  endfacet
  facet normal -0 0 1
    outer loop
      vertex -17.8109 -7.83779 30
      vertex -17.8109 -8.37844 30
      vertex -17.2702 -7.83779 30
    endloop
  endfacet
  facet normal 0 0 1
    outer loop
      vertex -16.1891 -6.75681 30
      vertex -16.1892 -7.29736 30
      vertex -16.1891 -7.29725 30
    endloop
  endfacet
  facet normal 0 -0 1
    outer loop
      vertex -16.7297 -8.37844 30
      vertex -16.1892 -7.83779 30
      vertex -17.2702 -7.83779 30
    endloop
  endfacet
  facet normal 0 0 1
    outer loop
      vertex -15.6486 -7.83779 30
      vertex -16.1891 -7.29725 30
      vertex -16.1892 -7.83779 30
    endloop
  endfacet
  facet normal 0 -0 1
    outer loop
      vertex -16.7298 -8.91898 30
      vertex -16.7297 -8.37844 30
      vertex -17.8109 -8.37844 30
    endloop
  endfacet
  facet normal 0 0 1
    outer loop
      vertex -16.7298 -8.91898 30
      vertex -16.7297 -8.91887 30
      vertex -16.7297 -8.37844 30
    endloop
  endfacet
  facet normal 0 0 1
    outer loop
      vertex -16.1892 -7.29736 30
      vertex -16.7298 -6.75681 30
      vertex -16.7298 -7.29736 30
    endloop
  endfacet
  facet normal 0 0 1
    outer loop
      vertex -16.7298 -6.21617 30
      vertex -17.2702 -6.21617 30
      vertex -17.2702 -6.75681 30
    endloop
  endfacet
  facet normal 0 0 1
    outer loop
      vertex -16.1892 -6.75671 30
      vertex -16.1891 -6.21617 30
      vertex -16.1892 -6.21627 30
    endloop
  endfacet
  facet normal -0 0 1
    outer loop
      vertex -16.1892 -6.75671 30
      vertex -16.1891 -6.75681 30
      vertex -16.1891 -6.21617 30
    endloop
  endfacet
  facet normal -0 0 1
    outer loop
      vertex -16.7297 -6.75671 30
      vertex -16.1892 -7.29736 30
      vertex -16.1892 -6.75671 30
    endloop
  endfacet
  facet normal 0 0 1
    outer loop
      vertex -16.7298 -6.75681 30
      vertex -16.7297 -6.75671 30
      vertex -16.7298 -6.21617 30
    endloop
  endfacet
  facet normal -0 0 1
    outer loop
      vertex -16.7298 -6.75681 30
      vertex -16.1892 -7.29736 30
      vertex -16.7297 -6.75671 30
    endloop
  endfacet
  facet normal 0 0 1
    outer loop
      vertex -16.1891 -6.21617 30
      vertex -16.7297 -6.21627 30
      vertex -16.1892 -6.21627 30
    endloop
  endfacet
  facet normal 0 0 1
    outer loop
      vertex -16.7298 -6.21617 30
      vertex -16.7297 -6.75671 30
      vertex -16.7297 -6.21627 30
    endloop
  endfacet
  facet normal 0 0 1
    outer loop
      vertex -16.7298 1.89194 30
      vertex -16.7297 0.810753 30
      vertex -16.1891 0.81086 30
    endloop
  endfacet
  facet normal 0 0 1
    outer loop
      vertex -16.1891 -0.270221 30
      vertex -17.2703 -0.270221 30
      vertex -16.1892 -0.810869 30
    endloop
  endfacet
  facet normal 0 0 1
    outer loop
      vertex -17.2703 -0.270221 30
      vertex -16.1891 -0.270221 30
      vertex -16.7297 0.27032 30
    endloop
  endfacet
  facet normal 0 0 1
    outer loop
      vertex -17.2703 -0.270221 30
      vertex -16.7297 0.27032 30
      vertex -17.2703 0.270213 30
    endloop
  endfacet
  facet normal 0 0 1
    outer loop
      vertex -17.8109 0.810753 30
      vertex -16.7297 0.810753 30
      vertex -16.7298 1.89194 30
    endloop
  endfacet
  facet normal -0 0 1
    outer loop
      vertex -15.6487 -3.51357 30
      vertex -15.1081 -4.054 30
      vertex -15.1081 -2.97303 30
    endloop
  endfacet
  facet normal 0 0 1
    outer loop
      vertex -14.5675 -2.43249 30
      vertex -14.027 -2.43249 30
      vertex -14.027 -1.89184 30
    endloop
  endfacet
  facet normal 0 0 1
    outer loop
      vertex -14.027 -5.13519 30
      vertex -14.0271 -4.59465 30
      vertex -14.0271 -5.13509 30
    endloop
  endfacet
  facet normal -0 0 1
    outer loop
      vertex -16.1892 -2.97292 30
      vertex -16.1892 -3.51346 30
      vertex -15.6487 -2.97292 30
    endloop
  endfacet
  facet normal 0 0 1
    outer loop
      vertex -16.7297 -2.43249 30
      vertex -16.7298 -2.43238 30
      vertex -17.2703 -2.43238 30
    endloop
  endfacet
  facet normal 0 0 1
    outer loop
      vertex -16.7297 -2.43249 30
      vertex -17.2703 -3.51346 30
      vertex -16.7297 -3.51346 30
    endloop
  endfacet
  facet normal 0 0 1
    outer loop
      vertex -16.7297 -3.51346 30
      vertex -16.1891 -4.05411 30
      vertex -16.1891 -3.51357 30
    endloop
  endfacet
  facet normal -0 0 1
    outer loop
      vertex -17.2703 -3.51346 30
      vertex -17.8108 -4.05411 30
      vertex -16.7297 -3.51346 30
    endloop
  endfacet
  facet normal 0 -0 1
    outer loop
      vertex -16.1891 -2.43249 30
      vertex -16.1891 -1.35141 30
      vertex -16.7298 -2.43238 30
    endloop
  endfacet
  facet normal 0 0 1
    outer loop
      vertex -16.1892 -1.3513 30
      vertex -16.7298 -1.3513 30
      vertex -16.1891 -1.35141 30
    endloop
  endfacet
  facet normal 0 -0 1
    outer loop
      vertex -14.5675 -2.43249 30
      vertex -14.027 -1.89184 30
      vertex -15.1081 -1.89184 30
    endloop
  endfacet
  facet normal 0 -0 1
    outer loop
      vertex -15.6486 -1.3513 30
      vertex -15.6486 -0.810869 30
      vertex -16.1891 -1.35141 30
    endloop
  endfacet
  facet normal 0 0 1
    outer loop
      vertex -15.6487 -1.35141 30
      vertex -15.6487 -1.89195 30
      vertex -15.1082 -1.89195 30
    endloop
  endfacet
  facet normal 0 -0 1
    outer loop
      vertex -16.1892 -9.45952 30
      vertex -16.1892 -8.91887 30
      vertex -16.7297 -8.91887 30
    endloop
  endfacet
  facet normal 0 0 1
    outer loop
      vertex -15.6486 -7.83779 30
      vertex -16.1892 -7.83779 30
      vertex -16.1892 -8.37844 30
    endloop
  endfacet
  facet normal 0 -0 1
    outer loop
      vertex -16.1891 -8.91898 30
      vertex -15.6487 -8.91898 30
      vertex -16.1892 -8.37844 30
    endloop
  endfacet
  facet normal 0 0 1
    outer loop
      vertex -16.1891 -8.91898 30
      vertex -16.1892 -8.37844 30
      vertex -16.1892 -8.91887 30
    endloop
  endfacet
  facet normal 0 0 1
    outer loop
      vertex -16.1892 -9.45952 30
      vertex -16.7297 -8.91887 30
      vertex -16.7298 -8.91898 30
    endloop
  endfacet
  facet normal 0 0 1
    outer loop
      vertex -17.8109 -8.37844 30
      vertex -16.7297 -8.37844 30
      vertex -17.2702 -7.83779 30
    endloop
  endfacet
  facet normal 0 0 1
    outer loop
      vertex -15.1081 0.81086 30
      vertex -15.1082 0.810753 30
      vertex -14.5675 0.27032 30
    endloop
  endfacet
  facet normal 0 0 1
    outer loop
      vertex -15.1081 0.81086 30
      vertex -15.6487 0.81086 30
      vertex -15.6486 0.810753 30
    endloop
  endfacet
  facet normal 0 -0 1
    outer loop
      vertex -15.1082 -1.89195 30
      vertex -15.1081 -1.89184 30
      vertex -15.6487 -1.35141 30
    endloop
  endfacet
  facet normal 0 0 1
    outer loop
      vertex -14.5675 0.27032 30
      vertex -15.1082 0.810753 30
      vertex -15.1082 -0.270221 30
    endloop
  endfacet
  facet normal -0 0 1
    outer loop
      vertex -16.7297 0.27032 30
      vertex -16.1891 -0.270221 30
      vertex -16.1892 0.27032 30
    endloop
  endfacet
  facet normal 0 0 1
    outer loop
      vertex -16.1892 -0.810869 30
      vertex -15.6486 -0.810869 30
      vertex -16.1891 -0.270221 30
    endloop
  endfacet
  facet normal 0 -0 1
    outer loop
      vertex -16.1891 -0.270221 30
      vertex -16.1891 0.270213 30
      vertex -16.1892 0.27032 30
    endloop
  endfacet
  facet normal 0 0 1
    outer loop
      vertex -16.1891 0.270213 30
      vertex -15.6486 0.270213 30
      vertex -15.6486 0.810753 30
    endloop
  endfacet
  facet normal -0 0 1
    outer loop
      vertex -16.1891 0.81086 30
      vertex -15.6486 0.810753 30
      vertex -15.6487 0.81086 30
    endloop
  endfacet
  facet normal 0 0 1
    outer loop
      vertex -16.1892 -9.45952 30
      vertex -16.1891 -9.45941 30
      vertex -16.1891 -8.91898 30
    endloop
  endfacet
  facet normal 0 -0 1
    outer loop
      vertex -15.1081 -9.45941 30
      vertex -15.1081 -7.83779 30
      vertex -15.6487 -8.91898 30
    endloop
  endfacet
  facet normal 0 0 1
    outer loop
      vertex -16.1892 -10 30
      vertex -15.6487 -9.45941 30
      vertex -16.1892 -9.45952 30
    endloop
  endfacet
  facet normal 0 0 1
    outer loop
      vertex -15.1081 -9.45941 30
      vertex -15.6487 -8.91898 30
      vertex -15.6487 -9.45941 30
    endloop
  endfacet
  facet normal 0 0 1
    outer loop
      vertex -15.6487 -9.45941 30
      vertex -16.1891 -9.45941 30
      vertex -16.1892 -9.45952 30
    endloop
  endfacet
  facet normal 0 0 1
    outer loop
      vertex -16.1892 -9.45952 30
      vertex -16.1891 -8.91898 30
      vertex -16.1892 -8.91887 30
    endloop
  endfacet
  facet normal 0 0 1
    outer loop
      vertex -11.3243 -1.89184 30
      vertex -11.8649 -1.89184 30
      vertex -11.3243 -2.43249 30
    endloop
  endfacet
  facet normal 0 0 1
    outer loop
      vertex -14.0271 -2.97292 30
      vertex -14.0271 -3.51357 30
      vertex -13.4865 -3.51357 30
    endloop
  endfacet
  facet normal 0 0 1
    outer loop
      vertex -11.3243 -2.43249 30
      vertex -12.4055 -2.97292 30
      vertex -11.3243 -4.054 30
    endloop
  endfacet
  facet normal -0 0 1
    outer loop
      vertex -14.027 -0.810761 30
      vertex -14.0271 -0.810869 30
      vertex -13.4865 -0.810761 30
    endloop
  endfacet
  facet normal 0 0 1
    outer loop
      vertex -15.1081 -2.97303 30
      vertex -15.6487 -2.97292 30
      vertex -15.6487 -3.51357 30
    endloop
  endfacet
  facet normal 0 0 1
    outer loop
      vertex -15.1082 -2.43238 30
      vertex -15.6487 -2.97292 30
      vertex -15.1081 -2.97303 30
    endloop
  endfacet
  facet normal -0 0 1
    outer loop
      vertex -14.0271 -2.97292 30
      vertex -13.4865 -3.51357 30
      vertex -12.4055 -2.97292 30
    endloop
  endfacet
  facet normal 0 0 1
    outer loop
      vertex -14.5675 -2.43249 30
      vertex -15.1081 -2.97303 30
      vertex -14.5675 -2.97303 30
    endloop
  endfacet
  facet normal 0 -0 1
    outer loop
      vertex -12.4053 -5.13509 30
      vertex -12.4053 -4.59454 30
      vertex -12.946 -5.13519 30
    endloop
  endfacet
  facet normal 0 -0 1
    outer loop
      vertex -15.1082 -4.05411 30
      vertex -15.1081 -4.054 30
      vertex -15.6487 -3.51357 30
    endloop
  endfacet
  facet normal -0 0 1
    outer loop
      vertex -15.1082 -4.05411 30
      vertex -15.1082 -4.59465 30
      vertex -15.1081 -4.054 30
    endloop
  endfacet
  facet normal 0 0 1
    outer loop
      vertex -13.4865 -4.054 30
      vertex -15.1081 -4.054 30
      vertex -14.0271 -4.59465 30
    endloop
  endfacet
  facet normal 0 -0 1
    outer loop
      vertex -15.1081 -1.89184 30
      vertex -15.1081 -1.3513 30
      vertex -15.6486 -1.3513 30
    endloop
  endfacet
  facet normal 0 0 1
    outer loop
      vertex -15.1081 -1.89184 30
      vertex -15.1082 -2.43238 30
      vertex -14.5675 -2.43249 30
    endloop
  endfacet
  facet normal 0 -0 1
    outer loop
      vertex -11.8649 -1.35141 30
      vertex -11.8648 -1.3513 30
      vertex -12.4053 -0.810761 30
    endloop
  endfacet
  facet normal 0 -0 1
    outer loop
      vertex -14.5676 -0.270328 30
      vertex -14.5675 0.27032 30
      vertex -15.1082 -0.270221 30
    endloop
  endfacet
  facet normal 0 0 1
    outer loop
      vertex -15.1082 -2.43238 30
      vertex -15.1081 -1.89184 30
      vertex -15.1082 -1.89195 30
    endloop
  endfacet
  facet normal 0 -0 1
    outer loop
      vertex -15.6486 -0.810869 30
      vertex -15.1082 -0.270221 30
      vertex -16.1891 -0.270221 30
    endloop
  endfacet
  facet normal 0 -0 1
    outer loop
      vertex -15.1081 -0.810869 30
      vertex -15.1081 -0.270328 30
      vertex -15.6486 -0.810869 30
    endloop
  endfacet
  facet normal 0 0 1
    outer loop
      vertex -15.1081 -1.89184 30
      vertex -15.6486 -1.3513 30
      vertex -15.6487 -1.35141 30
    endloop
  endfacet
  facet normal 0 -0 1
    outer loop
      vertex -16.1891 -1.35141 30
      vertex -15.6486 -0.810869 30
      vertex -16.1892 -0.810869 30
    endloop
  endfacet
  facet normal 0 0 1
    outer loop
      vertex -14.5676 -0.810869 30
      vertex -14.0271 -0.810869 30
      vertex -14.5676 -0.270328 30
    endloop
  endfacet
  facet normal 0 0 1
    outer loop
      vertex -14.5676 -0.270328 30
      vertex -15.1082 -0.270221 30
      vertex -15.1081 -0.270328 30
    endloop
  endfacet
  facet normal 0 0 1
    outer loop
      vertex -14.027 -0.270328 30
      vertex -14.5675 0.27032 30
      vertex -14.5676 -0.270328 30
    endloop
  endfacet
  facet normal -0 0 1
    outer loop
      vertex -13.4865 -0.270328 30
      vertex -13.4865 -0.810761 30
      vertex -12.4053 -0.270328 30
    endloop
  endfacet
  facet normal 0 0 1
    outer loop
      vertex -14.0271 -1.35141 30
      vertex -13.4865 -1.35141 30
      vertex -14.0271 -0.810869 30
    endloop
  endfacet
  facet normal 0 0 1
    outer loop
      vertex -13.4865 -0.810761 30
      vertex -12.4053 -0.810761 30
      vertex -12.4053 -0.270328 30
    endloop
  endfacet
  facet normal 0 -0 1
    outer loop
      vertex -12.4055 -2.43249 30
      vertex -12.4053 -1.89184 30
      vertex -13.4865 -2.43249 30
    endloop
  endfacet
  facet normal -0 0 1
    outer loop
      vertex -15.1081 7.29735 30
      vertex -14.5676 6.21616 30
      vertex -14.0271 7.29735 30
    endloop
  endfacet
  facet normal 0 0 1
    outer loop
      vertex -14.5675 5.13508 30
      vertex -15.6487 5.67562 30
      vertex -15.6487 4.0541 30
    endloop
  endfacet
  facet normal 0 0 1
    outer loop
      vertex -15.1082 3.51346 30
      vertex -14.027 3.51346 30
      vertex -14.5675 4.59464 30
    endloop
  endfacet
  facet normal 0 0 1
    outer loop
      vertex -13.4864 4.0541 30
      vertex -13.4865 3.51346 30
      vertex -12.9459 3.51346 30
    endloop
  endfacet
  facet normal 0 0 1
    outer loop
      vertex -15.6487 4.0541 30
      vertex -14.5675 4.59464 30
      vertex -14.5675 5.13508 30
    endloop
  endfacet
  facet normal 0 0 1
    outer loop
      vertex -15.6487 5.67562 30
      vertex -15.1081 6.21616 30
      vertex -15.6487 6.75681 30
    endloop
  endfacet
  facet normal 0 0 1
    outer loop
      vertex -13.4864 4.59454 30
      vertex -12.4053 4.59454 30
      vertex -12.4053 5.13518 30
    endloop
  endfacet
  facet normal -0 0 1
    outer loop
      vertex -14.5676 5.67572 30
      vertex -13.4865 5.13508 30
      vertex -14.027 6.21627 30
    endloop
  endfacet
  facet normal 0 0 1
    outer loop
      vertex -14.027 3.51346 30
      vertex -13.4865 3.51346 30
      vertex -13.4864 4.0541 30
    endloop
  endfacet
  facet normal 0 -0 1
    outer loop
      vertex -15.1082 3.51346 30
      vertex -14.5675 4.59464 30
      vertex -15.6487 4.0541 30
    endloop
  endfacet
  facet normal 0 0 1
    outer loop
      vertex -14.5676 5.67572 30
      vertex -14.5675 5.13508 30
      vertex -13.4865 5.13508 30
    endloop
  endfacet
  facet normal 0 0 1
    outer loop
      vertex -14.5676 5.67572 30
      vertex -15.1081 5.67572 30
      vertex -14.5675 5.13508 30
    endloop
  endfacet
  facet normal -0 0 1
    outer loop
      vertex -14.0271 -6.75671 30
      vertex -13.4864 -6.75681 30
      vertex -14.0271 -5.67573 30
    endloop
  endfacet
  facet normal -0 0 1
    outer loop
      vertex -12.4053 -5.13509 30
      vertex -11.8648 -5.13519 30
      vertex -11.8649 -5.13509 30
    endloop
  endfacet
  facet normal 0 0 1
    outer loop
      vertex -13.4864 -5.67563 30
      vertex -14.027 -5.67563 30
      vertex -14.0271 -5.67573 30
    endloop
  endfacet
  facet normal 0 0 1
    outer loop
      vertex -14.027 -5.13519 30
      vertex -14.0271 -5.13509 30
      vertex -14.0271 -5.67573 30
    endloop
  endfacet
  facet normal -0 0 1
    outer loop
      vertex -13.4864 -4.59454 30
      vertex -12.946 -5.13519 30
      vertex -12.4053 -4.59454 30
    endloop
  endfacet
  facet normal 0 0 1
    outer loop
      vertex -14.0271 -7.29736 30
      vertex -14.027 -7.29725 30
      vertex -14.027 -6.75681 30
    endloop
  endfacet
  facet normal 0 -0 1
    outer loop
      vertex -12.9459 -7.29736 30
      vertex -12.4055 -7.29736 30
      vertex -12.946 -7.29725 30
    endloop
  endfacet
  facet normal 0 0 1
    outer loop
      vertex -12.4053 -6.21627 30
      vertex -12.946 -7.29725 30
      vertex -12.4053 -6.75671 30
    endloop
  endfacet
  facet normal 0 0 1
    outer loop
      vertex -14.0271 -7.29736 30
      vertex -14.027 -6.75681 30
      vertex -14.0271 -6.75671 30
    endloop
  endfacet
  facet normal -0 0 1
    outer loop
      vertex -14.0271 -5.67573 30
      vertex -13.4864 -6.75681 30
      vertex -13.4864 -5.67563 30
    endloop
  endfacet
  facet normal 0 0 1
    outer loop
      vertex -9.7027 5.67568 30
      vertex -11.3244 5.13514 30
      vertex -9.70265 5.13514 30
    endloop
  endfacet
  facet normal 0 0 1
    outer loop
      vertex -12.4053 5.13518 30
      vertex -13.4864 5.13518 30
      vertex -13.4864 4.59454 30
    endloop
  endfacet
  facet normal 0 0 1
    outer loop
      vertex -10.7838 2.97292 30
      vertex -11.3244 4.0541 30
      vertex -11.8649 3.51346 30
    endloop
  endfacet
  facet normal 0 -0 1
    outer loop
      vertex -10.2432 3.51346 30
      vertex -9.70265 5.13514 30
      vertex -11.3244 4.0541 30
    endloop
  endfacet
  facet normal 0 0 1
    outer loop
      vertex -13.4865 4.59464 30
      vertex -14.5675 4.59464 30
      vertex -13.4864 4.0541 30
    endloop
  endfacet
  facet normal 0 0 1
    outer loop
      vertex -11.3244 4.0541 30
      vertex -12.9459 3.51346 30
      vertex -11.8649 3.51346 30
    endloop
  endfacet
  facet normal 0 0 1
    outer loop
      vertex -11.3244 4.0541 30
      vertex -13.4864 4.0541 30
      vertex -12.9459 3.51346 30
    endloop
  endfacet
  facet normal 0 0 1
    outer loop
      vertex -11.3243 7.2973 30
      vertex -11.8648 7.83784 30
      vertex -11.8649 7.29735 30
    endloop
  endfacet
  facet normal 0 -0 1
    outer loop
      vertex -13.4864 7.29724 30
      vertex -13.4864 7.83778 30
      vertex -14.027 7.29724 30
    endloop
  endfacet
  facet normal 0 0 1
    outer loop
      vertex -13.4865 4.59464 30
      vertex -13.4864 5.13518 30
      vertex -13.4865 5.13508 30
    endloop
  endfacet
  facet normal 0 -0 1
    outer loop
      vertex -14.027 6.21627 30
      vertex -14.027 7.29724 30
      vertex -14.5676 6.21616 30
    endloop
  endfacet
  facet normal 0 0 1
    outer loop
      vertex -11.8649 7.83778 30
      vertex -11.8648 7.83784 30
      vertex -11.8648 8.37843 30
    endloop
  endfacet
  facet normal 0 0 1
    outer loop
      vertex -14.5676 5.67572 30
      vertex -14.027 6.21627 30
      vertex -14.5676 6.21616 30
    endloop
  endfacet
  facet normal -0 0 1
    outer loop
      vertex -14.0271 7.29735 30
      vertex -14.027 7.29724 30
      vertex -13.4865 7.83789 30
    endloop
  endfacet
  facet normal 0 0 1
    outer loop
      vertex -14.0271 7.29735 30
      vertex -14.5676 6.21616 30
      vertex -14.027 7.29724 30
    endloop
  endfacet
  facet normal 0 0 1
    outer loop
      vertex -13.4864 7.83778 30
      vertex -13.4865 7.83789 30
      vertex -14.027 7.29724 30
    endloop
  endfacet
  facet normal 0 0 1
    outer loop
      vertex -11.8649 7.83778 30
      vertex -13.4864 8.37843 30
      vertex -13.4864 7.83778 30
    endloop
  endfacet
  facet normal 0 0 1
    outer loop
      vertex -12.946 5.67562 30
      vertex -11.8649 7.29735 30
      vertex -12.946 7.29735 30
    endloop
  endfacet
  facet normal 0 0 1
    outer loop
      vertex -11.8649 7.29735 30
      vertex -11.8649 5.67562 30
      vertex -11.3243 5.67568 30
    endloop
  endfacet
  facet normal -0 0 1
    outer loop
      vertex -11.3243 5.67568 30
      vertex -11.3244 5.13514 30
      vertex -9.7027 5.67568 30
    endloop
  endfacet
  facet normal 0 0 1
    outer loop
      vertex -12.946 5.67562 30
      vertex -11.8649 5.67562 30
      vertex -11.8649 7.29735 30
    endloop
  endfacet
  facet normal 0 0 1
    outer loop
      vertex -11.8649 5.67562 30
      vertex -11.8649 5.13514 30
      vertex -11.3244 5.13514 30
    endloop
  endfacet
  facet normal -0 0 1
    outer loop
      vertex -14.5675 0.27032 30
      vertex -14.027 -0.270328 30
      vertex -13.4865 0.27032 30
    endloop
  endfacet
  facet normal -0 0 1
    outer loop
      vertex -13.4865 -0.810761 30
      vertex -13.4865 -1.35141 30
      vertex -12.4053 -0.810761 30
    endloop
  endfacet
  facet normal -0 0 1
    outer loop
      vertex -14.0271 -0.810869 30
      vertex -13.4865 -1.35141 30
      vertex -13.4865 -0.810761 30
    endloop
  endfacet
  facet normal 0 0 1
    outer loop
      vertex -14.5676 -0.270328 30
      vertex -14.0271 -0.810869 30
      vertex -14.027 -0.810761 30
    endloop
  endfacet
  facet normal 0 -0 1
    outer loop
      vertex -14.027 -0.810761 30
      vertex -14.027 -0.270328 30
      vertex -14.5676 -0.270328 30
    endloop
  endfacet
  facet normal 0 -0 1
    outer loop
      vertex -13.4865 -0.270328 30
      vertex -13.4865 0.27032 30
      vertex -14.027 -0.270328 30
    endloop
  endfacet
  facet normal 0 0 1
    outer loop
      vertex -14.0271 8.91886 30
      vertex -14.027 8.91897 30
      vertex -14.027 9.4594 30
    endloop
  endfacet
  facet normal -0 0 1
    outer loop
      vertex -13.4865 8.91897 30
      vertex -13.4864 8.91886 30
      vertex -13.4865 9.4594 30
    endloop
  endfacet
  facet normal -0 0 1
    outer loop
      vertex -14.027 8.91897 30
      vertex -13.4865 8.37832 30
      vertex -13.4865 8.91897 30
    endloop
  endfacet
  facet normal -0 0 1
    outer loop
      vertex -14.0271 8.91886 30
      vertex -13.4865 8.37832 30
      vertex -14.027 8.91897 30
    endloop
  endfacet
  facet normal 0 0 1
    outer loop
      vertex -13.4864 9.45951 30
      vertex -14.027 9.4594 30
      vertex -13.4865 9.4594 30
    endloop
  endfacet
  facet normal 0 0 1
    outer loop
      vertex -14.5676 9.45951 30
      vertex -14.0271 8.91886 30
      vertex -14.027 9.4594 30
    endloop
  endfacet
  facet normal 0 0 1
    outer loop
      vertex -12.4055 -2.97292 30
      vertex -12.4055 -3.51357 30
      vertex -11.3243 -4.054 30
    endloop
  endfacet
  facet normal -0 0 1
    outer loop
      vertex -11.8649 -4.59454 30
      vertex -11.8649 -5.13509 30
      vertex -11.3244 -4.59454 30
    endloop
  endfacet
  facet normal 0 0 1
    outer loop
      vertex -10.7837 -5.13519 30
      vertex -11.3244 -4.59454 30
      vertex -11.3244 -5.13519 30
    endloop
  endfacet
  facet normal 0 0 1
    outer loop
      vertex -11.8649 -5.13509 30
      vertex -11.8648 -5.13519 30
      vertex -11.3244 -5.13519 30
    endloop
  endfacet
  facet normal 0 0 1
    outer loop
      vertex -12.4053 -5.13509 30
      vertex -12.4053 -6.21627 30
      vertex -11.8648 -5.13519 30
    endloop
  endfacet
  facet normal -0 0 1
    outer loop
      vertex -12.946 -5.13519 30
      vertex -12.4053 -6.21627 30
      vertex -12.4053 -5.13509 30
    endloop
  endfacet
  facet normal 0 0 1
    outer loop
      vertex -11.3244 -4.05411 30
      vertex -12.4055 -3.51357 30
      vertex -12.4055 -4.05411 30
    endloop
  endfacet
  facet normal 0 0 1
    outer loop
      vertex -14.0271 -4.59465 30
      vertex -13.4864 -4.59454 30
      vertex -13.4865 -4.054 30
    endloop
  endfacet
  facet normal -0 0 1
    outer loop
      vertex -14.0271 -4.59465 30
      vertex -14.027 -5.13519 30
      vertex -13.4864 -4.59454 30
    endloop
  endfacet
  facet normal 0 0 1
    outer loop
      vertex -13.4865 -4.054 30
      vertex -13.4864 -4.59454 30
      vertex -13.4864 -4.05411 30
    endloop
  endfacet
  facet normal 0 0 1
    outer loop
      vertex -12.9459 -3.51357 30
      vertex -13.4865 -3.51357 30
      vertex -13.4865 -4.054 30
    endloop
  endfacet
  facet normal 0 0 1
    outer loop
      vertex -12.4055 -2.97292 30
      vertex -13.4865 -3.51357 30
      vertex -12.9459 -3.51357 30
    endloop
  endfacet
  facet normal 0 0 1
    outer loop
      vertex -11.3243 -4.054 30
      vertex -12.4055 -3.51357 30
      vertex -11.3244 -4.05411 30
    endloop
  endfacet
  facet normal 0 0 1
    outer loop
      vertex -12.4055 -2.97292 30
      vertex -12.9459 -3.51357 30
      vertex -12.4055 -3.51357 30
    endloop
  endfacet
  facet normal 0 0 1
    outer loop
      vertex -12.4055 -7.29736 30
      vertex -11.8649 -6.75671 30
      vertex -12.4053 -6.75671 30
    endloop
  endfacet
  facet normal 0 0 1
    outer loop
      vertex -11.8649 -6.75671 30
      vertex -11.8648 -7.29736 30
      vertex -11.3243 -7.29736 30
    endloop
  endfacet
  facet normal 0 0 1
    outer loop
      vertex -12.4055 -7.29736 30
      vertex -11.8648 -7.29736 30
      vertex -11.8649 -6.75671 30
    endloop
  endfacet
  facet normal -0 0 1
    outer loop
      vertex -12.946 -7.29725 30
      vertex -12.4055 -7.29736 30
      vertex -12.4053 -6.75671 30
    endloop
  endfacet
  facet normal 0 0 1
    outer loop
      vertex -11.8648 -6.21617 30
      vertex -12.4053 -6.21627 30
      vertex -11.8649 -6.21627 30
    endloop
  endfacet
  facet normal 0 0 1
    outer loop
      vertex -12.946 -5.13519 30
      vertex -12.946 -7.29725 30
      vertex -12.4053 -6.21627 30
    endloop
  endfacet
  facet normal 0 0 1
    outer loop
      vertex -11.8649 -1.89184 30
      vertex -11.3243 -1.89184 30
      vertex -11.8648 -1.3513 30
    endloop
  endfacet
  facet normal 0 0 1
    outer loop
      vertex -12.4053 -0.810761 30
      vertex -12.4053 -1.35141 30
      vertex -11.8649 -1.35141 30
    endloop
  endfacet
  facet normal 0 0 1
    outer loop
      vertex -12.4055 -2.43249 30
      vertex -11.3243 -2.43249 30
      vertex -11.8649 -1.89184 30
    endloop
  endfacet
  facet normal 0 0 1
    outer loop
      vertex -13.4865 -2.43249 30
      vertex -12.4053 -1.89184 30
      vertex -13.4865 -1.35141 30
    endloop
  endfacet
  facet normal 0 0 1
    outer loop
      vertex -12.4055 -2.43249 30
      vertex -11.8649 -1.89184 30
      vertex -12.4053 -1.89184 30
    endloop
  endfacet
  facet normal 0 0 1
    outer loop
      vertex -13.4865 -1.35141 30
      vertex -12.4053 -1.35141 30
      vertex -12.4053 -0.810761 30
    endloop
  endfacet
  facet normal -0 0 1
    outer loop
      vertex -13.4865 -1.35141 30
      vertex -12.4053 -1.89184 30
      vertex -12.4053 -1.35141 30
    endloop
  endfacet
  facet normal 0 0 1
    outer loop
      vertex -9.16221 7.83784 30
      vertex -9.7027 7.2973 30
      vertex -9.16216 7.29724 30
    endloop
  endfacet
  facet normal 0 0 1
    outer loop
      vertex -11.3243 5.67568 30
      vertex -11.8649 5.67562 30
      vertex -11.3244 5.13514 30
    endloop
  endfacet
  facet normal 0 0 1
    outer loop
      vertex -9.16221 5.13514 30
      vertex -9.7027 5.67568 30
      vertex -9.70265 5.13514 30
    endloop
  endfacet
  facet normal 0 0 1
    outer loop
      vertex -9.7027 7.2973 30
      vertex -10.7838 7.83784 30
      vertex -11.3243 7.2973 30
    endloop
  endfacet
  facet normal 0 0 1
    outer loop
      vertex -11.3243 7.2973 30
      vertex -11.8649 7.29735 30
      vertex -11.3243 5.67568 30
    endloop
  endfacet
  facet normal 0 0 1
    outer loop
      vertex -10.7838 7.83784 30
      vertex -11.8648 7.83784 30
      vertex -11.3243 7.2973 30
    endloop
  endfacet
  facet normal 0 -0 1
    outer loop
      vertex -10.2432 6.21622 30
      vertex -10.2432 6.75676 30
      vertex -10.7838 6.21622 30
    endloop
  endfacet
  facet normal 0 0 1
    outer loop
      vertex -10.2432 6.75676 30
      vertex -10.7838 6.75676 30
      vertex -10.7838 6.21622 30
    endloop
  endfacet
  facet normal 0 0 1
    outer loop
      vertex -8.62156 7.83789 30
      vertex -9.16221 7.83784 30
      vertex -9.16216 7.29724 30
    endloop
  endfacet
  facet normal 0 0 1
    outer loop
      vertex -9.70265 8.37832 30
      vertex -9.70275 8.37843 30
      vertex -9.70265 7.83784 30
    endloop
  endfacet
  facet normal 0 0 1
    outer loop
      vertex -9.16221 7.83784 30
      vertex -9.70265 7.83784 30
      vertex -9.7027 7.2973 30
    endloop
  endfacet
  facet normal 0 0 1
    outer loop
      vertex -9.16221 8.37832 30
      vertex -9.70275 8.91886 30
      vertex -9.70265 8.37832 30
    endloop
  endfacet
  facet normal 0 0 1
    outer loop
      vertex -8.62156 7.83789 30
      vertex -9.16221 8.37832 30
      vertex -9.16221 7.83784 30
    endloop
  endfacet
  facet normal 0 0 1
    outer loop
      vertex -9.1621 8.37843 30
      vertex -9.70275 8.91886 30
      vertex -9.16221 8.37832 30
    endloop
  endfacet
  facet normal -0 0 1
    outer loop
      vertex -9.70275 1.89194 30
      vertex -9.16221 1.89183 30
      vertex -9.1621 1.89194 30
    endloop
  endfacet
  facet normal -0 0 1
    outer loop
      vertex -9.16221 1.3514 30
      vertex -9.16221 0.810753 30
      vertex -8.08102 1.3514 30
    endloop
  endfacet
  facet normal 0 0 1
    outer loop
      vertex -9.70265 1.3514 30
      vertex -10.2433 0.810753 30
      vertex -9.16221 0.810753 30
    endloop
  endfacet
  facet normal 0 0 1
    outer loop
      vertex -9.70275 1.89194 30
      vertex -10.2432 1.89194 30
      vertex -9.70265 1.3514 30
    endloop
  endfacet
  facet normal 0 0 1
    outer loop
      vertex -9.70275 1.89194 30
      vertex -9.70265 1.89183 30
      vertex -9.16221 1.89183 30
    endloop
  endfacet
  facet normal 0 0 1
    outer loop
      vertex -9.70275 1.89194 30
      vertex -9.70265 1.3514 30
      vertex -9.70265 1.89183 30
    endloop
  endfacet
  facet normal -0 0 1
    outer loop
      vertex -8.62167 4.59464 30
      vertex -8.62156 4.59454 30
      vertex -8.08102 4.59464 30
    endloop
  endfacet
  facet normal -0 0 1
    outer loop
      vertex -8.08113 4.0541 30
      vertex -8.08102 4.054 30
      vertex -8.08113 4.59454 30
    endloop
  endfacet
  facet normal 0 0 1
    outer loop
      vertex -8.62156 4.0541 30
      vertex -9.16221 3.51346 30
      vertex -8.08102 3.51346 30
    endloop
  endfacet
  facet normal 0 0 1
    outer loop
      vertex -8.62167 4.59464 30
      vertex -9.16221 4.59464 30
      vertex -8.62156 4.0541 30
    endloop
  endfacet
  facet normal 0 0 1
    outer loop
      vertex -8.08102 4.59464 30
      vertex -8.62156 4.59454 30
      vertex -8.08113 4.59454 30
    endloop
  endfacet
  facet normal 0 0 1
    outer loop
      vertex -8.62167 4.59464 30
      vertex -8.62156 4.0541 30
      vertex -8.62156 4.59454 30
    endloop
  endfacet
  facet normal 0 0 1
    outer loop
      vertex -7.54048 0.81086 30
      vertex -7.54059 0.810753 30
      vertex -7.54059 0.27032 30
    endloop
  endfacet
  facet normal 0 0 1
    outer loop
      vertex -7.54048 0.81086 30
      vertex -8.08102 1.3514 30
      vertex -7.54059 0.810753 30
    endloop
  endfacet
  facet normal 0 0 1
    outer loop
      vertex -7.54048 0.81086 30
      vertex -7.54059 0.27032 30
      vertex -7.54048 0.270213 30
    endloop
  endfacet
  facet normal 0 0 1
    outer loop
      vertex -8.08102 0.27032 30
      vertex -8.62167 0.270213 30
      vertex -8.62167 -0.270221 30
    endloop
  endfacet
  facet normal 0 0 1
    outer loop
      vertex -7.54059 0.810753 30
      vertex -8.08102 1.3514 30
      vertex -8.08102 0.810753 30
    endloop
  endfacet
  facet normal 0 0 1
    outer loop
      vertex -8.08102 1.3514 30
      vertex -9.16221 0.810753 30
      vertex -8.08102 0.810753 30
    endloop
  endfacet
  facet normal 0 0 1
    outer loop
      vertex -21.054 4.0541 30
      vertex -22.1351 4.0541 30
      vertex -21.054 3.51356 30
    endloop
  endfacet
  facet normal 0 -0 1
    outer loop
      vertex -22.1352 4.054 30
      vertex -22.1352 4.59464 30
      vertex -23.7568 4.054 30
    endloop
  endfacet
  facet normal 0 0 1
    outer loop
      vertex -21.054 3.51356 30
      vertex -21.5945 2.97292 30
      vertex -20.5135 2.97292 30
    endloop
  endfacet
  facet normal 0 -0 1
    outer loop
      vertex -22.1352 2.97292 30
      vertex -22.1352 3.51356 30
      vertex -23.7568 2.97292 30
    endloop
  endfacet
  facet normal 0 -0 1
    outer loop
      vertex -22.1351 2.43237 30
      vertex -21.5945 2.97292 30
      vertex -22.1352 2.97292 30
    endloop
  endfacet
  facet normal 0 0 1
    outer loop
      vertex -22.1352 1.35129 30
      vertex -21.054 1.35129 30
      vertex -22.1351 1.89194 30
    endloop
  endfacet
  facet normal 0 0 1
    outer loop
      vertex -23.7568 1.89183 30
      vertex -22.1352 2.43248 30
      vertex -23.7568 2.43248 30
    endloop
  endfacet
  facet normal 0 0 1
    outer loop
      vertex -23.7568 1.89183 30
      vertex -22.1352 1.89183 30
      vertex -22.1352 2.43248 30
    endloop
  endfacet
  facet normal 0 0 1
    outer loop
      vertex -21.5945 2.97292 30
      vertex -22.1351 2.43237 30
      vertex -21.5945 2.43237 30
    endloop
  endfacet
  facet normal -0 0 1
    outer loop
      vertex -22.1351 1.89194 30
      vertex -21.054 1.35129 30
      vertex -21.054 1.89194 30
    endloop
  endfacet
  facet normal 0 0 1
    outer loop
      vertex -22.1352 1.89183 30
      vertex -22.1351 1.89194 30
      vertex -22.1351 2.43237 30
    endloop
  endfacet
  facet normal -0 0 1
    outer loop
      vertex -22.1352 1.89183 30
      vertex -22.1352 1.35129 30
      vertex -22.1351 1.89194 30
    endloop
  endfacet
  facet normal 0 0 1
    outer loop
      vertex -22.1352 1.89183 30
      vertex -22.1351 2.43237 30
      vertex -22.1352 2.43248 30
    endloop
  endfacet
  facet normal 0 0 1
    outer loop
      vertex -22.1352 3.51356 30
      vertex -22.1352 2.97292 30
      vertex -21.5945 2.97292 30
    endloop
  endfacet
  facet normal -0 0 1
    outer loop
      vertex -21.054 3.51356 30
      vertex -20.5135 2.97292 30
      vertex -20.5135 3.51356 30
    endloop
  endfacet
  facet normal 0 0 1
    outer loop
      vertex -22.1351 4.0541 30
      vertex -22.1352 3.51356 30
      vertex -21.054 3.51356 30
    endloop
  endfacet
  facet normal 0 -0 1
    outer loop
      vertex -21.054 4.59454 30
      vertex -21.054 5.13518 30
      vertex -22.1351 4.59454 30
    endloop
  endfacet
  facet normal 0 0 1
    outer loop
      vertex -22.1351 4.59454 30
      vertex -22.1352 4.054 30
      vertex -22.1351 4.0541 30
    endloop
  endfacet
  facet normal 0 0 1
    outer loop
      vertex -22.1352 4.59464 30
      vertex -22.1352 4.054 30
      vertex -22.1351 4.59454 30
    endloop
  endfacet
  facet normal -0 0 1
    outer loop
      vertex -22.1351 5.13518 30
      vertex -22.1351 4.59454 30
      vertex -21.054 5.13518 30
    endloop
  endfacet
  facet normal 0 0 1
    outer loop
      vertex -22.1352 5.13508 30
      vertex -22.1351 5.13518 30
      vertex -22.1351 5.67572 30
    endloop
  endfacet
  facet normal -0 0 1
    outer loop
      vertex -22.1352 5.13508 30
      vertex -22.1352 4.59464 30
      vertex -22.1351 5.13518 30
    endloop
  endfacet
  facet normal 0 0 1
    outer loop
      vertex -22.1351 5.67572 30
      vertex -23.7568 5.67572 30
      vertex -22.1352 5.13508 30
    endloop
  endfacet
  facet normal 0 0 1
    outer loop
      vertex -22.1352 5.13508 30
      vertex -23.7568 5.67572 30
      vertex -23.7568 5.13508 30
    endloop
  endfacet
  facet normal 0 -0 1
    outer loop
      vertex -23.2162 -2.43249 30
      vertex -23.2162 -1.89184 30
      vertex -23.7568 -2.43249 30
    endloop
  endfacet
  facet normal 0 -0 1
    outer loop
      vertex -22.1351 -8.91898 30
      vertex -22.1351 -8.37833 30
      vertex -22.6757 -8.91898 30
    endloop
  endfacet
  facet normal 0 0 1
    outer loop
      vertex -22.1351 -8.37833 30
      vertex -22.6757 -8.37833 30
      vertex -22.6757 -8.91898 30
    endloop
  endfacet
  facet normal 0 0 1
    outer loop
      vertex -22.6757 8.91886 30
      vertex -21.5945 8.91886 30
      vertex -21.5945 9.45951 30
    endloop
  endfacet
  facet normal -0 0 1
    outer loop
      vertex -22.6757 9.45951 30
      vertex -22.6757 8.91886 30
      vertex -21.5945 9.45951 30
    endloop
  endfacet
  facet normal 0 0 1
    outer loop
      vertex -20.5135 0.81086 30
      vertex -21.0541 0.270213 30
      vertex -20.5135 0.270213 30
    endloop
  endfacet
  facet normal 0 0 1
    outer loop
      vertex -18.3514 8.91886 30
      vertex -19.4325 10 30
      vertex -19.4325 8.91886 30
    endloop
  endfacet
  facet normal -0 0 1
    outer loop
      vertex -19.4325 10 30
      vertex -18.3514 8.91886 30
      vertex -17.8108 10 30
    endloop
  endfacet
  facet normal 0 0 1
    outer loop
      vertex -16.7298 -5.13519 30
      vertex -15.6486 -4.59454 30
      vertex -16.7298 -4.59454 30
    endloop
  endfacet
  facet normal 0 0 1
    outer loop
      vertex -18.3514 8.91886 30
      vertex -18.3514 8.37832 30
      vertex -17.8108 8.37832 30
    endloop
  endfacet
  facet normal 0 0 1
    outer loop
      vertex -17.2703 8.91886 30
      vertex -16.1892 8.91886 30
      vertex -16.7297 9.45951 30
    endloop
  endfacet
  facet normal 0 0 1
    outer loop
      vertex -16.7298 -5.13519 30
      vertex -15.6486 -5.13519 30
      vertex -15.6486 -4.59454 30
    endloop
  endfacet
  facet normal 0 -0 1
    outer loop
      vertex -16.1892 8.91886 30
      vertex -16.1892 9.45951 30
      vertex -16.7297 9.45951 30
    endloop
  endfacet
  facet normal 0 -0 1
    outer loop
      vertex -16.7297 9.45951 30
      vertex -16.7297 10 30
      vertex -17.2703 10 30
    endloop
  endfacet
  facet normal 0 0 1
    outer loop
      vertex -16.7297 9.45951 30
      vertex -17.2703 10 30
      vertex -17.2703 8.91886 30
    endloop
  endfacet
  facet normal 0 0 1
    outer loop
      vertex -16.1892 8.37832 30
      vertex -15.6486 8.37832 30
      vertex -16.1892 8.91886 30
    endloop
  endfacet
  facet normal 0 0 1
    outer loop
      vertex -15.6486 8.37832 30
      vertex -16.1892 9.45951 30
      vertex -16.1892 8.91886 30
    endloop
  endfacet
  facet normal 0 -0 1
    outer loop
      vertex -15.6486 8.37832 30
      vertex -15.6486 10 30
      vertex -16.1892 9.45951 30
    endloop
  endfacet
  facet normal 0 0 1
    outer loop
      vertex -8.62156 -5.13509 30
      vertex -9.1621 -5.13519 30
      vertex -8.62167 -5.13519 30
    endloop
  endfacet
  facet normal 0 0 1
    outer loop
      vertex -10.2432 -6.75676 30
      vertex -10.7838 -10 30
      vertex -10.2432 -9.45946 30
    endloop
  endfacet
  facet normal -0 0 1
    outer loop
      vertex -10.7838 -6.21622 30
      vertex -10.2432 -6.75676 30
      vertex -7 -6.21622 30
    endloop
  endfacet
  facet normal -0 0 1
    outer loop
      vertex -7.54054 -9.45946 30
      vertex -7 -10 30
      vertex -7.54054 -6.75676 30
    endloop
  endfacet
  facet normal -0 0 1
    outer loop
      vertex -10.2432 -9.45946 30
      vertex -7 -10 30
      vertex -7.54054 -9.45946 30
    endloop
  endfacet
  facet normal 0 0 1
    outer loop
      vertex -10.7838 -10 30
      vertex -7 -10 30
      vertex -10.2432 -9.45946 30
    endloop
  endfacet
  facet normal 0 0 1
    outer loop
      vertex -7 -6.21622 30
      vertex -10.2432 -6.75676 30
      vertex -7.54054 -6.75676 30
    endloop
  endfacet
  facet normal 0 0 1
    outer loop
      vertex -10.7838 -6.21622 30
      vertex -10.7838 -10 30
      vertex -10.2432 -6.75676 30
    endloop
  endfacet
  facet normal -0 0 1
    outer loop
      vertex -9.7027 -7.2973 30
      vertex -9.7027 -8.91892 30
      vertex -8.08108 -7.2973 30
    endloop
  endfacet
  facet normal 0 0 1
    outer loop
      vertex -8.08108 -7.2973 30
      vertex -9.7027 -8.91892 30
      vertex -8.08108 -8.91892 30
    endloop
  endfacet
  facet normal 0 0 1
    outer loop
      vertex -8.08102 -5.13509 30
      vertex -8.62156 -5.13509 30
      vertex -8.08102 -5.67573 30
    endloop
  endfacet
  facet normal 0 -0 1
    outer loop
      vertex -8.62156 -5.13509 30
      vertex -8.62156 -4.59454 30
      vertex -9.1621 -5.13519 30
    endloop
  endfacet
  facet normal 0 0 1
    outer loop
      vertex -8.08102 -5.67573 30
      vertex -8.62167 -5.13519 30
      vertex -8.62167 -5.67573 30
    endloop
  endfacet
  facet normal 0 0 1
    outer loop
      vertex -7.54059 -5.67573 30
      vertex -6.99995 -5.13509 30
      vertex -7.54059 -5.13509 30
    endloop
  endfacet
  facet normal 0 0 1
    outer loop
      vertex -8.08102 -5.67573 30
      vertex -8.62156 -5.13509 30
      vertex -8.62167 -5.13519 30
    endloop
  endfacet
  facet normal 0 0 1
    outer loop
      vertex -8.62156 -4.59454 30
      vertex -9.70275 -4.59454 30
      vertex -9.1621 -5.13519 30
    endloop
  endfacet
  facet normal 0 0 1
    outer loop
      vertex -9.70275 -4.59454 30
      vertex -9.70275 -5.67573 30
      vertex -9.1621 -5.13519 30
    endloop
  endfacet
  facet normal 0 0 1
    outer loop
      vertex -6.99995 5.67572 30
      vertex -7.54059 5.13508 30
      vertex -6.99995 5.13508 30
    endloop
  endfacet
  facet normal 0 0 1
    outer loop
      vertex -7.54059 -5.67573 30
      vertex -6.99995 -5.67573 30
      vertex -6.99995 -5.13509 30
    endloop
  endfacet
  facet normal 0 1 0
    outer loop
      vertex -25.3783 -3.51346 29.32
      vertex -24.8379 -3.51346 30
      vertex -24.8379 -3.51346 29.32
    endloop
  endfacet
  facet normal 0 1 0
    outer loop
      vertex -25.3783 -3.51346 29.32
      vertex -25.3783 -3.51346 30
      vertex -24.8379 -3.51346 30
    endloop
  endfacet
  facet normal 1 0 0
    outer loop
      vertex -25.3783 -2.43249 29.32
      vertex -25.3783 -3.51346 30
      vertex -25.3783 -3.51346 29.32
    endloop
  endfacet
  facet normal 1 0 -0
    outer loop
      vertex -25.3783 -2.43249 29.32
      vertex -25.3783 -2.43249 30
      vertex -25.3783 -3.51346 30
    endloop
  endfacet
  facet normal 0 -1 0
    outer loop
      vertex -24.2972 -2.43249 29.32
      vertex -25.3783 -2.43249 30
      vertex -25.3783 -2.43249 29.32
    endloop
  endfacet
  facet normal 0 -1 0
    outer loop
      vertex -24.2972 -2.43249 29.32
      vertex -24.2972 -2.43249 30
      vertex -25.3783 -2.43249 30
    endloop
  endfacet
  facet normal 1 0 0
    outer loop
      vertex -24.2972 -1.89184 29.32
      vertex -24.2972 -2.43249 30
      vertex -24.2972 -2.43249 29.32
    endloop
  endfacet
  facet normal 1 0 -0
    outer loop
      vertex -24.2972 -1.89184 29.32
      vertex -24.2972 -1.89184 30
      vertex -24.2972 -2.43249 30
    endloop
  endfacet
  facet normal 0 1 0
    outer loop
      vertex -24.8378 -1.89184 29.32
      vertex -24.2972 -1.89184 30
      vertex -24.2972 -1.89184 29.32
    endloop
  endfacet
  facet normal 0 1 0
    outer loop
      vertex -24.8378 -1.89184 29.32
      vertex -24.8378 -1.89184 30
      vertex -24.2972 -1.89184 30
    endloop
  endfacet
  facet normal 1 0 0
    outer loop
      vertex -24.8378 0.27032 29.32
      vertex -24.8378 -1.89184 30
      vertex -24.8378 -1.89184 29.32
    endloop
  endfacet
  facet normal 1 0 -0
    outer loop
      vertex -24.8378 0.27032 29.32
      vertex -24.8378 0.27032 30
      vertex -24.8378 -1.89184 30
    endloop
  endfacet
  facet normal 0 1 0
    outer loop
      vertex -25.3783 0.27032 29.32
      vertex -24.8378 0.27032 30
      vertex -24.8378 0.27032 29.32
    endloop
  endfacet
  facet normal 0 1 0
    outer loop
      vertex -25.3783 0.27032 29.32
      vertex -25.3783 0.27032 30
      vertex -24.8378 0.27032 30
    endloop
  endfacet
  facet normal 1 0 0
    outer loop
      vertex -25.3783 0.81086 29.32
      vertex -25.3783 0.27032 30
      vertex -25.3783 0.27032 29.32
    endloop
  endfacet
  facet normal 1 0 -0
    outer loop
      vertex -25.3783 0.81086 29.32
      vertex -25.3783 0.81086 30
      vertex -25.3783 0.27032 30
    endloop
  endfacet
  facet normal 0 1 0
    outer loop
      vertex -25.919 0.81086 29.32
      vertex -25.3783 0.81086 30
      vertex -25.3783 0.81086 29.32
    endloop
  endfacet
  facet normal 0 1 0
    outer loop
      vertex -25.919 0.81086 29.32
      vertex -25.919 0.81086 30
      vertex -25.3783 0.81086 30
    endloop
  endfacet
  facet normal -1 0 0
    outer loop
      vertex -25.919 0.270213 29.32
      vertex -25.919 0.81086 30
      vertex -25.919 0.81086 29.32
    endloop
  endfacet
  facet normal -1 0 0
    outer loop
      vertex -25.919 0.270213 29.32
      vertex -25.919 0.270213 30
      vertex -25.919 0.81086 30
    endloop
  endfacet
  facet normal 0 -1 0
    outer loop
      vertex -25.3784 0.270213 29.32
      vertex -25.919 0.270213 30
      vertex -25.919 0.270213 29.32
    endloop
  endfacet
  facet normal 0 -1 0
    outer loop
      vertex -25.3784 0.270213 29.32
      vertex -25.3784 0.270213 30
      vertex -25.919 0.270213 30
    endloop
  endfacet
  facet normal -1 0 0
    outer loop
      vertex -25.3784 -0.270221 29.32
      vertex -25.3784 0.270213 30
      vertex -25.3784 0.270213 29.32
    endloop
  endfacet
  facet normal -1 0 0
    outer loop
      vertex -25.3784 -0.270221 29.32
      vertex -25.3784 -0.270221 30
      vertex -25.3784 0.270213 30
    endloop
  endfacet
  facet normal 0 1 0
    outer loop
      vertex -25.919 -0.270221 29.32
      vertex -25.3784 -0.270221 30
      vertex -25.3784 -0.270221 29.32
    endloop
  endfacet
  facet normal 0 1 0
    outer loop
      vertex -25.919 -0.270221 29.32
      vertex -25.919 -0.270221 30
      vertex -25.3784 -0.270221 30
    endloop
  endfacet
  facet normal -1 0 0
    outer loop
      vertex -25.919 -0.810761 29.32
      vertex -25.919 -0.270221 30
      vertex -25.919 -0.270221 29.32
    endloop
  endfacet
  facet normal -1 0 0
    outer loop
      vertex -25.919 -0.810761 29.32
      vertex -25.919 -0.810761 30
      vertex -25.919 -0.270221 30
    endloop
  endfacet
  facet normal 0 1 0
    outer loop
      vertex -26.4595 -0.810761 29.32
      vertex -25.919 -0.810761 30
      vertex -25.919 -0.810761 29.32
    endloop
  endfacet
  facet normal 0 1 0
    outer loop
      vertex -26.4595 -0.810761 29.32
      vertex -26.4595 -0.810761 30
      vertex -25.919 -0.810761 30
    endloop
  endfacet
  facet normal -1 0 0
    outer loop
      vertex -26.4595 -1.3513 29.32
      vertex -26.4595 -0.810761 30
      vertex -26.4595 -0.810761 29.32
    endloop
  endfacet
  facet normal -1 0 0
    outer loop
      vertex -26.4595 -1.3513 29.32
      vertex -26.4595 -1.3513 30
      vertex -26.4595 -0.810761 30
    endloop
  endfacet
  facet normal 0 1 0
    outer loop
      vertex -27 -1.3513 29.32
      vertex -26.4595 -1.3513 30
      vertex -26.4595 -1.3513 29.32
    endloop
  endfacet
  facet normal 0 1 0
    outer loop
      vertex -27 -1.3513 29.32
      vertex -27 -1.3513 30
      vertex -26.4595 -1.3513 30
    endloop
  endfacet
  facet normal -1 0 0
    outer loop
      vertex -27 -3.51357 29.32
      vertex -27 -1.3513 30
      vertex -27 -1.3513 29.32
    endloop
  endfacet
  facet normal -1 0 0
    outer loop
      vertex -27 -3.51357 29.32
      vertex -27 -3.51357 30
      vertex -27 -1.3513 30
    endloop
  endfacet
  facet normal 0 -1 0
    outer loop
      vertex -25.919 -3.51357 29.32
      vertex -27 -3.51357 30
      vertex -27 -3.51357 29.32
    endloop
  endfacet
  facet normal 0 -1 0
    outer loop
      vertex -25.919 -3.51357 29.32
      vertex -25.919 -3.51357 30
      vertex -27 -3.51357 30
    endloop
  endfacet
  facet normal -1 0 0
    outer loop
      vertex -25.919 -4.054 29.32
      vertex -25.919 -3.51357 30
      vertex -25.919 -3.51357 29.32
    endloop
  endfacet
  facet normal -1 0 0
    outer loop
      vertex -25.919 -4.054 29.32
      vertex -25.919 -4.054 30
      vertex -25.919 -3.51357 30
    endloop
  endfacet
  facet normal 0 1 0
    outer loop
      vertex -26.4595 -4.054 29.32
      vertex -25.919 -4.054 30
      vertex -25.919 -4.054 29.32
    endloop
  endfacet
  facet normal 0 1 0
    outer loop
      vertex -26.4595 -4.054 29.32
      vertex -26.4595 -4.054 30
      vertex -25.919 -4.054 30
    endloop
  endfacet
  facet normal -1 0 0
    outer loop
      vertex -26.4595 -4.59454 29.32
      vertex -26.4595 -4.054 30
      vertex -26.4595 -4.054 29.32
    endloop
  endfacet
  facet normal -1 0 0
    outer loop
      vertex -26.4595 -4.59454 29.32
      vertex -26.4595 -4.59454 30
      vertex -26.4595 -4.054 30
    endloop
  endfacet
  facet normal 0 1 0
    outer loop
      vertex -27 -4.59454 29.32
      vertex -26.4595 -4.59454 30
      vertex -26.4595 -4.59454 29.32
    endloop
  endfacet
  facet normal 0 1 0
    outer loop
      vertex -27 -4.59454 29.32
      vertex -27 -4.59454 30
      vertex -26.4595 -4.59454 30
    endloop
  endfacet
  facet normal -1 0 0
    outer loop
      vertex -27 -5.13519 29.32
      vertex -27 -4.59454 30
      vertex -27 -4.59454 29.32
    endloop
  endfacet
  facet normal -1 0 0
    outer loop
      vertex -27 -5.13519 29.32
      vertex -27 -5.13519 30
      vertex -27 -4.59454 30
    endloop
  endfacet
  facet normal 0 -1 0
    outer loop
      vertex -26.4595 -5.13519 29.32
      vertex -27 -5.13519 30
      vertex -27 -5.13519 29.32
    endloop
  endfacet
  facet normal 0 -1 0
    outer loop
      vertex -26.4595 -5.13519 29.32
      vertex -26.4595 -5.13519 30
      vertex -27 -5.13519 30
    endloop
  endfacet
  facet normal -1 0 0
    outer loop
      vertex -26.4595 -5.67573 29.32
      vertex -26.4595 -5.13519 30
      vertex -26.4595 -5.13519 29.32
    endloop
  endfacet
  facet normal -1 0 0
    outer loop
      vertex -26.4595 -5.67573 29.32
      vertex -26.4595 -5.67573 30
      vertex -26.4595 -5.13519 30
    endloop
  endfacet
  facet normal 0 -1 0
    outer loop
      vertex -25.9189 -5.67573 29.32
      vertex -26.4595 -5.67573 30
      vertex -26.4595 -5.67573 29.32
    endloop
  endfacet
  facet normal 0 -1 0
    outer loop
      vertex -25.9189 -5.67573 29.32
      vertex -25.9189 -5.67573 30
      vertex -26.4595 -5.67573 30
    endloop
  endfacet
  facet normal 1 0 0
    outer loop
      vertex -25.9189 -4.05411 29.32
      vertex -25.9189 -5.67573 30
      vertex -25.9189 -5.67573 29.32
    endloop
  endfacet
  facet normal 1 0 -0
    outer loop
      vertex -25.9189 -4.05411 29.32
      vertex -25.9189 -4.05411 30
      vertex -25.9189 -5.67573 30
    endloop
  endfacet
  facet normal 0 -1 0
    outer loop
      vertex -25.3784 -4.05411 29.32
      vertex -25.9189 -4.05411 30
      vertex -25.9189 -4.05411 29.32
    endloop
  endfacet
  facet normal 0 -1 0
    outer loop
      vertex -25.3784 -4.05411 29.32
      vertex -25.3784 -4.05411 30
      vertex -25.9189 -4.05411 30
    endloop
  endfacet
  facet normal -1 0 0
    outer loop
      vertex -25.3784 -4.59465 29.32
      vertex -25.3784 -4.05411 30
      vertex -25.3784 -4.05411 29.32
    endloop
  endfacet
  facet normal -1 0 0
    outer loop
      vertex -25.3784 -4.59465 29.32
      vertex -25.3784 -4.59465 30
      vertex -25.3784 -4.05411 30
    endloop
  endfacet
  facet normal 0 -1 0
    outer loop
      vertex -24.8378 -4.59465 29.32
      vertex -25.3784 -4.59465 30
      vertex -25.3784 -4.59465 29.32
    endloop
  endfacet
  facet normal 0 -1 0
    outer loop
      vertex -24.8378 -4.59465 29.32
      vertex -24.8378 -4.59465 30
      vertex -25.3784 -4.59465 30
    endloop
  endfacet
  facet normal 1 0 0
    outer loop
      vertex -24.8378 -3.51357 29.32
      vertex -24.8378 -4.59465 30
      vertex -24.8378 -4.59465 29.32
    endloop
  endfacet
  facet normal 1 0 -0
    outer loop
      vertex -24.8378 -3.51357 29.32
      vertex -24.8378 -3.51357 30
      vertex -24.8378 -4.59465 30
    endloop
  endfacet
  facet normal 0 -1 0
    outer loop
      vertex -22.6756 -3.51357 29.32
      vertex -24.8378 -3.51357 30
      vertex -24.8378 -3.51357 29.32
    endloop
  endfacet
  facet normal 0 -1 0
    outer loop
      vertex -22.6756 -3.51357 29.32
      vertex -22.6756 -3.51357 30
      vertex -24.8378 -3.51357 30
    endloop
  endfacet
  facet normal 1 0 0
    outer loop
      vertex -22.6756 -2.97292 29.32
      vertex -22.6756 -3.51357 30
      vertex -22.6756 -3.51357 29.32
    endloop
  endfacet
  facet normal 1 0 -0
    outer loop
      vertex -22.6756 -2.97292 29.32
      vertex -22.6756 -2.97292 30
      vertex -22.6756 -3.51357 30
    endloop
  endfacet
  facet normal 0 1 0
    outer loop
      vertex -24.8379 -2.97292 29.32
      vertex -22.6756 -2.97292 30
      vertex -22.6756 -2.97292 29.32
    endloop
  endfacet
  facet normal 0 1 0
    outer loop
      vertex -24.8379 -2.97292 29.32
      vertex -24.8379 -2.97292 30
      vertex -22.6756 -2.97292 30
    endloop
  endfacet
  facet normal -1 0 0
    outer loop
      vertex -24.8379 -3.51346 29.32
      vertex -24.8379 -2.97292 30
      vertex -24.8379 -2.97292 29.32
    endloop
  endfacet
  facet normal -1 0 0
    outer loop
      vertex -24.8379 -3.51346 29.32
      vertex -24.8379 -3.51346 30
      vertex -24.8379 -2.97292 30
    endloop
  endfacet
  facet normal 0 1 0
    outer loop
      vertex -26.4594 -2.43238 29.32
      vertex -26.4594 -2.43238 30
      vertex -25.3784 -2.43238 29.32
    endloop
  endfacet
  facet normal 0 1 0
    outer loop
      vertex -25.3784 -2.43238 30
      vertex -25.3784 -2.43238 29.32
      vertex -26.4594 -2.43238 30
    endloop
  endfacet
  facet normal 1 0 -0
    outer loop
      vertex -26.4594 -1.35141 29.32
      vertex -26.4594 -1.35141 30
      vertex -26.4594 -2.43238 29.32
    endloop
  endfacet
  facet normal 1 -0 0
    outer loop
      vertex -26.4594 -2.43238 30
      vertex -26.4594 -2.43238 29.32
      vertex -26.4594 -1.35141 30
    endloop
  endfacet
  facet normal 0 -1 0
    outer loop
      vertex -25.9189 -1.35141 29.32
      vertex -25.9189 -1.35141 30
      vertex -26.4594 -1.35141 29.32
    endloop
  endfacet
  facet normal 0 -1 0
    outer loop
      vertex -26.4594 -1.35141 30
      vertex -26.4594 -1.35141 29.32
      vertex -25.9189 -1.35141 30
    endloop
  endfacet
  facet normal 1 0 -0
    outer loop
      vertex -25.9189 -0.810869 29.32
      vertex -25.9189 -0.810869 30
      vertex -25.9189 -1.35141 29.32
    endloop
  endfacet
  facet normal 1 -0 0
    outer loop
      vertex -25.9189 -1.35141 30
      vertex -25.9189 -1.35141 29.32
      vertex -25.9189 -0.810869 30
    endloop
  endfacet
  facet normal 0 -1 0
    outer loop
      vertex -25.3784 -0.810869 29.32
      vertex -25.3784 -0.810869 30
      vertex -25.9189 -0.810869 29.32
    endloop
  endfacet
  facet normal 0 -1 0
    outer loop
      vertex -25.9189 -0.810869 30
      vertex -25.9189 -0.810869 29.32
      vertex -25.3784 -0.810869 30
    endloop
  endfacet
  facet normal -1 0 0
    outer loop
      vertex -25.3784 -2.43238 29.32
      vertex -25.3784 -2.43238 30
      vertex -25.3784 -0.810869 29.32
    endloop
  endfacet
  facet normal -1 -0 -0
    outer loop
      vertex -25.3784 -0.810869 30
      vertex -25.3784 -0.810869 29.32
      vertex -25.3784 -2.43238 30
    endloop
  endfacet
  facet normal -1 0 0
    outer loop
      vertex -27 -0.270328 29.32
      vertex -27 0.27032 30
      vertex -27 0.27032 29.32
    endloop
  endfacet
  facet normal -1 0 0
    outer loop
      vertex -27 -0.270328 29.32
      vertex -27 -0.270328 30
      vertex -27 0.27032 30
    endloop
  endfacet
  facet normal 0 -1 0
    outer loop
      vertex -26.4594 -0.270328 29.32
      vertex -27 -0.270328 30
      vertex -27 -0.270328 29.32
    endloop
  endfacet
  facet normal 0 -1 0
    outer loop
      vertex -26.4594 -0.270328 29.32
      vertex -26.4594 -0.270328 30
      vertex -27 -0.270328 30
    endloop
  endfacet
  facet normal 1 0 0
    outer loop
      vertex -26.4594 0.27032 29.32
      vertex -26.4594 -0.270328 30
      vertex -26.4594 -0.270328 29.32
    endloop
  endfacet
  facet normal 1 0 -0
    outer loop
      vertex -26.4594 0.27032 29.32
      vertex -26.4594 0.27032 30
      vertex -26.4594 -0.270328 30
    endloop
  endfacet
  facet normal 0 1 0
    outer loop
      vertex -27 0.27032 29.32
      vertex -26.4594 0.27032 30
      vertex -26.4594 0.27032 29.32
    endloop
  endfacet
  facet normal 0 1 0
    outer loop
      vertex -27 0.27032 29.32
      vertex -27 0.27032 30
      vertex -26.4594 0.27032 30
    endloop
  endfacet
  facet normal 1 0 0
    outer loop
      vertex -25.3783 5.67572 29.32
      vertex -25.3783 5.13518 30
      vertex -25.3783 5.13518 29.32
    endloop
  endfacet
  facet normal 1 0 -0
    outer loop
      vertex -25.3783 5.67572 29.32
      vertex -25.3783 5.67572 30
      vertex -25.3783 5.13518 30
    endloop
  endfacet
  facet normal 0 1 0
    outer loop
      vertex -25.919 5.67572 29.32
      vertex -25.3783 5.67572 30
      vertex -25.3783 5.67572 29.32
    endloop
  endfacet
  facet normal 0 1 0
    outer loop
      vertex -25.919 5.67572 29.32
      vertex -25.919 5.67572 30
      vertex -25.3783 5.67572 30
    endloop
  endfacet
  facet normal -1 0 0
    outer loop
      vertex -25.919 4.59464 29.32
      vertex -25.919 5.67572 30
      vertex -25.919 5.67572 29.32
    endloop
  endfacet
  facet normal -1 0 0
    outer loop
      vertex -25.919 4.59464 29.32
      vertex -25.919 4.59464 30
      vertex -25.919 5.67572 30
    endloop
  endfacet
  facet normal 0 1 0
    outer loop
      vertex -26.4595 4.59464 29.32
      vertex -25.919 4.59464 30
      vertex -25.919 4.59464 29.32
    endloop
  endfacet
  facet normal 0 1 0
    outer loop
      vertex -26.4595 4.59464 29.32
      vertex -26.4595 4.59464 30
      vertex -25.919 4.59464 30
    endloop
  endfacet
  facet normal -1 0 0
    outer loop
      vertex -26.4595 4.054 29.32
      vertex -26.4595 4.59464 30
      vertex -26.4595 4.59464 29.32
    endloop
  endfacet
  facet normal -1 0 0
    outer loop
      vertex -26.4595 4.054 29.32
      vertex -26.4595 4.054 30
      vertex -26.4595 4.59464 30
    endloop
  endfacet
  facet normal 0 -1 0
    outer loop
      vertex -25.919 4.054 29.32
      vertex -26.4595 4.054 30
      vertex -26.4595 4.054 29.32
    endloop
  endfacet
  facet normal 0 -1 0
    outer loop
      vertex -25.919 4.054 29.32
      vertex -25.919 4.054 30
      vertex -26.4595 4.054 30
    endloop
  endfacet
  facet normal -1 0 0
    outer loop
      vertex -25.919 3.51356 29.32
      vertex -25.919 4.054 30
      vertex -25.919 4.054 29.32
    endloop
  endfacet
  facet normal -1 0 0
    outer loop
      vertex -25.919 3.51356 29.32
      vertex -25.919 3.51356 30
      vertex -25.919 4.054 30
    endloop
  endfacet
  facet normal 0 1 0
    outer loop
      vertex -26.4595 3.51356 29.32
      vertex -25.919 3.51356 30
      vertex -25.919 3.51356 29.32
    endloop
  endfacet
  facet normal 0 1 0
    outer loop
      vertex -26.4595 3.51356 29.32
      vertex -26.4595 3.51356 30
      vertex -25.919 3.51356 30
    endloop
  endfacet
  facet normal -1 0 0
    outer loop
      vertex -26.4595 2.97302 29.32
      vertex -26.4595 3.51356 30
      vertex -26.4595 3.51356 29.32
    endloop
  endfacet
  facet normal -1 0 0
    outer loop
      vertex -26.4595 2.97302 29.32
      vertex -26.4595 2.97302 30
      vertex -26.4595 3.51356 30
    endloop
  endfacet
  facet normal 0 1 0
    outer loop
      vertex -27 2.97302 29.32
      vertex -26.4595 2.97302 30
      vertex -26.4595 2.97302 29.32
    endloop
  endfacet
  facet normal 0 1 0
    outer loop
      vertex -27 2.97302 29.32
      vertex -27 2.97302 30
      vertex -26.4595 2.97302 30
    endloop
  endfacet
  facet normal -1 0 0
    outer loop
      vertex -27 1.89183 29.32
      vertex -27 2.97302 30
      vertex -27 2.97302 29.32
    endloop
  endfacet
  facet normal -1 0 0
    outer loop
      vertex -27 1.89183 29.32
      vertex -27 1.89183 30
      vertex -27 2.97302 30
    endloop
  endfacet
  facet normal 0 -1 0
    outer loop
      vertex -26.4594 1.89183 29.32
      vertex -27 1.89183 30
      vertex -27 1.89183 29.32
    endloop
  endfacet
  facet normal 0 -1 0
    outer loop
      vertex -26.4594 1.89183 29.32
      vertex -26.4594 1.89183 30
      vertex -27 1.89183 30
    endloop
  endfacet
  facet normal 1 0 0
    outer loop
      vertex -26.4594 2.43237 29.32
      vertex -26.4594 1.89183 30
      vertex -26.4594 1.89183 29.32
    endloop
  endfacet
  facet normal 1 0 -0
    outer loop
      vertex -26.4594 2.43237 29.32
      vertex -26.4594 2.43237 30
      vertex -26.4594 1.89183 30
    endloop
  endfacet
  facet normal 0 -1 0
    outer loop
      vertex -25.919 2.43237 29.32
      vertex -26.4594 2.43237 30
      vertex -26.4594 2.43237 29.32
    endloop
  endfacet
  facet normal 0 -1 0
    outer loop
      vertex -25.919 2.43237 29.32
      vertex -25.919 2.43237 30
      vertex -26.4594 2.43237 30
    endloop
  endfacet
  facet normal -1 0 0
    outer loop
      vertex -25.919 1.35129 29.32
      vertex -25.919 2.43237 30
      vertex -25.919 2.43237 29.32
    endloop
  endfacet
  facet normal -1 0 0
    outer loop
      vertex -25.919 1.35129 29.32
      vertex -25.919 1.35129 30
      vertex -25.919 2.43237 30
    endloop
  endfacet
  facet normal 0 -1 0
    outer loop
      vertex -25.3783 1.35129 29.32
      vertex -25.919 1.35129 30
      vertex -25.919 1.35129 29.32
    endloop
  endfacet
  facet normal 0 -1 0
    outer loop
      vertex -25.3783 1.35129 29.32
      vertex -25.3783 1.35129 30
      vertex -25.919 1.35129 30
    endloop
  endfacet
  facet normal 1 0 0
    outer loop
      vertex -25.3783 1.89183 29.32
      vertex -25.3783 1.35129 30
      vertex -25.3783 1.35129 29.32
    endloop
  endfacet
  facet normal 1 0 -0
    outer loop
      vertex -25.3783 1.89183 29.32
      vertex -25.3783 1.89183 30
      vertex -25.3783 1.35129 30
    endloop
  endfacet
  facet normal 0 -1 0
    outer loop
      vertex -24.8378 1.89183 29.32
      vertex -25.3783 1.89183 30
      vertex -25.3783 1.89183 29.32
    endloop
  endfacet
  facet normal 0 -1 0
    outer loop
      vertex -24.8378 1.89183 29.32
      vertex -24.8378 1.89183 30
      vertex -25.3783 1.89183 30
    endloop
  endfacet
  facet normal 1 0 0
    outer loop
      vertex -24.8378 3.51356 29.32
      vertex -24.8378 1.89183 30
      vertex -24.8378 1.89183 29.32
    endloop
  endfacet
  facet normal 1 0 -0
    outer loop
      vertex -24.8378 3.51356 29.32
      vertex -24.8378 3.51356 30
      vertex -24.8378 1.89183 30
    endloop
  endfacet
  facet normal 0 1 0
    outer loop
      vertex -25.3783 3.51356 29.32
      vertex -24.8378 3.51356 30
      vertex -24.8378 3.51356 29.32
    endloop
  endfacet
  facet normal 0 1 0
    outer loop
      vertex -25.3783 3.51356 29.32
      vertex -25.3783 3.51356 30
      vertex -24.8378 3.51356 30
    endloop
  endfacet
  facet normal 1 0 0
    outer loop
      vertex -25.3783 4.054 29.32
      vertex -25.3783 3.51356 30
      vertex -25.3783 3.51356 29.32
    endloop
  endfacet
  facet normal 1 0 -0
    outer loop
      vertex -25.3783 4.054 29.32
      vertex -25.3783 4.054 30
      vertex -25.3783 3.51356 30
    endloop
  endfacet
  facet normal 0 -1 0
    outer loop
      vertex -24.8378 4.054 29.32
      vertex -25.3783 4.054 30
      vertex -25.3783 4.054 29.32
    endloop
  endfacet
  facet normal 0 -1 0
    outer loop
      vertex -24.8378 4.054 29.32
      vertex -24.8378 4.054 30
      vertex -25.3783 4.054 30
    endloop
  endfacet
  facet normal 1 0 0
    outer loop
      vertex -24.8378 4.59454 29.32
      vertex -24.8378 4.054 30
      vertex -24.8378 4.054 29.32
    endloop
  endfacet
  facet normal 1 0 -0
    outer loop
      vertex -24.8378 4.59454 29.32
      vertex -24.8378 4.59454 30
      vertex -24.8378 4.054 30
    endloop
  endfacet
  facet normal 0 -1 0
    outer loop
      vertex -24.2972 4.59454 29.32
      vertex -24.8378 4.59454 30
      vertex -24.8378 4.59454 29.32
    endloop
  endfacet
  facet normal 0 -1 0
    outer loop
      vertex -24.2972 4.59454 29.32
      vertex -24.2972 4.59454 30
      vertex -24.8378 4.59454 30
    endloop
  endfacet
  facet normal 1 0 0
    outer loop
      vertex -24.2972 5.13518 29.32
      vertex -24.2972 4.59454 30
      vertex -24.2972 4.59454 29.32
    endloop
  endfacet
  facet normal 1 0 -0
    outer loop
      vertex -24.2972 5.13518 29.32
      vertex -24.2972 5.13518 30
      vertex -24.2972 4.59454 30
    endloop
  endfacet
  facet normal 0 1 0
    outer loop
      vertex -25.3783 5.13518 29.32
      vertex -24.2972 5.13518 30
      vertex -24.2972 5.13518 29.32
    endloop
  endfacet
  facet normal 0 1 0
    outer loop
      vertex -25.3783 5.13518 29.32
      vertex -25.3783 5.13518 30
      vertex -24.2972 5.13518 30
    endloop
  endfacet
  facet normal -1 0 0
    outer loop
      vertex -27 6.21622 29.32
      vertex -27 10 30
      vertex -27 10 29.32
    endloop
  endfacet
  facet normal -1 0 0
    outer loop
      vertex -27 6.21622 29.32
      vertex -27 6.21622 30
      vertex -27 10 30
    endloop
  endfacet
  facet normal 0 -1 0
    outer loop
      vertex -23.2162 6.21622 29.32
      vertex -27 6.21622 30
      vertex -27 6.21622 29.32
    endloop
  endfacet
  facet normal 0 -1 0
    outer loop
      vertex -23.2162 6.21622 29.32
      vertex -23.2162 6.21622 30
      vertex -27 6.21622 30
    endloop
  endfacet
  facet normal 1 0 0
    outer loop
      vertex -23.2162 10 29.32
      vertex -23.2162 6.21622 30
      vertex -23.2162 6.21622 29.32
    endloop
  endfacet
  facet normal 1 0 -0
    outer loop
      vertex -23.2162 10 29.32
      vertex -23.2162 10 30
      vertex -23.2162 6.21622 30
    endloop
  endfacet
  facet normal 0 1 0
    outer loop
      vertex -27 10 29.32
      vertex -23.2162 10 30
      vertex -23.2162 10 29.32
    endloop
  endfacet
  facet normal 0 1 0
    outer loop
      vertex -27 10 29.32
      vertex -27 10 30
      vertex -23.2162 10 30
    endloop
  endfacet
  facet normal 0 1 0
    outer loop
      vertex -26.4595 6.75676 29.32
      vertex -26.4595 6.75676 30
      vertex -23.7568 6.75676 29.32
    endloop
  endfacet
  facet normal 0 1 0
    outer loop
      vertex -23.7568 6.75676 30
      vertex -23.7568 6.75676 29.32
      vertex -26.4595 6.75676 30
    endloop
  endfacet
  facet normal 1 0 -0
    outer loop
      vertex -26.4595 9.45946 29.32
      vertex -26.4595 9.45946 30
      vertex -26.4595 6.75676 29.32
    endloop
  endfacet
  facet normal 1 -0 0
    outer loop
      vertex -26.4595 6.75676 30
      vertex -26.4595 6.75676 29.32
      vertex -26.4595 9.45946 30
    endloop
  endfacet
  facet normal 0 -1 0
    outer loop
      vertex -23.7568 9.45946 29.32
      vertex -23.7568 9.45946 30
      vertex -26.4595 9.45946 29.32
    endloop
  endfacet
  facet normal 0 -1 0
    outer loop
      vertex -26.4595 9.45946 30
      vertex -26.4595 9.45946 29.32
      vertex -23.7568 9.45946 30
    endloop
  endfacet
  facet normal -1 0 0
    outer loop
      vertex -23.7568 6.75676 29.32
      vertex -23.7568 6.75676 30
      vertex -23.7568 9.45946 29.32
    endloop
  endfacet
  facet normal -1 -0 -0
    outer loop
      vertex -23.7568 9.45946 30
      vertex -23.7568 9.45946 29.32
      vertex -23.7568 6.75676 30
    endloop
  endfacet
  facet normal -1 0 0
    outer loop
      vertex -25.9189 7.2973 29.32
      vertex -25.9189 8.91892 30
      vertex -25.9189 8.91892 29.32
    endloop
  endfacet
  facet normal -1 0 0
    outer loop
      vertex -25.9189 7.2973 29.32
      vertex -25.9189 7.2973 30
      vertex -25.9189 8.91892 30
    endloop
  endfacet
  facet normal 0 -1 0
    outer loop
      vertex -24.2973 7.2973 29.32
      vertex -25.9189 7.2973 30
      vertex -25.9189 7.2973 29.32
    endloop
  endfacet
  facet normal 0 -1 0
    outer loop
      vertex -24.2973 7.2973 29.32
      vertex -24.2973 7.2973 30
      vertex -25.9189 7.2973 30
    endloop
  endfacet
  facet normal 1 0 0
    outer loop
      vertex -24.2973 8.91892 29.32
      vertex -24.2973 7.2973 30
      vertex -24.2973 7.2973 29.32
    endloop
  endfacet
  facet normal 1 0 -0
    outer loop
      vertex -24.2973 8.91892 29.32
      vertex -24.2973 8.91892 30
      vertex -24.2973 7.2973 30
    endloop
  endfacet
  facet normal 0 1 0
    outer loop
      vertex -25.9189 8.91892 29.32
      vertex -24.2973 8.91892 30
      vertex -24.2973 8.91892 29.32
    endloop
  endfacet
  facet normal 0 1 0
    outer loop
      vertex -25.9189 8.91892 29.32
      vertex -25.9189 8.91892 30
      vertex -24.2973 8.91892 30
    endloop
  endfacet
  facet normal -1 0 0
    outer loop
      vertex -27 -10 29.32
      vertex -27 -6.21622 30
      vertex -27 -6.21622 29.32
    endloop
  endfacet
  facet normal -1 0 0
    outer loop
      vertex -27 -10 29.32
      vertex -27 -10 30
      vertex -27 -6.21622 30
    endloop
  endfacet
  facet normal 0 -1 0
    outer loop
      vertex -23.2162 -10 29.32
      vertex -27 -10 30
      vertex -27 -10 29.32
    endloop
  endfacet
  facet normal 0 -1 0
    outer loop
      vertex -23.2162 -10 29.32
      vertex -23.2162 -10 30
      vertex -27 -10 30
    endloop
  endfacet
  facet normal 1 0 0
    outer loop
      vertex -23.2162 -6.21622 29.32
      vertex -23.2162 -10 30
      vertex -23.2162 -10 29.32
    endloop
  endfacet
  facet normal 1 0 -0
    outer loop
      vertex -23.2162 -6.21622 29.32
      vertex -23.2162 -6.21622 30
      vertex -23.2162 -10 30
    endloop
  endfacet
  facet normal 0 1 0
    outer loop
      vertex -27 -6.21622 29.32
      vertex -23.2162 -6.21622 30
      vertex -23.2162 -6.21622 29.32
    endloop
  endfacet
  facet normal 0 1 0
    outer loop
      vertex -27 -6.21622 29.32
      vertex -27 -6.21622 30
      vertex -23.2162 -6.21622 30
    endloop
  endfacet
  facet normal 0 1 0
    outer loop
      vertex -26.4595 -9.45946 29.32
      vertex -26.4595 -9.45946 30
      vertex -23.7568 -9.45946 29.32
    endloop
  endfacet
  facet normal 0 1 0
    outer loop
      vertex -23.7568 -9.45946 30
      vertex -23.7568 -9.45946 29.32
      vertex -26.4595 -9.45946 30
    endloop
  endfacet
  facet normal 1 0 -0
    outer loop
      vertex -26.4595 -6.75676 29.32
      vertex -26.4595 -6.75676 30
      vertex -26.4595 -9.45946 29.32
    endloop
  endfacet
  facet normal 1 -0 0
    outer loop
      vertex -26.4595 -9.45946 30
      vertex -26.4595 -9.45946 29.32
      vertex -26.4595 -6.75676 30
    endloop
  endfacet
  facet normal 0 -1 0
    outer loop
      vertex -23.7568 -6.75676 29.32
      vertex -23.7568 -6.75676 30
      vertex -26.4595 -6.75676 29.32
    endloop
  endfacet
  facet normal 0 -1 0
    outer loop
      vertex -26.4595 -6.75676 30
      vertex -26.4595 -6.75676 29.32
      vertex -23.7568 -6.75676 30
    endloop
  endfacet
  facet normal -1 0 0
    outer loop
      vertex -23.7568 -9.45946 29.32
      vertex -23.7568 -9.45946 30
      vertex -23.7568 -6.75676 29.32
    endloop
  endfacet
  facet normal -1 -0 -0
    outer loop
      vertex -23.7568 -6.75676 30
      vertex -23.7568 -6.75676 29.32
      vertex -23.7568 -9.45946 30
    endloop
  endfacet
  facet normal -1 0 0
    outer loop
      vertex -25.9189 -8.91892 29.32
      vertex -25.9189 -7.2973 30
      vertex -25.9189 -7.2973 29.32
    endloop
  endfacet
  facet normal -1 0 0
    outer loop
      vertex -25.9189 -8.91892 29.32
      vertex -25.9189 -8.91892 30
      vertex -25.9189 -7.2973 30
    endloop
  endfacet
  facet normal 0 -1 0
    outer loop
      vertex -24.2973 -8.91892 29.32
      vertex -25.9189 -8.91892 30
      vertex -25.9189 -8.91892 29.32
    endloop
  endfacet
  facet normal 0 -1 0
    outer loop
      vertex -24.2973 -8.91892 29.32
      vertex -24.2973 -8.91892 30
      vertex -25.9189 -8.91892 30
    endloop
  endfacet
  facet normal 1 0 0
    outer loop
      vertex -24.2973 -7.2973 29.32
      vertex -24.2973 -8.91892 30
      vertex -24.2973 -8.91892 29.32
    endloop
  endfacet
  facet normal 1 0 -0
    outer loop
      vertex -24.2973 -7.2973 29.32
      vertex -24.2973 -7.2973 30
      vertex -24.2973 -8.91892 30
    endloop
  endfacet
  facet normal 0 1 0
    outer loop
      vertex -25.9189 -7.2973 29.32
      vertex -24.2973 -7.2973 30
      vertex -24.2973 -7.2973 29.32
    endloop
  endfacet
  facet normal 0 1 0
    outer loop
      vertex -25.9189 -7.2973 29.32
      vertex -25.9189 -7.2973 30
      vertex -24.2973 -7.2973 30
    endloop
  endfacet
  facet normal 1 0 0
    outer loop
      vertex -23.7567 -4.59465 29.32
      vertex -23.7567 -5.13509 30
      vertex -23.7567 -5.13509 29.32
    endloop
  endfacet
  facet normal 1 0 -0
    outer loop
      vertex -23.7567 -4.59465 29.32
      vertex -23.7567 -4.59465 30
      vertex -23.7567 -5.13509 30
    endloop
  endfacet
  facet normal 0 -1 0
    outer loop
      vertex -23.2162 -4.59465 29.32
      vertex -23.7567 -4.59465 30
      vertex -23.7567 -4.59465 29.32
    endloop
  endfacet
  facet normal 0 -1 0
    outer loop
      vertex -23.2162 -4.59465 29.32
      vertex -23.2162 -4.59465 30
      vertex -23.7567 -4.59465 30
    endloop
  endfacet
  facet normal 1 0 0
    outer loop
      vertex -23.2162 -4.054 29.32
      vertex -23.2162 -4.59465 30
      vertex -23.2162 -4.59465 29.32
    endloop
  endfacet
  facet normal 1 0 -0
    outer loop
      vertex -23.2162 -4.054 29.32
      vertex -23.2162 -4.054 30
      vertex -23.2162 -4.59465 30
    endloop
  endfacet
  facet normal 0 1 0
    outer loop
      vertex -23.7568 -4.054 29.32
      vertex -23.2162 -4.054 30
      vertex -23.2162 -4.054 29.32
    endloop
  endfacet
  facet normal 0 1 0
    outer loop
      vertex -23.7568 -4.054 29.32
      vertex -23.7568 -4.054 30
      vertex -23.2162 -4.054 30
    endloop
  endfacet
  facet normal -1 0 0
    outer loop
      vertex -23.7568 -4.59454 29.32
      vertex -23.7568 -4.054 30
      vertex -23.7568 -4.054 29.32
    endloop
  endfacet
  facet normal -1 0 0
    outer loop
      vertex -23.7568 -4.59454 29.32
      vertex -23.7568 -4.59454 30
      vertex -23.7568 -4.054 30
    endloop
  endfacet
  facet normal 0 1 0
    outer loop
      vertex -24.2973 -4.59454 29.32
      vertex -23.7568 -4.59454 30
      vertex -23.7568 -4.59454 29.32
    endloop
  endfacet
  facet normal 0 1 0
    outer loop
      vertex -24.2973 -4.59454 29.32
      vertex -24.2973 -4.59454 30
      vertex -23.7568 -4.59454 30
    endloop
  endfacet
  facet normal -1 0 0
    outer loop
      vertex -24.2973 -5.13509 29.32
      vertex -24.2973 -4.59454 30
      vertex -24.2973 -4.59454 29.32
    endloop
  endfacet
  facet normal -1 0 0
    outer loop
      vertex -24.2973 -5.13509 29.32
      vertex -24.2973 -5.13509 30
      vertex -24.2973 -4.59454 30
    endloop
  endfacet
  facet normal 0 1 0
    outer loop
      vertex -24.8379 -5.13509 29.32
      vertex -24.2973 -5.13509 30
      vertex -24.2973 -5.13509 29.32
    endloop
  endfacet
  facet normal 0 1 0
    outer loop
      vertex -24.8379 -5.13509 29.32
      vertex -24.8379 -5.13509 30
      vertex -24.2973 -5.13509 30
    endloop
  endfacet
  facet normal -1 0 0
    outer loop
      vertex -24.8379 -5.67573 29.32
      vertex -24.8379 -5.13509 30
      vertex -24.8379 -5.13509 29.32
    endloop
  endfacet
  facet normal -1 0 0
    outer loop
      vertex -24.8379 -5.67573 29.32
      vertex -24.8379 -5.67573 30
      vertex -24.8379 -5.13509 30
    endloop
  endfacet
  facet normal 0 -1 0
    outer loop
      vertex -24.2972 -5.67573 29.32
      vertex -24.8379 -5.67573 30
      vertex -24.8379 -5.67573 29.32
    endloop
  endfacet
  facet normal 0 -1 0
    outer loop
      vertex -24.2972 -5.67573 29.32
      vertex -24.2972 -5.67573 30
      vertex -24.8379 -5.67573 30
    endloop
  endfacet
  facet normal 1 0 0
    outer loop
      vertex -24.2972 -5.13519 29.32
      vertex -24.2972 -5.67573 30
      vertex -24.2972 -5.67573 29.32
    endloop
  endfacet
  facet normal 1 0 -0
    outer loop
      vertex -24.2972 -5.13519 29.32
      vertex -24.2972 -5.13519 30
      vertex -24.2972 -5.67573 30
    endloop
  endfacet
  facet normal 0 -1 0
    outer loop
      vertex -23.7568 -5.13519 29.32
      vertex -24.2972 -5.13519 30
      vertex -24.2972 -5.13519 29.32
    endloop
  endfacet
  facet normal 0 -1 0
    outer loop
      vertex -23.7568 -5.13519 29.32
      vertex -23.7568 -5.13519 30
      vertex -24.2972 -5.13519 30
    endloop
  endfacet
  facet normal -1 0 0
    outer loop
      vertex -23.7568 -5.67573 29.32
      vertex -23.7568 -5.13519 30
      vertex -23.7568 -5.13519 29.32
    endloop
  endfacet
  facet normal -1 0 0
    outer loop
      vertex -23.7568 -5.67573 29.32
      vertex -23.7568 -5.67573 30
      vertex -23.7568 -5.13519 30
    endloop
  endfacet
  facet normal 0 -1 0
    outer loop
      vertex -23.2162 -5.67573 29.32
      vertex -23.7568 -5.67573 30
      vertex -23.7568 -5.67573 29.32
    endloop
  endfacet
  facet normal 0 -1 0
    outer loop
      vertex -23.2162 -5.67573 29.32
      vertex -23.2162 -5.67573 30
      vertex -23.7568 -5.67573 30
    endloop
  endfacet
  facet normal 1 0 0
    outer loop
      vertex -23.2162 -5.13509 29.32
      vertex -23.2162 -5.67573 30
      vertex -23.2162 -5.67573 29.32
    endloop
  endfacet
  facet normal 1 0 -0
    outer loop
      vertex -23.2162 -5.13509 29.32
      vertex -23.2162 -5.13509 30
      vertex -23.2162 -5.67573 30
    endloop
  endfacet
  facet normal 0 1 0
    outer loop
      vertex -23.7567 -5.13509 29.32
      vertex -23.2162 -5.13509 30
      vertex -23.2162 -5.13509 29.32
    endloop
  endfacet
  facet normal 0 1 0
    outer loop
      vertex -23.7567 -5.13509 29.32
      vertex -23.7567 -5.13509 30
      vertex -23.2162 -5.13509 30
    endloop
  endfacet
  facet normal 0 -1 0
    outer loop
      vertex -22.6756 0.810753 29.32
      vertex -23.7567 0.810753 30
      vertex -23.7567 0.810753 29.32
    endloop
  endfacet
  facet normal 0 -1 0
    outer loop
      vertex -22.6756 0.810753 29.32
      vertex -22.6756 0.810753 30
      vertex -23.7567 0.810753 30
    endloop
  endfacet
  facet normal 1 0 0
    outer loop
      vertex -22.6756 1.3514 29.32
      vertex -22.6756 0.810753 30
      vertex -22.6756 0.810753 29.32
    endloop
  endfacet
  facet normal 1 0 -0
    outer loop
      vertex -22.6756 1.3514 29.32
      vertex -22.6756 1.3514 30
      vertex -22.6756 0.810753 30
    endloop
  endfacet
  facet normal 0 1 0
    outer loop
      vertex -23.7568 1.3514 29.32
      vertex -22.6756 1.3514 30
      vertex -22.6756 1.3514 29.32
    endloop
  endfacet
  facet normal 0 1 0
    outer loop
      vertex -23.7568 1.3514 29.32
      vertex -23.7568 1.3514 30
      vertex -22.6756 1.3514 30
    endloop
  endfacet
  facet normal -1 0 0
    outer loop
      vertex -23.7568 0.81086 29.32
      vertex -23.7568 1.3514 30
      vertex -23.7568 1.3514 29.32
    endloop
  endfacet
  facet normal -1 0 0
    outer loop
      vertex -23.7568 0.81086 29.32
      vertex -23.7568 0.81086 30
      vertex -23.7568 1.3514 30
    endloop
  endfacet
  facet normal 0 1 0
    outer loop
      vertex -24.2973 0.81086 29.32
      vertex -23.7568 0.81086 30
      vertex -23.7568 0.81086 29.32
    endloop
  endfacet
  facet normal 0 1 0
    outer loop
      vertex -24.2973 0.81086 29.32
      vertex -24.2973 0.81086 30
      vertex -23.7568 0.81086 30
    endloop
  endfacet
  facet normal -1 0 0
    outer loop
      vertex -24.2973 0.270213 29.32
      vertex -24.2973 0.81086 30
      vertex -24.2973 0.81086 29.32
    endloop
  endfacet
  facet normal -1 0 0
    outer loop
      vertex -24.2973 0.270213 29.32
      vertex -24.2973 0.270213 30
      vertex -24.2973 0.81086 30
    endloop
  endfacet
  facet normal 0 -1 0
    outer loop
      vertex -23.7568 0.270213 29.32
      vertex -24.2973 0.270213 30
      vertex -24.2973 0.270213 29.32
    endloop
  endfacet
  facet normal 0 -1 0
    outer loop
      vertex -23.7568 0.270213 29.32
      vertex -23.7568 0.270213 30
      vertex -24.2973 0.270213 30
    endloop
  endfacet
  facet normal -1 0 0
    outer loop
      vertex -23.7568 -0.270221 29.32
      vertex -23.7568 0.270213 30
      vertex -23.7568 0.270213 29.32
    endloop
  endfacet
  facet normal -1 0 0
    outer loop
      vertex -23.7568 -0.270221 29.32
      vertex -23.7568 -0.270221 30
      vertex -23.7568 0.270213 30
    endloop
  endfacet
  facet normal 0 1 0
    outer loop
      vertex -24.2973 -0.270221 29.32
      vertex -23.7568 -0.270221 30
      vertex -23.7568 -0.270221 29.32
    endloop
  endfacet
  facet normal 0 1 0
    outer loop
      vertex -24.2973 -0.270221 29.32
      vertex -24.2973 -0.270221 30
      vertex -23.7568 -0.270221 30
    endloop
  endfacet
  facet normal -1 0 0
    outer loop
      vertex -24.2973 -1.35141 29.32
      vertex -24.2973 -0.270221 30
      vertex -24.2973 -0.270221 29.32
    endloop
  endfacet
  facet normal -1 0 0
    outer loop
      vertex -24.2973 -1.35141 29.32
      vertex -24.2973 -1.35141 30
      vertex -24.2973 -0.270221 30
    endloop
  endfacet
  facet normal 0 -1 0
    outer loop
      vertex -23.2162 -1.35141 29.32
      vertex -24.2973 -1.35141 30
      vertex -24.2973 -1.35141 29.32
    endloop
  endfacet
  facet normal 0 -1 0
    outer loop
      vertex -23.2162 -1.35141 29.32
      vertex -23.2162 -1.35141 30
      vertex -24.2973 -1.35141 30
    endloop
  endfacet
  facet normal 1 0 0
    outer loop
      vertex -23.2162 -0.810869 29.32
      vertex -23.2162 -1.35141 30
      vertex -23.2162 -1.35141 29.32
    endloop
  endfacet
  facet normal 1 0 -0
    outer loop
      vertex -23.2162 -0.810869 29.32
      vertex -23.2162 -0.810869 30
      vertex -23.2162 -1.35141 30
    endloop
  endfacet
  facet normal 0 -1 0
    outer loop
      vertex -22.6757 -0.810869 29.32
      vertex -23.2162 -0.810869 30
      vertex -23.2162 -0.810869 29.32
    endloop
  endfacet
  facet normal 0 -1 0
    outer loop
      vertex -22.6757 -0.810869 29.32
      vertex -22.6757 -0.810869 30
      vertex -23.2162 -0.810869 30
    endloop
  endfacet
  facet normal -1 0 0
    outer loop
      vertex -22.6757 -1.35141 29.32
      vertex -22.6757 -0.810869 30
      vertex -22.6757 -0.810869 29.32
    endloop
  endfacet
  facet normal -1 0 0
    outer loop
      vertex -22.6757 -1.35141 29.32
      vertex -22.6757 -1.35141 30
      vertex -22.6757 -0.810869 30
    endloop
  endfacet
  facet normal 0 -1 0
    outer loop
      vertex -22.1352 -1.35141 29.32
      vertex -22.6757 -1.35141 30
      vertex -22.6757 -1.35141 29.32
    endloop
  endfacet
  facet normal 0 -1 0
    outer loop
      vertex -22.1352 -1.35141 29.32
      vertex -22.1352 -1.35141 30
      vertex -22.6757 -1.35141 30
    endloop
  endfacet
  facet normal -1 0 0
    outer loop
      vertex -22.1352 -1.89184 29.32
      vertex -22.1352 -1.35141 30
      vertex -22.1352 -1.35141 29.32
    endloop
  endfacet
  facet normal -1 0 0
    outer loop
      vertex -22.1352 -1.89184 29.32
      vertex -22.1352 -1.89184 30
      vertex -22.1352 -1.35141 30
    endloop
  endfacet
  facet normal 0 1 0
    outer loop
      vertex -22.6757 -1.89184 29.32
      vertex -22.1352 -1.89184 30
      vertex -22.1352 -1.89184 29.32
    endloop
  endfacet
  facet normal 0 1 0
    outer loop
      vertex -22.6757 -1.89184 29.32
      vertex -22.6757 -1.89184 30
      vertex -22.1352 -1.89184 30
    endloop
  endfacet
  facet normal -1 0 0
    outer loop
      vertex -22.6757 -2.43249 29.32
      vertex -22.6757 -1.89184 30
      vertex -22.6757 -1.89184 29.32
    endloop
  endfacet
  facet normal -1 0 0
    outer loop
      vertex -22.6757 -2.43249 29.32
      vertex -22.6757 -2.43249 30
      vertex -22.6757 -1.89184 30
    endloop
  endfacet
  facet normal 0 -1 0
    outer loop
      vertex -22.1352 -2.43249 29.32
      vertex -22.6757 -2.43249 30
      vertex -22.6757 -2.43249 29.32
    endloop
  endfacet
  facet normal 0 -1 0
    outer loop
      vertex -22.1352 -2.43249 29.32
      vertex -22.1352 -2.43249 30
      vertex -22.6757 -2.43249 30
    endloop
  endfacet
  facet normal -1 0 0
    outer loop
      vertex -22.1352 -2.97303 29.32
      vertex -22.1352 -2.43249 30
      vertex -22.1352 -2.43249 29.32
    endloop
  endfacet
  facet normal -1 0 0
    outer loop
      vertex -22.1352 -2.97303 29.32
      vertex -22.1352 -2.97303 30
      vertex -22.1352 -2.43249 30
    endloop
  endfacet
  facet normal 0 -1 0
    outer loop
      vertex -21.5946 -2.97303 29.32
      vertex -22.1352 -2.97303 30
      vertex -22.1352 -2.97303 29.32
    endloop
  endfacet
  facet normal 0 -1 0
    outer loop
      vertex -21.5946 -2.97303 29.32
      vertex -21.5946 -2.97303 30
      vertex -22.1352 -2.97303 30
    endloop
  endfacet
  facet normal -1 0 0
    outer loop
      vertex -21.5946 -3.51346 29.32
      vertex -21.5946 -2.97303 30
      vertex -21.5946 -2.97303 29.32
    endloop
  endfacet
  facet normal -1 0 0
    outer loop
      vertex -21.5946 -3.51346 29.32
      vertex -21.5946 -3.51346 30
      vertex -21.5946 -2.97303 30
    endloop
  endfacet
  facet normal 0 1 0
    outer loop
      vertex -22.1352 -3.51346 29.32
      vertex -21.5946 -3.51346 30
      vertex -21.5946 -3.51346 29.32
    endloop
  endfacet
  facet normal 0 1 0
    outer loop
      vertex -22.1352 -3.51346 29.32
      vertex -22.1352 -3.51346 30
      vertex -21.5946 -3.51346 30
    endloop
  endfacet
  facet normal -1 0 0
    outer loop
      vertex -22.1352 -4.054 29.32
      vertex -22.1352 -3.51346 30
      vertex -22.1352 -3.51346 29.32
    endloop
  endfacet
  facet normal -1 0 0
    outer loop
      vertex -22.1352 -4.054 29.32
      vertex -22.1352 -4.054 30
      vertex -22.1352 -3.51346 30
    endloop
  endfacet
  facet normal 0 1 0
    outer loop
      vertex -22.6757 -4.054 29.32
      vertex -22.1352 -4.054 30
      vertex -22.1352 -4.054 29.32
    endloop
  endfacet
  facet normal 0 1 0
    outer loop
      vertex -22.6757 -4.054 29.32
      vertex -22.6757 -4.054 30
      vertex -22.1352 -4.054 30
    endloop
  endfacet
  facet normal -1 0 0
    outer loop
      vertex -22.6757 -4.59465 29.32
      vertex -22.6757 -4.054 30
      vertex -22.6757 -4.054 29.32
    endloop
  endfacet
  facet normal -1 0 0
    outer loop
      vertex -22.6757 -4.59465 29.32
      vertex -22.6757 -4.59465 30
      vertex -22.6757 -4.054 30
    endloop
  endfacet
  facet normal 0 -1 0
    outer loop
      vertex -22.1351 -4.59465 29.32
      vertex -22.6757 -4.59465 30
      vertex -22.6757 -4.59465 29.32
    endloop
  endfacet
  facet normal 0 -1 0
    outer loop
      vertex -22.1351 -4.59465 29.32
      vertex -22.1351 -4.59465 30
      vertex -22.6757 -4.59465 30
    endloop
  endfacet
  facet normal 1 0 0
    outer loop
      vertex -22.1351 -4.05411 29.32
      vertex -22.1351 -4.59465 30
      vertex -22.1351 -4.59465 29.32
    endloop
  endfacet
  facet normal 1 0 -0
    outer loop
      vertex -22.1351 -4.05411 29.32
      vertex -22.1351 -4.05411 30
      vertex -22.1351 -4.59465 30
    endloop
  endfacet
  facet normal 0 -1 0
    outer loop
      vertex -21.5945 -4.05411 29.32
      vertex -22.1351 -4.05411 30
      vertex -22.1351 -4.05411 29.32
    endloop
  endfacet
  facet normal 0 -1 0
    outer loop
      vertex -21.5945 -4.05411 29.32
      vertex -21.5945 -4.05411 30
      vertex -22.1351 -4.05411 30
    endloop
  endfacet
  facet normal 1 0 0
    outer loop
      vertex -21.5945 -3.51357 29.32
      vertex -21.5945 -4.05411 30
      vertex -21.5945 -4.05411 29.32
    endloop
  endfacet
  facet normal 1 0 -0
    outer loop
      vertex -21.5945 -3.51357 29.32
      vertex -21.5945 -3.51357 30
      vertex -21.5945 -4.05411 30
    endloop
  endfacet
  facet normal 0 -1 0
    outer loop
      vertex -21.0541 -3.51357 29.32
      vertex -21.5945 -3.51357 30
      vertex -21.5945 -3.51357 29.32
    endloop
  endfacet
  facet normal 0 -1 0
    outer loop
      vertex -21.0541 -3.51357 29.32
      vertex -21.0541 -3.51357 30
      vertex -21.5945 -3.51357 30
    endloop
  endfacet
  facet normal -1 0 0
    outer loop
      vertex -21.0541 -4.05411 29.32
      vertex -21.0541 -3.51357 30
      vertex -21.0541 -3.51357 29.32
    endloop
  endfacet
  facet normal -1 0 0
    outer loop
      vertex -21.0541 -4.05411 29.32
      vertex -21.0541 -4.05411 30
      vertex -21.0541 -3.51357 30
    endloop
  endfacet
  facet normal 0 -1 0
    outer loop
      vertex -20.5136 -4.05411 29.32
      vertex -21.0541 -4.05411 30
      vertex -21.0541 -4.05411 29.32
    endloop
  endfacet
  facet normal 0 -1 0
    outer loop
      vertex -20.5136 -4.05411 29.32
      vertex -20.5136 -4.05411 30
      vertex -21.0541 -4.05411 30
    endloop
  endfacet
  facet normal -1 0 0
    outer loop
      vertex -20.5136 -4.59454 29.32
      vertex -20.5136 -4.05411 30
      vertex -20.5136 -4.05411 29.32
    endloop
  endfacet
  facet normal -1 0 0
    outer loop
      vertex -20.5136 -4.59454 29.32
      vertex -20.5136 -4.59454 30
      vertex -20.5136 -4.05411 30
    endloop
  endfacet
  facet normal 0 1 0
    outer loop
      vertex -21.5946 -4.59454 29.32
      vertex -20.5136 -4.59454 30
      vertex -20.5136 -4.59454 29.32
    endloop
  endfacet
  facet normal 0 1 0
    outer loop
      vertex -21.5946 -4.59454 29.32
      vertex -21.5946 -4.59454 30
      vertex -20.5136 -4.59454 30
    endloop
  endfacet
  facet normal -1 0 0
    outer loop
      vertex -21.5946 -5.67563 29.32
      vertex -21.5946 -4.59454 30
      vertex -21.5946 -4.59454 29.32
    endloop
  endfacet
  facet normal -1 0 0
    outer loop
      vertex -21.5946 -5.67563 29.32
      vertex -21.5946 -5.67563 30
      vertex -21.5946 -4.59454 30
    endloop
  endfacet
  facet normal 0 1 0
    outer loop
      vertex -22.1352 -5.67563 29.32
      vertex -21.5946 -5.67563 30
      vertex -21.5946 -5.67563 29.32
    endloop
  endfacet
  facet normal 0 1 0
    outer loop
      vertex -22.1352 -5.67563 29.32
      vertex -22.1352 -5.67563 30
      vertex -21.5946 -5.67563 30
    endloop
  endfacet
  facet normal -1 0 0
    outer loop
      vertex -22.1352 -6.21617 29.32
      vertex -22.1352 -5.67563 30
      vertex -22.1352 -5.67563 29.32
    endloop
  endfacet
  facet normal -1 0 0
    outer loop
      vertex -22.1352 -6.21617 29.32
      vertex -22.1352 -6.21617 30
      vertex -22.1352 -5.67563 30
    endloop
  endfacet
  facet normal 0 1 0
    outer loop
      vertex -22.6757 -6.21617 29.32
      vertex -22.1352 -6.21617 30
      vertex -22.1352 -6.21617 29.32
    endloop
  endfacet
  facet normal 0 1 0
    outer loop
      vertex -22.6757 -6.21617 29.32
      vertex -22.6757 -6.21617 30
      vertex -22.1352 -6.21617 30
    endloop
  endfacet
  facet normal -1 0 0
    outer loop
      vertex -22.6757 -6.75681 29.32
      vertex -22.6757 -6.21617 30
      vertex -22.6757 -6.21617 29.32
    endloop
  endfacet
  facet normal -1 0 0
    outer loop
      vertex -22.6757 -6.75681 29.32
      vertex -22.6757 -6.75681 30
      vertex -22.6757 -6.21617 30
    endloop
  endfacet
  facet normal 0 -1 0
    outer loop
      vertex -22.1351 -6.75681 29.32
      vertex -22.6757 -6.75681 30
      vertex -22.6757 -6.75681 29.32
    endloop
  endfacet
  facet normal 0 -1 0
    outer loop
      vertex -22.1351 -6.75681 29.32
      vertex -22.1351 -6.75681 30
      vertex -22.6757 -6.75681 30
    endloop
  endfacet
  facet normal 1 0 0
    outer loop
      vertex -22.1351 -6.21627 29.32
      vertex -22.1351 -6.75681 30
      vertex -22.1351 -6.75681 29.32
    endloop
  endfacet
  facet normal 1 0 -0
    outer loop
      vertex -22.1351 -6.21627 29.32
      vertex -22.1351 -6.21627 30
      vertex -22.1351 -6.75681 30
    endloop
  endfacet
  facet normal 0 -1 0
    outer loop
      vertex -21.5946 -6.21627 29.32
      vertex -22.1351 -6.21627 30
      vertex -22.1351 -6.21627 29.32
    endloop
  endfacet
  facet normal 0 -1 0
    outer loop
      vertex -21.5946 -6.21627 29.32
      vertex -21.5946 -6.21627 30
      vertex -22.1351 -6.21627 30
    endloop
  endfacet
  facet normal -1 0 0
    outer loop
      vertex -21.5946 -7.29725 29.32
      vertex -21.5946 -6.21627 30
      vertex -21.5946 -6.21627 29.32
    endloop
  endfacet
  facet normal -1 0 0
    outer loop
      vertex -21.5946 -7.29725 29.32
      vertex -21.5946 -7.29725 30
      vertex -21.5946 -6.21627 30
    endloop
  endfacet
  facet normal 0 1 0
    outer loop
      vertex -22.6757 -7.29725 29.32
      vertex -21.5946 -7.29725 30
      vertex -21.5946 -7.29725 29.32
    endloop
  endfacet
  facet normal 0 1 0
    outer loop
      vertex -22.6757 -7.29725 29.32
      vertex -22.6757 -7.29725 30
      vertex -21.5946 -7.29725 30
    endloop
  endfacet
  facet normal -1 0 0
    outer loop
      vertex -22.6757 -7.8379 29.32
      vertex -22.6757 -7.29725 30
      vertex -22.6757 -7.29725 29.32
    endloop
  endfacet
  facet normal -1 0 0
    outer loop
      vertex -22.6757 -7.8379 29.32
      vertex -22.6757 -7.8379 30
      vertex -22.6757 -7.29725 30
    endloop
  endfacet
  facet normal 0 -1 0
    outer loop
      vertex -21.0541 -7.8379 29.32
      vertex -22.6757 -7.8379 30
      vertex -22.6757 -7.8379 29.32
    endloop
  endfacet
  facet normal 0 -1 0
    outer loop
      vertex -21.0541 -7.8379 29.32
      vertex -21.0541 -7.8379 30
      vertex -22.6757 -7.8379 30
    endloop
  endfacet
  facet normal -1 0 0
    outer loop
      vertex -21.0541 -8.37833 29.32
      vertex -21.0541 -7.8379 30
      vertex -21.0541 -7.8379 29.32
    endloop
  endfacet
  facet normal -1 0 0
    outer loop
      vertex -21.0541 -8.37833 29.32
      vertex -21.0541 -8.37833 30
      vertex -21.0541 -7.8379 30
    endloop
  endfacet
  facet normal 0 1 0
    outer loop
      vertex -21.5946 -8.37833 29.32
      vertex -21.0541 -8.37833 30
      vertex -21.0541 -8.37833 29.32
    endloop
  endfacet
  facet normal 0 1 0
    outer loop
      vertex -21.5946 -8.37833 29.32
      vertex -21.5946 -8.37833 30
      vertex -21.0541 -8.37833 30
    endloop
  endfacet
  facet normal -1 0 0
    outer loop
      vertex -21.5946 -9.45941 29.32
      vertex -21.5946 -8.37833 30
      vertex -21.5946 -8.37833 29.32
    endloop
  endfacet
  facet normal -1 0 0
    outer loop
      vertex -21.5946 -9.45941 29.32
      vertex -21.5946 -9.45941 30
      vertex -21.5946 -8.37833 30
    endloop
  endfacet
  facet normal 0 1 0
    outer loop
      vertex -22.6757 -9.45941 29.32
      vertex -21.5946 -9.45941 30
      vertex -21.5946 -9.45941 29.32
    endloop
  endfacet
  facet normal 0 1 0
    outer loop
      vertex -22.6757 -9.45941 29.32
      vertex -22.6757 -9.45941 30
      vertex -21.5946 -9.45941 30
    endloop
  endfacet
  facet normal -1 0 0
    outer loop
      vertex -22.6757 -10 29.32
      vertex -22.6757 -9.45941 30
      vertex -22.6757 -9.45941 29.32
    endloop
  endfacet
  facet normal -1 0 0
    outer loop
      vertex -22.6757 -10 29.32
      vertex -22.6757 -10 30
      vertex -22.6757 -9.45941 30
    endloop
  endfacet
  facet normal 0 -1 0
    outer loop
      vertex -19.9729 -10 29.32
      vertex -22.6757 -10 30
      vertex -22.6757 -10 29.32
    endloop
  endfacet
  facet normal 0 -1 0
    outer loop
      vertex -19.9729 -10 29.32
      vertex -19.9729 -10 30
      vertex -22.6757 -10 30
    endloop
  endfacet
  facet normal 1 0 0
    outer loop
      vertex -19.9729 -9.45941 29.32
      vertex -19.9729 -10 30
      vertex -19.9729 -10 29.32
    endloop
  endfacet
  facet normal 1 0 -0
    outer loop
      vertex -19.9729 -9.45941 29.32
      vertex -19.9729 -9.45941 30
      vertex -19.9729 -10 30
    endloop
  endfacet
  facet normal 0 1 0
    outer loop
      vertex -20.5135 -9.45941 29.32
      vertex -19.9729 -9.45941 30
      vertex -19.9729 -9.45941 29.32
    endloop
  endfacet
  facet normal 0 1 0
    outer loop
      vertex -20.5135 -9.45941 29.32
      vertex -20.5135 -9.45941 30
      vertex -19.9729 -9.45941 30
    endloop
  endfacet
  facet normal 1 0 0
    outer loop
      vertex -20.5135 -7.8379 29.32
      vertex -20.5135 -9.45941 30
      vertex -20.5135 -9.45941 29.32
    endloop
  endfacet
  facet normal 1 0 -0
    outer loop
      vertex -20.5135 -7.8379 29.32
      vertex -20.5135 -7.8379 30
      vertex -20.5135 -9.45941 30
    endloop
  endfacet
  facet normal 0 -1 0
    outer loop
      vertex -19.4325 -7.8379 29.32
      vertex -20.5135 -7.8379 30
      vertex -20.5135 -7.8379 29.32
    endloop
  endfacet
  facet normal 0 -1 0
    outer loop
      vertex -19.4325 -7.8379 29.32
      vertex -19.4325 -7.8379 30
      vertex -20.5135 -7.8379 30
    endloop
  endfacet
  facet normal -1 0 0
    outer loop
      vertex -19.4325 -8.37833 29.32
      vertex -19.4325 -7.8379 30
      vertex -19.4325 -7.8379 29.32
    endloop
  endfacet
  facet normal -1 0 0
    outer loop
      vertex -19.4325 -8.37833 29.32
      vertex -19.4325 -8.37833 30
      vertex -19.4325 -7.8379 30
    endloop
  endfacet
  facet normal 0 1 0
    outer loop
      vertex -19.973 -8.37833 29.32
      vertex -19.4325 -8.37833 30
      vertex -19.4325 -8.37833 29.32
    endloop
  endfacet
  facet normal 0 1 0
    outer loop
      vertex -19.973 -8.37833 29.32
      vertex -19.973 -8.37833 30
      vertex -19.4325 -8.37833 30
    endloop
  endfacet
  facet normal -1 0 0
    outer loop
      vertex -19.973 -8.91898 29.32
      vertex -19.973 -8.37833 30
      vertex -19.973 -8.37833 29.32
    endloop
  endfacet
  facet normal -1 0 0
    outer loop
      vertex -19.973 -8.91898 29.32
      vertex -19.973 -8.91898 30
      vertex -19.973 -8.37833 30
    endloop
  endfacet
  facet normal 0 -1 0
    outer loop
      vertex -18.8919 -8.91898 29.32
      vertex -19.973 -8.91898 30
      vertex -19.973 -8.91898 29.32
    endloop
  endfacet
  facet normal 0 -1 0
    outer loop
      vertex -18.8919 -8.91898 29.32
      vertex -18.8919 -8.91898 30
      vertex -19.973 -8.91898 30
    endloop
  endfacet
  facet normal -1 0 0
    outer loop
      vertex -18.8919 -9.45941 29.32
      vertex -18.8919 -8.91898 30
      vertex -18.8919 -8.91898 29.32
    endloop
  endfacet
  facet normal -1 0 0
    outer loop
      vertex -18.8919 -9.45941 29.32
      vertex -18.8919 -9.45941 30
      vertex -18.8919 -8.91898 30
    endloop
  endfacet
  facet normal 0 1 0
    outer loop
      vertex -19.4325 -9.45941 29.32
      vertex -18.8919 -9.45941 30
      vertex -18.8919 -9.45941 29.32
    endloop
  endfacet
  facet normal 0 1 0
    outer loop
      vertex -19.4325 -9.45941 29.32
      vertex -19.4325 -9.45941 30
      vertex -18.8919 -9.45941 30
    endloop
  endfacet
  facet normal -1 0 0
    outer loop
      vertex -19.4325 -10 29.32
      vertex -19.4325 -9.45941 30
      vertex -19.4325 -9.45941 29.32
    endloop
  endfacet
  facet normal -1 0 0
    outer loop
      vertex -19.4325 -10 29.32
      vertex -19.4325 -10 30
      vertex -19.4325 -9.45941 30
    endloop
  endfacet
  facet normal 0 -1 0
    outer loop
      vertex -18.3513 -10 29.32
      vertex -19.4325 -10 30
      vertex -19.4325 -10 29.32
    endloop
  endfacet
  facet normal 0 -1 0
    outer loop
      vertex -18.3513 -10 29.32
      vertex -18.3513 -10 30
      vertex -19.4325 -10 30
    endloop
  endfacet
  facet normal 1 0 0
    outer loop
      vertex -18.3513 -9.45952 29.32
      vertex -18.3513 -10 30
      vertex -18.3513 -10 29.32
    endloop
  endfacet
  facet normal 1 0 -0
    outer loop
      vertex -18.3513 -9.45952 29.32
      vertex -18.3513 -9.45952 30
      vertex -18.3513 -10 30
    endloop
  endfacet
  facet normal 0 -1 0
    outer loop
      vertex -17.8109 -9.45952 29.32
      vertex -18.3513 -9.45952 30
      vertex -18.3513 -9.45952 29.32
    endloop
  endfacet
  facet normal 0 -1 0
    outer loop
      vertex -17.8109 -9.45952 29.32
      vertex -17.8109 -9.45952 30
      vertex -18.3513 -9.45952 30
    endloop
  endfacet
  facet normal -1 0 0
    outer loop
      vertex -17.8109 -10 29.32
      vertex -17.8109 -9.45952 30
      vertex -17.8109 -9.45952 29.32
    endloop
  endfacet
  facet normal -1 0 0
    outer loop
      vertex -17.8109 -10 29.32
      vertex -17.8109 -10 30
      vertex -17.8109 -9.45952 30
    endloop
  endfacet
  facet normal 0 -1 0
    outer loop
      vertex -17.2702 -10 29.32
      vertex -17.8109 -10 30
      vertex -17.8109 -10 29.32
    endloop
  endfacet
  facet normal 0 -1 0
    outer loop
      vertex -17.2702 -10 29.32
      vertex -17.2702 -10 30
      vertex -17.8109 -10 30
    endloop
  endfacet
  facet normal 1 0 0
    outer loop
      vertex -17.2702 -9.45941 29.32
      vertex -17.2702 -10 30
      vertex -17.2702 -10 29.32
    endloop
  endfacet
  facet normal 1 0 -0
    outer loop
      vertex -17.2702 -9.45941 29.32
      vertex -17.2702 -9.45941 30
      vertex -17.2702 -10 30
    endloop
  endfacet
  facet normal 0 1 0
    outer loop
      vertex -17.8108 -9.45941 29.32
      vertex -17.2702 -9.45941 30
      vertex -17.2702 -9.45941 29.32
    endloop
  endfacet
  facet normal 0 1 0
    outer loop
      vertex -17.8108 -9.45941 29.32
      vertex -17.8108 -9.45941 30
      vertex -17.2702 -9.45941 30
    endloop
  endfacet
  facet normal 1 0 0
    outer loop
      vertex -17.8108 -8.91898 29.32
      vertex -17.8108 -9.45941 30
      vertex -17.8108 -9.45941 29.32
    endloop
  endfacet
  facet normal 1 0 -0
    outer loop
      vertex -17.8108 -8.91898 29.32
      vertex -17.8108 -8.91898 30
      vertex -17.8108 -9.45941 30
    endloop
  endfacet
  facet normal 0 -1 0
    outer loop
      vertex -16.7298 -8.91898 29.32
      vertex -17.8108 -8.91898 30
      vertex -17.8108 -8.91898 29.32
    endloop
  endfacet
  facet normal 0 -1 0
    outer loop
      vertex -16.7298 -8.91898 29.32
      vertex -16.7298 -8.91898 30
      vertex -17.8108 -8.91898 30
    endloop
  endfacet
  facet normal -1 0 0
    outer loop
      vertex -16.7298 -9.45952 29.32
      vertex -16.7298 -8.91898 30
      vertex -16.7298 -8.91898 29.32
    endloop
  endfacet
  facet normal -1 0 0
    outer loop
      vertex -16.7298 -9.45952 29.32
      vertex -16.7298 -9.45952 30
      vertex -16.7298 -8.91898 30
    endloop
  endfacet
  facet normal 0 -1 0
    outer loop
      vertex -16.1892 -9.45952 29.32
      vertex -16.7298 -9.45952 30
      vertex -16.7298 -9.45952 29.32
    endloop
  endfacet
  facet normal 0 -1 0
    outer loop
      vertex -16.1892 -9.45952 29.32
      vertex -16.1892 -9.45952 30
      vertex -16.7298 -9.45952 30
    endloop
  endfacet
  facet normal -1 0 0
    outer loop
      vertex -16.1892 -10 29.32
      vertex -16.1892 -9.45952 30
      vertex -16.1892 -9.45952 29.32
    endloop
  endfacet
  facet normal -1 0 0
    outer loop
      vertex -16.1892 -10 29.32
      vertex -16.1892 -10 30
      vertex -16.1892 -9.45952 30
    endloop
  endfacet
  facet normal 0 -1 0
    outer loop
      vertex -14.027 -10 29.32
      vertex -16.1892 -10 30
      vertex -16.1892 -10 29.32
    endloop
  endfacet
  facet normal 0 -1 0
    outer loop
      vertex -14.027 -10 29.32
      vertex -14.027 -10 30
      vertex -16.1892 -10 30
    endloop
  endfacet
  facet normal 1 0 0
    outer loop
      vertex -14.027 -9.45952 29.32
      vertex -14.027 -10 30
      vertex -14.027 -10 29.32
    endloop
  endfacet
  facet normal 1 0 -0
    outer loop
      vertex -14.027 -9.45952 29.32
      vertex -14.027 -9.45952 30
      vertex -14.027 -10 30
    endloop
  endfacet
  facet normal 0 -1 0
    outer loop
      vertex -13.4864 -9.45952 29.32
      vertex -14.027 -9.45952 30
      vertex -14.027 -9.45952 29.32
    endloop
  endfacet
  facet normal 0 -1 0
    outer loop
      vertex -13.4864 -9.45952 29.32
      vertex -13.4864 -9.45952 30
      vertex -14.027 -9.45952 30
    endloop
  endfacet
  facet normal 1 0 0
    outer loop
      vertex -13.4864 -8.91898 29.32
      vertex -13.4864 -9.45952 30
      vertex -13.4864 -9.45952 29.32
    endloop
  endfacet
  facet normal 1 0 -0
    outer loop
      vertex -13.4864 -8.91898 29.32
      vertex -13.4864 -8.91898 30
      vertex -13.4864 -9.45952 30
    endloop
  endfacet
  facet normal 0 -1 0
    outer loop
      vertex -12.9459 -8.91898 29.32
      vertex -13.4864 -8.91898 30
      vertex -13.4864 -8.91898 29.32
    endloop
  endfacet
  facet normal 0 -1 0
    outer loop
      vertex -12.9459 -8.91898 29.32
      vertex -12.9459 -8.91898 30
      vertex -13.4864 -8.91898 30
    endloop
  endfacet
  facet normal 1 0 0
    outer loop
      vertex -12.9459 -8.37833 29.32
      vertex -12.9459 -8.91898 30
      vertex -12.9459 -8.91898 29.32
    endloop
  endfacet
  facet normal 1 0 -0
    outer loop
      vertex -12.9459 -8.37833 29.32
      vertex -12.9459 -8.37833 30
      vertex -12.9459 -8.91898 30
    endloop
  endfacet
  facet normal 0 1 0
    outer loop
      vertex -14.5676 -8.37833 29.32
      vertex -12.9459 -8.37833 30
      vertex -12.9459 -8.37833 29.32
    endloop
  endfacet
  facet normal 0 1 0
    outer loop
      vertex -14.5676 -8.37833 29.32
      vertex -14.5676 -8.37833 30
      vertex -12.9459 -8.37833 30
    endloop
  endfacet
  facet normal -1 0 0
    outer loop
      vertex -14.5676 -9.45941 29.32
      vertex -14.5676 -8.37833 30
      vertex -14.5676 -8.37833 29.32
    endloop
  endfacet
  facet normal -1 0 0
    outer loop
      vertex -14.5676 -9.45941 29.32
      vertex -14.5676 -9.45941 30
      vertex -14.5676 -8.37833 30
    endloop
  endfacet
  facet normal 0 1 0
    outer loop
      vertex -15.1081 -9.45941 29.32
      vertex -14.5676 -9.45941 30
      vertex -14.5676 -9.45941 29.32
    endloop
  endfacet
  facet normal 0 1 0
    outer loop
      vertex -15.1081 -9.45941 29.32
      vertex -15.1081 -9.45941 30
      vertex -14.5676 -9.45941 30
    endloop
  endfacet
  facet normal 1 0 0
    outer loop
      vertex -15.1081 -7.83779 29.32
      vertex -15.1081 -9.45941 30
      vertex -15.1081 -9.45941 29.32
    endloop
  endfacet
  facet normal 1 0 -0
    outer loop
      vertex -15.1081 -7.83779 29.32
      vertex -15.1081 -7.83779 30
      vertex -15.1081 -9.45941 30
    endloop
  endfacet
  facet normal 0 1 0
    outer loop
      vertex -15.6486 -7.83779 29.32
      vertex -15.1081 -7.83779 30
      vertex -15.1081 -7.83779 29.32
    endloop
  endfacet
  facet normal 0 1 0
    outer loop
      vertex -15.6486 -7.83779 29.32
      vertex -15.6486 -7.83779 30
      vertex -15.1081 -7.83779 30
    endloop
  endfacet
  facet normal 1 0 0
    outer loop
      vertex -15.6486 -7.29725 29.32
      vertex -15.6486 -7.83779 30
      vertex -15.6486 -7.83779 29.32
    endloop
  endfacet
  facet normal 1 0 -0
    outer loop
      vertex -15.6486 -7.29725 29.32
      vertex -15.6486 -7.29725 30
      vertex -15.6486 -7.83779 30
    endloop
  endfacet
  facet normal 0 1 0
    outer loop
      vertex -16.1891 -7.29725 29.32
      vertex -15.6486 -7.29725 30
      vertex -15.6486 -7.29725 29.32
    endloop
  endfacet
  facet normal 0 1 0
    outer loop
      vertex -16.1891 -7.29725 29.32
      vertex -16.1891 -7.29725 30
      vertex -15.6486 -7.29725 30
    endloop
  endfacet
  facet normal 1 0 0
    outer loop
      vertex -16.1891 -6.75681 29.32
      vertex -16.1891 -7.29725 30
      vertex -16.1891 -7.29725 29.32
    endloop
  endfacet
  facet normal 1 0 -0
    outer loop
      vertex -16.1891 -6.75681 29.32
      vertex -16.1891 -6.75681 30
      vertex -16.1891 -7.29725 30
    endloop
  endfacet
  facet normal 0 -1 0
    outer loop
      vertex -15.6486 -6.75681 29.32
      vertex -16.1891 -6.75681 30
      vertex -16.1891 -6.75681 29.32
    endloop
  endfacet
  facet normal 0 -1 0
    outer loop
      vertex -15.6486 -6.75681 29.32
      vertex -15.6486 -6.75681 30
      vertex -16.1891 -6.75681 30
    endloop
  endfacet
  facet normal 1 0 0
    outer loop
      vertex -15.6486 -6.21617 29.32
      vertex -15.6486 -6.75681 30
      vertex -15.6486 -6.75681 29.32
    endloop
  endfacet
  facet normal 1 0 -0
    outer loop
      vertex -15.6486 -6.21617 29.32
      vertex -15.6486 -6.21617 30
      vertex -15.6486 -6.75681 30
    endloop
  endfacet
  facet normal 0 1 0
    outer loop
      vertex -16.1891 -6.21617 29.32
      vertex -15.6486 -6.21617 30
      vertex -15.6486 -6.21617 29.32
    endloop
  endfacet
  facet normal 0 1 0
    outer loop
      vertex -16.1891 -6.21617 29.32
      vertex -16.1891 -6.21617 30
      vertex -15.6486 -6.21617 30
    endloop
  endfacet
  facet normal 1 0 0
    outer loop
      vertex -16.1891 -5.67563 29.32
      vertex -16.1891 -6.21617 30
      vertex -16.1891 -6.21617 29.32
    endloop
  endfacet
  facet normal 1 0 -0
    outer loop
      vertex -16.1891 -5.67563 29.32
      vertex -16.1891 -5.67563 30
      vertex -16.1891 -6.21617 30
    endloop
  endfacet
  facet normal 0 1 0
    outer loop
      vertex -16.7298 -5.67563 29.32
      vertex -16.1891 -5.67563 30
      vertex -16.1891 -5.67563 29.32
    endloop
  endfacet
  facet normal 0 1 0
    outer loop
      vertex -16.7298 -5.67563 29.32
      vertex -16.7298 -5.67563 30
      vertex -16.1891 -5.67563 30
    endloop
  endfacet
  facet normal -1 0 0
    outer loop
      vertex -16.7298 -6.21617 29.32
      vertex -16.7298 -5.67563 30
      vertex -16.7298 -5.67563 29.32
    endloop
  endfacet
  facet normal -1 0 0
    outer loop
      vertex -16.7298 -6.21617 29.32
      vertex -16.7298 -6.21617 30
      vertex -16.7298 -5.67563 30
    endloop
  endfacet
  facet normal 0 1 0
    outer loop
      vertex -17.2702 -6.21617 29.32
      vertex -16.7298 -6.21617 30
      vertex -16.7298 -6.21617 29.32
    endloop
  endfacet
  facet normal 0 1 0
    outer loop
      vertex -17.2702 -6.21617 29.32
      vertex -17.2702 -6.21617 30
      vertex -16.7298 -6.21617 30
    endloop
  endfacet
  facet normal 1 0 0
    outer loop
      vertex -17.2702 -5.67563 29.32
      vertex -17.2702 -6.21617 30
      vertex -17.2702 -6.21617 29.32
    endloop
  endfacet
  facet normal 1 0 -0
    outer loop
      vertex -17.2702 -5.67563 29.32
      vertex -17.2702 -5.67563 30
      vertex -17.2702 -6.21617 30
    endloop
  endfacet
  facet normal 0 1 0
    outer loop
      vertex -17.8109 -5.67563 29.32
      vertex -17.2702 -5.67563 30
      vertex -17.2702 -5.67563 29.32
    endloop
  endfacet
  facet normal 0 1 0
    outer loop
      vertex -17.8109 -5.67563 29.32
      vertex -17.8109 -5.67563 30
      vertex -17.2702 -5.67563 30
    endloop
  endfacet
  facet normal -1 0 0
    outer loop
      vertex -17.8109 -6.21617 29.32
      vertex -17.8109 -5.67563 30
      vertex -17.8109 -5.67563 29.32
    endloop
  endfacet
  facet normal -1 0 0
    outer loop
      vertex -17.8109 -6.21617 29.32
      vertex -17.8109 -6.21617 30
      vertex -17.8109 -5.67563 30
    endloop
  endfacet
  facet normal 0 1 0
    outer loop
      vertex -18.3513 -6.21617 29.32
      vertex -17.8109 -6.21617 30
      vertex -17.8109 -6.21617 29.32
    endloop
  endfacet
  facet normal 0 1 0
    outer loop
      vertex -18.3513 -6.21617 29.32
      vertex -18.3513 -6.21617 30
      vertex -17.8109 -6.21617 30
    endloop
  endfacet
  facet normal 1 0 0
    outer loop
      vertex -18.3513 -5.13519 29.32
      vertex -18.3513 -6.21617 30
      vertex -18.3513 -6.21617 29.32
    endloop
  endfacet
  facet normal 1 0 -0
    outer loop
      vertex -18.3513 -5.13519 29.32
      vertex -18.3513 -5.13519 30
      vertex -18.3513 -6.21617 30
    endloop
  endfacet
  facet normal 0 -1 0
    outer loop
      vertex -17.2702 -5.13519 29.32
      vertex -18.3513 -5.13519 30
      vertex -18.3513 -5.13519 29.32
    endloop
  endfacet
  facet normal 0 -1 0
    outer loop
      vertex -17.2702 -5.13519 29.32
      vertex -17.2702 -5.13519 30
      vertex -18.3513 -5.13519 30
    endloop
  endfacet
  facet normal 1 0 0
    outer loop
      vertex -17.2702 -4.59454 29.32
      vertex -17.2702 -5.13519 30
      vertex -17.2702 -5.13519 29.32
    endloop
  endfacet
  facet normal 1 0 -0
    outer loop
      vertex -17.2702 -4.59454 29.32
      vertex -17.2702 -4.59454 30
      vertex -17.2702 -5.13519 30
    endloop
  endfacet
  facet normal 0 1 0
    outer loop
      vertex -17.8108 -4.59454 29.32
      vertex -17.2702 -4.59454 30
      vertex -17.2702 -4.59454 29.32
    endloop
  endfacet
  facet normal 0 1 0
    outer loop
      vertex -17.8108 -4.59454 29.32
      vertex -17.8108 -4.59454 30
      vertex -17.2702 -4.59454 30
    endloop
  endfacet
  facet normal 1 0 0
    outer loop
      vertex -17.8108 -4.05411 29.32
      vertex -17.8108 -4.59454 30
      vertex -17.8108 -4.59454 29.32
    endloop
  endfacet
  facet normal 1 0 -0
    outer loop
      vertex -17.8108 -4.05411 29.32
      vertex -17.8108 -4.05411 30
      vertex -17.8108 -4.59454 30
    endloop
  endfacet
  facet normal 0 -1 0
    outer loop
      vertex -16.1891 -4.05411 29.32
      vertex -17.8108 -4.05411 30
      vertex -17.8108 -4.05411 29.32
    endloop
  endfacet
  facet normal 0 -1 0
    outer loop
      vertex -16.1891 -4.05411 29.32
      vertex -16.1891 -4.05411 30
      vertex -17.8108 -4.05411 30
    endloop
  endfacet
  facet normal 1 0 0
    outer loop
      vertex -16.1891 -3.51357 29.32
      vertex -16.1891 -4.05411 30
      vertex -16.1891 -4.05411 29.32
    endloop
  endfacet
  facet normal 1 0 -0
    outer loop
      vertex -16.1891 -3.51357 29.32
      vertex -16.1891 -3.51357 30
      vertex -16.1891 -4.05411 30
    endloop
  endfacet
  facet normal 0 -1 0
    outer loop
      vertex -15.6487 -3.51357 29.32
      vertex -16.1891 -3.51357 30
      vertex -16.1891 -3.51357 29.32
    endloop
  endfacet
  facet normal 0 -1 0
    outer loop
      vertex -15.6487 -3.51357 29.32
      vertex -15.6487 -3.51357 30
      vertex -16.1891 -3.51357 30
    endloop
  endfacet
  facet normal -1 0 0
    outer loop
      vertex -15.6487 -4.05411 29.32
      vertex -15.6487 -3.51357 30
      vertex -15.6487 -3.51357 29.32
    endloop
  endfacet
  facet normal -1 0 0
    outer loop
      vertex -15.6487 -4.05411 29.32
      vertex -15.6487 -4.05411 30
      vertex -15.6487 -3.51357 30
    endloop
  endfacet
  facet normal 0 -1 0
    outer loop
      vertex -15.1082 -4.05411 29.32
      vertex -15.6487 -4.05411 30
      vertex -15.6487 -4.05411 29.32
    endloop
  endfacet
  facet normal 0 -1 0
    outer loop
      vertex -15.1082 -4.05411 29.32
      vertex -15.1082 -4.05411 30
      vertex -15.6487 -4.05411 30
    endloop
  endfacet
  facet normal -1 0 0
    outer loop
      vertex -15.1082 -4.59465 29.32
      vertex -15.1082 -4.05411 30
      vertex -15.1082 -4.05411 29.32
    endloop
  endfacet
  facet normal -1 0 0
    outer loop
      vertex -15.1082 -4.59465 29.32
      vertex -15.1082 -4.59465 30
      vertex -15.1082 -4.05411 30
    endloop
  endfacet
  facet normal 0 -1 0
    outer loop
      vertex -14.0271 -4.59465 29.32
      vertex -15.1082 -4.59465 30
      vertex -15.1082 -4.59465 29.32
    endloop
  endfacet
  facet normal 0 -1 0
    outer loop
      vertex -14.0271 -4.59465 29.32
      vertex -14.0271 -4.59465 30
      vertex -15.1082 -4.59465 30
    endloop
  endfacet
  facet normal -1 0 0
    outer loop
      vertex -14.0271 -5.13509 29.32
      vertex -14.0271 -4.59465 30
      vertex -14.0271 -4.59465 29.32
    endloop
  endfacet
  facet normal -1 0 0
    outer loop
      vertex -14.0271 -5.13509 29.32
      vertex -14.0271 -5.13509 30
      vertex -14.0271 -4.59465 30
    endloop
  endfacet
  facet normal 0 1 0
    outer loop
      vertex -14.5676 -5.13509 29.32
      vertex -14.0271 -5.13509 30
      vertex -14.0271 -5.13509 29.32
    endloop
  endfacet
  facet normal 0 1 0
    outer loop
      vertex -14.5676 -5.13509 29.32
      vertex -14.5676 -5.13509 30
      vertex -14.0271 -5.13509 30
    endloop
  endfacet
  facet normal -1 0 0
    outer loop
      vertex -14.5676 -5.67573 29.32
      vertex -14.5676 -5.13509 30
      vertex -14.5676 -5.13509 29.32
    endloop
  endfacet
  facet normal -1 0 0
    outer loop
      vertex -14.5676 -5.67573 29.32
      vertex -14.5676 -5.67573 30
      vertex -14.5676 -5.13509 30
    endloop
  endfacet
  facet normal 0 -1 0
    outer loop
      vertex -14.0271 -5.67573 29.32
      vertex -14.5676 -5.67573 30
      vertex -14.5676 -5.67573 29.32
    endloop
  endfacet
  facet normal 0 -1 0
    outer loop
      vertex -14.0271 -5.67573 29.32
      vertex -14.0271 -5.67573 30
      vertex -14.5676 -5.67573 30
    endloop
  endfacet
  facet normal -1 0 0
    outer loop
      vertex -14.0271 -6.75671 29.32
      vertex -14.0271 -5.67573 30
      vertex -14.0271 -5.67573 29.32
    endloop
  endfacet
  facet normal -1 0 0
    outer loop
      vertex -14.0271 -6.75671 29.32
      vertex -14.0271 -6.75671 30
      vertex -14.0271 -5.67573 30
    endloop
  endfacet
  facet normal 0 1 0
    outer loop
      vertex -14.5675 -6.75671 29.32
      vertex -14.0271 -6.75671 30
      vertex -14.0271 -6.75671 29.32
    endloop
  endfacet
  facet normal 0 1 0
    outer loop
      vertex -14.5675 -6.75671 29.32
      vertex -14.5675 -6.75671 30
      vertex -14.0271 -6.75671 30
    endloop
  endfacet
  facet normal 1 0 0
    outer loop
      vertex -14.5675 -6.21617 29.32
      vertex -14.5675 -6.75671 30
      vertex -14.5675 -6.75671 29.32
    endloop
  endfacet
  facet normal 1 0 -0
    outer loop
      vertex -14.5675 -6.21617 29.32
      vertex -14.5675 -6.21617 30
      vertex -14.5675 -6.75671 30
    endloop
  endfacet
  facet normal 0 1 0
    outer loop
      vertex -15.1082 -6.21617 29.32
      vertex -14.5675 -6.21617 30
      vertex -14.5675 -6.21617 29.32
    endloop
  endfacet
  facet normal 0 1 0
    outer loop
      vertex -15.1082 -6.21617 29.32
      vertex -15.1082 -6.21617 30
      vertex -14.5675 -6.21617 30
    endloop
  endfacet
  facet normal -1 0 0
    outer loop
      vertex -15.1082 -7.29736 29.32
      vertex -15.1082 -6.21617 30
      vertex -15.1082 -6.21617 29.32
    endloop
  endfacet
  facet normal -1 0 0
    outer loop
      vertex -15.1082 -7.29736 29.32
      vertex -15.1082 -7.29736 30
      vertex -15.1082 -6.21617 30
    endloop
  endfacet
  facet normal 0 -1 0
    outer loop
      vertex -14.0271 -7.29736 29.32
      vertex -15.1082 -7.29736 30
      vertex -15.1082 -7.29736 29.32
    endloop
  endfacet
  facet normal 0 -1 0
    outer loop
      vertex -14.0271 -7.29736 29.32
      vertex -14.0271 -7.29736 30
      vertex -15.1082 -7.29736 30
    endloop
  endfacet
  facet normal -1 0 0
    outer loop
      vertex -14.0271 -7.8379 29.32
      vertex -14.0271 -7.29736 30
      vertex -14.0271 -7.29736 29.32
    endloop
  endfacet
  facet normal -1 0 0
    outer loop
      vertex -14.0271 -7.8379 29.32
      vertex -14.0271 -7.8379 30
      vertex -14.0271 -7.29736 30
    endloop
  endfacet
  facet normal 0 -1 0
    outer loop
      vertex -12.9459 -7.8379 29.32
      vertex -14.0271 -7.8379 30
      vertex -14.0271 -7.8379 29.32
    endloop
  endfacet
  facet normal 0 -1 0
    outer loop
      vertex -12.9459 -7.8379 29.32
      vertex -12.9459 -7.8379 30
      vertex -14.0271 -7.8379 30
    endloop
  endfacet
  facet normal 1 0 0
    outer loop
      vertex -12.9459 -7.29736 29.32
      vertex -12.9459 -7.8379 30
      vertex -12.9459 -7.8379 29.32
    endloop
  endfacet
  facet normal 1 0 -0
    outer loop
      vertex -12.9459 -7.29736 29.32
      vertex -12.9459 -7.29736 30
      vertex -12.9459 -7.8379 30
    endloop
  endfacet
  facet normal 0 -1 0
    outer loop
      vertex -12.4055 -7.29736 29.32
      vertex -12.9459 -7.29736 30
      vertex -12.9459 -7.29736 29.32
    endloop
  endfacet
  facet normal 0 -1 0
    outer loop
      vertex -12.4055 -7.29736 29.32
      vertex -12.4055 -7.29736 30
      vertex -12.9459 -7.29736 30
    endloop
  endfacet
  facet normal -1 0 0
    outer loop
      vertex -12.4055 -7.8379 29.32
      vertex -12.4055 -7.29736 30
      vertex -12.4055 -7.29736 29.32
    endloop
  endfacet
  facet normal -1 0 0
    outer loop
      vertex -12.4055 -7.8379 29.32
      vertex -12.4055 -7.8379 30
      vertex -12.4055 -7.29736 30
    endloop
  endfacet
  facet normal 0 -1 0
    outer loop
      vertex -11.8649 -7.8379 29.32
      vertex -12.4055 -7.8379 30
      vertex -12.4055 -7.8379 29.32
    endloop
  endfacet
  facet normal 0 -1 0
    outer loop
      vertex -11.8649 -7.8379 29.32
      vertex -11.8649 -7.8379 30
      vertex -12.4055 -7.8379 30
    endloop
  endfacet
  facet normal -1 0 0
    outer loop
      vertex -11.8649 -8.37833 29.32
      vertex -11.8649 -7.8379 30
      vertex -11.8649 -7.8379 29.32
    endloop
  endfacet
  facet normal -1 0 0
    outer loop
      vertex -11.8649 -8.37833 29.32
      vertex -11.8649 -8.37833 30
      vertex -11.8649 -7.8379 30
    endloop
  endfacet
  facet normal 0 1 0
    outer loop
      vertex -12.4055 -8.37833 29.32
      vertex -11.8649 -8.37833 30
      vertex -11.8649 -8.37833 29.32
    endloop
  endfacet
  facet normal 0 1 0
    outer loop
      vertex -12.4055 -8.37833 29.32
      vertex -12.4055 -8.37833 30
      vertex -11.8649 -8.37833 30
    endloop
  endfacet
  facet normal -1 0 0
    outer loop
      vertex -12.4055 -9.45941 29.32
      vertex -12.4055 -8.37833 30
      vertex -12.4055 -8.37833 29.32
    endloop
  endfacet
  facet normal -1 0 0
    outer loop
      vertex -12.4055 -9.45941 29.32
      vertex -12.4055 -9.45941 30
      vertex -12.4055 -8.37833 30
    endloop
  endfacet
  facet normal 0 1 0
    outer loop
      vertex -12.946 -9.45941 29.32
      vertex -12.4055 -9.45941 30
      vertex -12.4055 -9.45941 29.32
    endloop
  endfacet
  facet normal 0 1 0
    outer loop
      vertex -12.946 -9.45941 29.32
      vertex -12.946 -9.45941 30
      vertex -12.4055 -9.45941 30
    endloop
  endfacet
  facet normal -1 0 0
    outer loop
      vertex -12.946 -10 29.32
      vertex -12.946 -9.45941 30
      vertex -12.946 -9.45941 29.32
    endloop
  endfacet
  facet normal -1 0 0
    outer loop
      vertex -12.946 -10 29.32
      vertex -12.946 -10 30
      vertex -12.946 -9.45941 30
    endloop
  endfacet
  facet normal 0 -1 0
    outer loop
      vertex -12.4053 -10 29.32
      vertex -12.946 -10 30
      vertex -12.946 -10 29.32
    endloop
  endfacet
  facet normal 0 -1 0
    outer loop
      vertex -12.4053 -10 29.32
      vertex -12.4053 -10 30
      vertex -12.946 -10 30
    endloop
  endfacet
  facet normal 1 0 0
    outer loop
      vertex -12.4053 -9.45952 29.32
      vertex -12.4053 -10 30
      vertex -12.4053 -10 29.32
    endloop
  endfacet
  facet normal 1 0 -0
    outer loop
      vertex -12.4053 -9.45952 29.32
      vertex -12.4053 -9.45952 30
      vertex -12.4053 -10 30
    endloop
  endfacet
  facet normal 0 -1 0
    outer loop
      vertex -11.8649 -9.45952 29.32
      vertex -12.4053 -9.45952 30
      vertex -12.4053 -9.45952 29.32
    endloop
  endfacet
  facet normal 0 -1 0
    outer loop
      vertex -11.8649 -9.45952 29.32
      vertex -11.8649 -9.45952 30
      vertex -12.4053 -9.45952 30
    endloop
  endfacet
  facet normal -1 0 0
    outer loop
      vertex -11.8649 -10 29.32
      vertex -11.8649 -9.45952 30
      vertex -11.8649 -9.45952 29.32
    endloop
  endfacet
  facet normal -1 0 0
    outer loop
      vertex -11.8649 -10 29.32
      vertex -11.8649 -10 30
      vertex -11.8649 -9.45952 30
    endloop
  endfacet
  facet normal 0 -1 0
    outer loop
      vertex -11.3243 -10 29.32
      vertex -11.8649 -10 30
      vertex -11.8649 -10 29.32
    endloop
  endfacet
  facet normal 0 -1 0
    outer loop
      vertex -11.3243 -10 29.32
      vertex -11.3243 -10 30
      vertex -11.8649 -10 30
    endloop
  endfacet
  facet normal 1 0 0
    outer loop
      vertex -11.3243 -9.45941 29.32
      vertex -11.3243 -10 30
      vertex -11.3243 -10 29.32
    endloop
  endfacet
  facet normal 1 0 -0
    outer loop
      vertex -11.3243 -9.45941 29.32
      vertex -11.3243 -9.45941 30
      vertex -11.3243 -10 30
    endloop
  endfacet
  facet normal 0 1 0
    outer loop
      vertex -11.8648 -9.45941 29.32
      vertex -11.3243 -9.45941 30
      vertex -11.3243 -9.45941 29.32
    endloop
  endfacet
  facet normal 0 1 0
    outer loop
      vertex -11.8648 -9.45941 29.32
      vertex -11.8648 -9.45941 30
      vertex -11.3243 -9.45941 30
    endloop
  endfacet
  facet normal 1 0 0
    outer loop
      vertex -11.8648 -8.91898 29.32
      vertex -11.8648 -9.45941 30
      vertex -11.8648 -9.45941 29.32
    endloop
  endfacet
  facet normal 1 0 -0
    outer loop
      vertex -11.8648 -8.91898 29.32
      vertex -11.8648 -8.91898 30
      vertex -11.8648 -9.45941 30
    endloop
  endfacet
  facet normal 0 -1 0
    outer loop
      vertex -11.3243 -8.91898 29.32
      vertex -11.8648 -8.91898 30
      vertex -11.8648 -8.91898 29.32
    endloop
  endfacet
  facet normal 0 -1 0
    outer loop
      vertex -11.3243 -8.91898 29.32
      vertex -11.3243 -8.91898 30
      vertex -11.8648 -8.91898 30
    endloop
  endfacet
  facet normal 1 0 0
    outer loop
      vertex -11.3243 -7.83779 29.32
      vertex -11.3243 -8.91898 30
      vertex -11.3243 -8.91898 29.32
    endloop
  endfacet
  facet normal 1 0 -0
    outer loop
      vertex -11.3243 -7.83779 29.32
      vertex -11.3243 -7.83779 30
      vertex -11.3243 -8.91898 30
    endloop
  endfacet
  facet normal 0 1 0
    outer loop
      vertex -11.8648 -7.83779 29.32
      vertex -11.3243 -7.83779 30
      vertex -11.3243 -7.83779 29.32
    endloop
  endfacet
  facet normal 0 1 0
    outer loop
      vertex -11.8648 -7.83779 29.32
      vertex -11.8648 -7.83779 30
      vertex -11.3243 -7.83779 30
    endloop
  endfacet
  facet normal 1 0 0
    outer loop
      vertex -11.8648 -7.29736 29.32
      vertex -11.8648 -7.83779 30
      vertex -11.8648 -7.83779 29.32
    endloop
  endfacet
  facet normal 1 0 -0
    outer loop
      vertex -11.8648 -7.29736 29.32
      vertex -11.8648 -7.29736 30
      vertex -11.8648 -7.83779 30
    endloop
  endfacet
  facet normal 0 -1 0
    outer loop
      vertex -11.3243 -7.29736 29.32
      vertex -11.8648 -7.29736 30
      vertex -11.8648 -7.29736 29.32
    endloop
  endfacet
  facet normal 0 -1 0
    outer loop
      vertex -11.3243 -7.29736 29.32
      vertex -11.3243 -7.29736 30
      vertex -11.8648 -7.29736 30
    endloop
  endfacet
  facet normal 1 0 0
    outer loop
      vertex -11.3243 -6.21617 29.32
      vertex -11.3243 -7.29736 30
      vertex -11.3243 -7.29736 29.32
    endloop
  endfacet
  facet normal 1 0 -0
    outer loop
      vertex -11.3243 -6.21617 29.32
      vertex -11.3243 -6.21617 30
      vertex -11.3243 -7.29736 30
    endloop
  endfacet
  facet normal 0 1 0
    outer loop
      vertex -11.8648 -6.21617 29.32
      vertex -11.3243 -6.21617 30
      vertex -11.3243 -6.21617 29.32
    endloop
  endfacet
  facet normal 0 1 0
    outer loop
      vertex -11.8648 -6.21617 29.32
      vertex -11.8648 -6.21617 30
      vertex -11.3243 -6.21617 30
    endloop
  endfacet
  facet normal 1 0 0
    outer loop
      vertex -11.8648 -5.13519 29.32
      vertex -11.8648 -6.21617 30
      vertex -11.8648 -6.21617 29.32
    endloop
  endfacet
  facet normal 1 0 -0
    outer loop
      vertex -11.8648 -5.13519 29.32
      vertex -11.8648 -5.13519 30
      vertex -11.8648 -6.21617 30
    endloop
  endfacet
  facet normal 0 -1 0
    outer loop
      vertex -11.3244 -5.13519 29.32
      vertex -11.8648 -5.13519 30
      vertex -11.8648 -5.13519 29.32
    endloop
  endfacet
  facet normal 0 -1 0
    outer loop
      vertex -11.3244 -5.13519 29.32
      vertex -11.3244 -5.13519 30
      vertex -11.8648 -5.13519 30
    endloop
  endfacet
  facet normal -1 0 0
    outer loop
      vertex -11.3244 -5.67573 29.32
      vertex -11.3244 -5.13519 30
      vertex -11.3244 -5.13519 29.32
    endloop
  endfacet
  facet normal -1 0 0
    outer loop
      vertex -11.3244 -5.67573 29.32
      vertex -11.3244 -5.67573 30
      vertex -11.3244 -5.13519 30
    endloop
  endfacet
  facet normal 0 -1 0
    outer loop
      vertex -10.7837 -5.67573 29.32
      vertex -11.3244 -5.67573 30
      vertex -11.3244 -5.67573 29.32
    endloop
  endfacet
  facet normal 0 -1 0
    outer loop
      vertex -10.7837 -5.67573 29.32
      vertex -10.7837 -5.67573 30
      vertex -11.3244 -5.67573 30
    endloop
  endfacet
  facet normal 1 0 0
    outer loop
      vertex -10.7837 -5.13519 29.32
      vertex -10.7837 -5.67573 30
      vertex -10.7837 -5.67573 29.32
    endloop
  endfacet
  facet normal 1 0 -0
    outer loop
      vertex -10.7837 -5.13519 29.32
      vertex -10.7837 -5.13519 30
      vertex -10.7837 -5.67573 30
    endloop
  endfacet
  facet normal 0 -1 0
    outer loop
      vertex -10.2432 -5.13519 29.32
      vertex -10.7837 -5.13519 30
      vertex -10.7837 -5.13519 29.32
    endloop
  endfacet
  facet normal 0 -1 0
    outer loop
      vertex -10.2432 -5.13519 29.32
      vertex -10.2432 -5.13519 30
      vertex -10.7837 -5.13519 30
    endloop
  endfacet
  facet normal 1 0 0
    outer loop
      vertex -10.2432 -4.054 29.32
      vertex -10.2432 -5.13519 30
      vertex -10.2432 -5.13519 29.32
    endloop
  endfacet
  facet normal 1 0 -0
    outer loop
      vertex -10.2432 -4.054 29.32
      vertex -10.2432 -4.054 30
      vertex -10.2432 -5.13519 30
    endloop
  endfacet
  facet normal 0 1 0
    outer loop
      vertex -11.3243 -4.054 29.32
      vertex -10.2432 -4.054 30
      vertex -10.2432 -4.054 29.32
    endloop
  endfacet
  facet normal 0 1 0
    outer loop
      vertex -11.3243 -4.054 29.32
      vertex -11.3243 -4.054 30
      vertex -10.2432 -4.054 30
    endloop
  endfacet
  facet normal 1 0 0
    outer loop
      vertex -11.3243 -2.43249 29.32
      vertex -11.3243 -4.054 30
      vertex -11.3243 -4.054 29.32
    endloop
  endfacet
  facet normal 1 0 -0
    outer loop
      vertex -11.3243 -2.43249 29.32
      vertex -11.3243 -2.43249 30
      vertex -11.3243 -4.054 30
    endloop
  endfacet
  facet normal 0 -1 0
    outer loop
      vertex -10.7838 -2.43249 29.32
      vertex -11.3243 -2.43249 30
      vertex -11.3243 -2.43249 29.32
    endloop
  endfacet
  facet normal 0 -1 0
    outer loop
      vertex -10.7838 -2.43249 29.32
      vertex -10.7838 -2.43249 30
      vertex -11.3243 -2.43249 30
    endloop
  endfacet
  facet normal -1 0 0
    outer loop
      vertex -10.7838 -2.97303 29.32
      vertex -10.7838 -2.43249 30
      vertex -10.7838 -2.43249 29.32
    endloop
  endfacet
  facet normal -1 0 0
    outer loop
      vertex -10.7838 -2.97303 29.32
      vertex -10.7838 -2.97303 30
      vertex -10.7838 -2.43249 30
    endloop
  endfacet
  facet normal 0 -1 0
    outer loop
      vertex -9.70275 -2.97303 29.32
      vertex -10.7838 -2.97303 30
      vertex -10.7838 -2.97303 29.32
    endloop
  endfacet
  facet normal 0 -1 0
    outer loop
      vertex -9.70275 -2.97303 29.32
      vertex -9.70275 -2.97303 30
      vertex -10.7838 -2.97303 30
    endloop
  endfacet
  facet normal -1 0 0
    outer loop
      vertex -9.70275 -3.51357 29.32
      vertex -9.70275 -2.97303 30
      vertex -9.70275 -2.97303 29.32
    endloop
  endfacet
  facet normal -1 0 0
    outer loop
      vertex -9.70275 -3.51357 29.32
      vertex -9.70275 -3.51357 30
      vertex -9.70275 -2.97303 30
    endloop
  endfacet
  facet normal 0 -1 0
    outer loop
      vertex -8.62167 -3.51357 29.32
      vertex -9.70275 -3.51357 30
      vertex -9.70275 -3.51357 29.32
    endloop
  endfacet
  facet normal 0 -1 0
    outer loop
      vertex -8.62167 -3.51357 29.32
      vertex -8.62167 -3.51357 30
      vertex -9.70275 -3.51357 30
    endloop
  endfacet
  facet normal -1 0 0
    outer loop
      vertex -8.62167 -4.05411 29.32
      vertex -8.62167 -3.51357 30
      vertex -8.62167 -3.51357 29.32
    endloop
  endfacet
  facet normal -1 0 0
    outer loop
      vertex -8.62167 -4.05411 29.32
      vertex -8.62167 -4.05411 30
      vertex -8.62167 -3.51357 30
    endloop
  endfacet
  facet normal 0 -1 0
    outer loop
      vertex -6.99995 -4.05411 29.32
      vertex -8.62167 -4.05411 30
      vertex -8.62167 -4.05411 29.32
    endloop
  endfacet
  facet normal 0 -1 0
    outer loop
      vertex -6.99995 -4.05411 29.32
      vertex -6.99995 -4.05411 30
      vertex -8.62167 -4.05411 30
    endloop
  endfacet
  facet normal 1 0 0
    outer loop
      vertex -6.99995 -3.51346 29.32
      vertex -6.99995 -4.05411 30
      vertex -6.99995 -4.05411 29.32
    endloop
  endfacet
  facet normal 1 0 -0
    outer loop
      vertex -6.99995 -3.51346 29.32
      vertex -6.99995 -3.51346 30
      vertex -6.99995 -4.05411 30
    endloop
  endfacet
  facet normal 0 1 0
    outer loop
      vertex -8.62156 -3.51346 29.32
      vertex -6.99995 -3.51346 30
      vertex -6.99995 -3.51346 29.32
    endloop
  endfacet
  facet normal 0 1 0
    outer loop
      vertex -8.62156 -3.51346 29.32
      vertex -8.62156 -3.51346 30
      vertex -6.99995 -3.51346 30
    endloop
  endfacet
  facet normal 1 0 0
    outer loop
      vertex -8.62156 -2.43249 29.32
      vertex -8.62156 -3.51346 30
      vertex -8.62156 -3.51346 29.32
    endloop
  endfacet
  facet normal 1 0 -0
    outer loop
      vertex -8.62156 -2.43249 29.32
      vertex -8.62156 -2.43249 30
      vertex -8.62156 -3.51346 30
    endloop
  endfacet
  facet normal 0 -1 0
    outer loop
      vertex -8.08102 -2.43249 29.32
      vertex -8.62156 -2.43249 30
      vertex -8.62156 -2.43249 29.32
    endloop
  endfacet
  facet normal 0 -1 0
    outer loop
      vertex -8.08102 -2.43249 29.32
      vertex -8.08102 -2.43249 30
      vertex -8.62156 -2.43249 30
    endloop
  endfacet
  facet normal 1 0 0
    outer loop
      vertex -8.08102 -1.89195 29.32
      vertex -8.08102 -2.43249 30
      vertex -8.08102 -2.43249 29.32
    endloop
  endfacet
  facet normal 1 0 -0
    outer loop
      vertex -8.08102 -1.89195 29.32
      vertex -8.08102 -1.89195 30
      vertex -8.08102 -2.43249 30
    endloop
  endfacet
  facet normal 0 -1 0
    outer loop
      vertex -7.54059 -1.89195 29.32
      vertex -8.08102 -1.89195 30
      vertex -8.08102 -1.89195 29.32
    endloop
  endfacet
  facet normal 0 -1 0
    outer loop
      vertex -7.54059 -1.89195 29.32
      vertex -7.54059 -1.89195 30
      vertex -8.08102 -1.89195 30
    endloop
  endfacet
  facet normal -1 0 0
    outer loop
      vertex -7.54059 -2.97303 29.32
      vertex -7.54059 -1.89195 30
      vertex -7.54059 -1.89195 29.32
    endloop
  endfacet
  facet normal -1 0 0
    outer loop
      vertex -7.54059 -2.97303 29.32
      vertex -7.54059 -2.97303 30
      vertex -7.54059 -1.89195 30
    endloop
  endfacet
  facet normal 0 -1 0
    outer loop
      vertex -6.99995 -2.97303 29.32
      vertex -7.54059 -2.97303 30
      vertex -7.54059 -2.97303 29.32
    endloop
  endfacet
  facet normal 0 -1 0
    outer loop
      vertex -6.99995 -2.97303 29.32
      vertex -6.99995 -2.97303 30
      vertex -7.54059 -2.97303 30
    endloop
  endfacet
  facet normal 1 0 0
    outer loop
      vertex -6.99995 -1.89184 29.32
      vertex -6.99995 -2.97303 30
      vertex -6.99995 -2.97303 29.32
    endloop
  endfacet
  facet normal 1 0 -0
    outer loop
      vertex -6.99995 -1.89184 29.32
      vertex -6.99995 -1.89184 30
      vertex -6.99995 -2.97303 30
    endloop
  endfacet
  facet normal 0 1 0
    outer loop
      vertex -7.54048 -1.89184 29.32
      vertex -6.99995 -1.89184 30
      vertex -6.99995 -1.89184 29.32
    endloop
  endfacet
  facet normal 0 1 0
    outer loop
      vertex -7.54048 -1.89184 29.32
      vertex -7.54048 -1.89184 30
      vertex -6.99995 -1.89184 30
    endloop
  endfacet
  facet normal 1 0 0
    outer loop
      vertex -7.54048 -1.35141 29.32
      vertex -7.54048 -1.89184 30
      vertex -7.54048 -1.89184 29.32
    endloop
  endfacet
  facet normal 1 0 -0
    outer loop
      vertex -7.54048 -1.35141 29.32
      vertex -7.54048 -1.35141 30
      vertex -7.54048 -1.89184 30
    endloop
  endfacet
  facet normal 0 -1 0
    outer loop
      vertex -6.99995 -1.35141 29.32
      vertex -7.54048 -1.35141 30
      vertex -7.54048 -1.35141 29.32
    endloop
  endfacet
  facet normal 0 -1 0
    outer loop
      vertex -6.99995 -1.35141 29.32
      vertex -6.99995 -1.35141 30
      vertex -7.54048 -1.35141 30
    endloop
  endfacet
  facet normal 1 0 0
    outer loop
      vertex -6.99995 -0.810761 29.32
      vertex -6.99995 -1.35141 30
      vertex -6.99995 -1.35141 29.32
    endloop
  endfacet
  facet normal 1 0 -0
    outer loop
      vertex -6.99995 -0.810761 29.32
      vertex -6.99995 -0.810761 30
      vertex -6.99995 -1.35141 30
    endloop
  endfacet
  facet normal 0 1 0
    outer loop
      vertex -7.54048 -0.810761 29.32
      vertex -6.99995 -0.810761 30
      vertex -6.99995 -0.810761 29.32
    endloop
  endfacet
  facet normal 0 1 0
    outer loop
      vertex -7.54048 -0.810761 29.32
      vertex -7.54048 -0.810761 30
      vertex -6.99995 -0.810761 30
    endloop
  endfacet
  facet normal 1 0 0
    outer loop
      vertex -7.54048 0.270213 29.32
      vertex -7.54048 -0.810761 30
      vertex -7.54048 -0.810761 29.32
    endloop
  endfacet
  facet normal 1 0 -0
    outer loop
      vertex -7.54048 0.270213 29.32
      vertex -7.54048 0.270213 30
      vertex -7.54048 -0.810761 30
    endloop
  endfacet
  facet normal 0 -1 0
    outer loop
      vertex -6.99995 0.270213 29.32
      vertex -7.54048 0.270213 30
      vertex -7.54048 0.270213 29.32
    endloop
  endfacet
  facet normal 0 -1 0
    outer loop
      vertex -6.99995 0.270213 29.32
      vertex -6.99995 0.270213 30
      vertex -7.54048 0.270213 30
    endloop
  endfacet
  facet normal 1 0 0
    outer loop
      vertex -6.99995 0.81086 29.32
      vertex -6.99995 0.270213 30
      vertex -6.99995 0.270213 29.32
    endloop
  endfacet
  facet normal 1 0 -0
    outer loop
      vertex -6.99995 0.81086 29.32
      vertex -6.99995 0.81086 30
      vertex -6.99995 0.270213 30
    endloop
  endfacet
  facet normal 0 1 0
    outer loop
      vertex -7.54048 0.81086 29.32
      vertex -6.99995 0.81086 30
      vertex -6.99995 0.81086 29.32
    endloop
  endfacet
  facet normal 0 1 0
    outer loop
      vertex -7.54048 0.81086 29.32
      vertex -7.54048 0.81086 30
      vertex -6.99995 0.81086 30
    endloop
  endfacet
  facet normal 1 0 0
    outer loop
      vertex -7.54048 1.3514 29.32
      vertex -7.54048 0.81086 30
      vertex -7.54048 0.81086 29.32
    endloop
  endfacet
  facet normal 1 0 -0
    outer loop
      vertex -7.54048 1.3514 29.32
      vertex -7.54048 1.3514 30
      vertex -7.54048 0.81086 30
    endloop
  endfacet
  facet normal 0 1 0
    outer loop
      vertex -8.08102 1.3514 29.32
      vertex -7.54048 1.3514 30
      vertex -7.54048 1.3514 29.32
    endloop
  endfacet
  facet normal 0 1 0
    outer loop
      vertex -8.08102 1.3514 29.32
      vertex -8.08102 1.3514 30
      vertex -7.54048 1.3514 30
    endloop
  endfacet
  facet normal 1 0 0
    outer loop
      vertex -8.08102 1.89194 29.32
      vertex -8.08102 1.3514 30
      vertex -8.08102 1.3514 29.32
    endloop
  endfacet
  facet normal 1 0 -0
    outer loop
      vertex -8.08102 1.89194 29.32
      vertex -8.08102 1.89194 30
      vertex -8.08102 1.3514 30
    endloop
  endfacet
  facet normal 0 1 0
    outer loop
      vertex -9.1621 1.89194 29.32
      vertex -8.08102 1.89194 30
      vertex -8.08102 1.89194 29.32
    endloop
  endfacet
  facet normal 0 1 0
    outer loop
      vertex -9.1621 1.89194 29.32
      vertex -9.1621 1.89194 30
      vertex -8.08102 1.89194 30
    endloop
  endfacet
  facet normal 1 0 0
    outer loop
      vertex -9.1621 2.43248 29.32
      vertex -9.1621 1.89194 30
      vertex -9.1621 1.89194 29.32
    endloop
  endfacet
  facet normal 1 0 -0
    outer loop
      vertex -9.1621 2.43248 29.32
      vertex -9.1621 2.43248 30
      vertex -9.1621 1.89194 30
    endloop
  endfacet
  facet normal 0 1 0
    outer loop
      vertex -9.70275 2.43248 29.32
      vertex -9.1621 2.43248 30
      vertex -9.1621 2.43248 29.32
    endloop
  endfacet
  facet normal 0 1 0
    outer loop
      vertex -9.70275 2.43248 29.32
      vertex -9.70275 2.43248 30
      vertex -9.1621 2.43248 30
    endloop
  endfacet
  facet normal -1 0 0
    outer loop
      vertex -9.70275 1.89194 29.32
      vertex -9.70275 2.43248 30
      vertex -9.70275 2.43248 29.32
    endloop
  endfacet
  facet normal -1 0 0
    outer loop
      vertex -9.70275 1.89194 29.32
      vertex -9.70275 1.89194 30
      vertex -9.70275 2.43248 30
    endloop
  endfacet
  facet normal 0 1 0
    outer loop
      vertex -10.2432 1.89194 29.32
      vertex -9.70275 1.89194 30
      vertex -9.70275 1.89194 29.32
    endloop
  endfacet
  facet normal 0 1 0
    outer loop
      vertex -10.2432 1.89194 29.32
      vertex -10.2432 1.89194 30
      vertex -9.70275 1.89194 30
    endloop
  endfacet
  facet normal 1 0 0
    outer loop
      vertex -10.2432 3.51346 29.32
      vertex -10.2432 1.89194 30
      vertex -10.2432 1.89194 29.32
    endloop
  endfacet
  facet normal 1 0 -0
    outer loop
      vertex -10.2432 3.51346 29.32
      vertex -10.2432 3.51346 30
      vertex -10.2432 1.89194 30
    endloop
  endfacet
  facet normal 0 -1 0
    outer loop
      vertex -9.70265 3.51346 29.32
      vertex -10.2432 3.51346 30
      vertex -10.2432 3.51346 29.32
    endloop
  endfacet
  facet normal 0 -1 0
    outer loop
      vertex -9.70265 3.51346 29.32
      vertex -9.70265 3.51346 30
      vertex -10.2432 3.51346 30
    endloop
  endfacet
  facet normal 1 0 0
    outer loop
      vertex -9.70265 5.13514 29.32
      vertex -9.70265 3.51346 30
      vertex -9.70265 3.51346 29.32
    endloop
  endfacet
  facet normal 1 0 -0
    outer loop
      vertex -9.70265 5.13514 29.32
      vertex -9.70265 5.13514 30
      vertex -9.70265 3.51346 30
    endloop
  endfacet
  facet normal 0 -1 0
    outer loop
      vertex -9.16221 5.13514 29.32
      vertex -9.70265 5.13514 30
      vertex -9.70265 5.13514 29.32
    endloop
  endfacet
  facet normal 0 -1 0
    outer loop
      vertex -9.16221 5.13514 29.32
      vertex -9.16221 5.13514 30
      vertex -9.70265 5.13514 30
    endloop
  endfacet
  facet normal -1 0 0
    outer loop
      vertex -9.16221 5.13508 29.32
      vertex -9.16221 5.13514 30
      vertex -9.16221 5.13514 29.32
    endloop
  endfacet
  facet normal -1 0 0
    outer loop
      vertex -9.16221 5.13508 29.32
      vertex -9.16221 5.13508 30
      vertex -9.16221 5.13514 30
    endloop
  endfacet
  facet normal 0 -1 0
    outer loop
      vertex -8.62167 5.13508 29.32
      vertex -9.16221 5.13508 30
      vertex -9.16221 5.13508 29.32
    endloop
  endfacet
  facet normal 0 -1 0
    outer loop
      vertex -8.62167 5.13508 29.32
      vertex -8.62167 5.13508 30
      vertex -9.16221 5.13508 30
    endloop
  endfacet
  facet normal -1 0 0
    outer loop
      vertex -8.62167 4.59464 29.32
      vertex -8.62167 5.13508 30
      vertex -8.62167 5.13508 29.32
    endloop
  endfacet
  facet normal -1 0 0
    outer loop
      vertex -8.62167 4.59464 29.32
      vertex -8.62167 4.59464 30
      vertex -8.62167 5.13508 30
    endloop
  endfacet
  facet normal 0 1 0
    outer loop
      vertex -9.16221 4.59464 29.32
      vertex -8.62167 4.59464 30
      vertex -8.62167 4.59464 29.32
    endloop
  endfacet
  facet normal 0 1 0
    outer loop
      vertex -9.16221 4.59464 29.32
      vertex -9.16221 4.59464 30
      vertex -8.62167 4.59464 30
    endloop
  endfacet
  facet normal -1 0 0
    outer loop
      vertex -9.16221 3.51346 29.32
      vertex -9.16221 4.59464 30
      vertex -9.16221 4.59464 29.32
    endloop
  endfacet
  facet normal -1 0 0
    outer loop
      vertex -9.16221 3.51346 29.32
      vertex -9.16221 3.51346 30
      vertex -9.16221 4.59464 30
    endloop
  endfacet
  facet normal 0 -1 0
    outer loop
      vertex -8.08102 3.51346 29.32
      vertex -9.16221 3.51346 30
      vertex -9.16221 3.51346 29.32
    endloop
  endfacet
  facet normal 0 -1 0
    outer loop
      vertex -8.08102 3.51346 29.32
      vertex -8.08102 3.51346 30
      vertex -9.16221 3.51346 30
    endloop
  endfacet
  facet normal 1 0 0
    outer loop
      vertex -8.08102 4.054 29.32
      vertex -8.08102 3.51346 30
      vertex -8.08102 3.51346 29.32
    endloop
  endfacet
  facet normal 1 0 -0
    outer loop
      vertex -8.08102 4.054 29.32
      vertex -8.08102 4.054 30
      vertex -8.08102 3.51346 30
    endloop
  endfacet
  facet normal 0 -1 0
    outer loop
      vertex -6.99995 4.054 29.32
      vertex -8.08102 4.054 30
      vertex -8.08102 4.054 29.32
    endloop
  endfacet
  facet normal 0 -1 0
    outer loop
      vertex -6.99995 4.054 29.32
      vertex -6.99995 4.054 30
      vertex -8.08102 4.054 30
    endloop
  endfacet
  facet normal 1 0 0
    outer loop
      vertex -6.99995 4.59464 29.32
      vertex -6.99995 4.054 30
      vertex -6.99995 4.054 29.32
    endloop
  endfacet
  facet normal 1 0 -0
    outer loop
      vertex -6.99995 4.59464 29.32
      vertex -6.99995 4.59464 30
      vertex -6.99995 4.054 30
    endloop
  endfacet
  facet normal 0 1 0
    outer loop
      vertex -8.08102 4.59464 29.32
      vertex -6.99995 4.59464 30
      vertex -6.99995 4.59464 29.32
    endloop
  endfacet
  facet normal 0 1 0
    outer loop
      vertex -8.08102 4.59464 29.32
      vertex -8.08102 4.59464 30
      vertex -6.99995 4.59464 30
    endloop
  endfacet
  facet normal 1 0 0
    outer loop
      vertex -8.08102 6.75681 29.32
      vertex -8.08102 4.59464 30
      vertex -8.08102 4.59464 29.32
    endloop
  endfacet
  facet normal 1 0 -0
    outer loop
      vertex -8.08102 6.75681 29.32
      vertex -8.08102 6.75681 30
      vertex -8.08102 4.59464 30
    endloop
  endfacet
  facet normal 0 1 0
    outer loop
      vertex -8.62167 6.75681 29.32
      vertex -8.08102 6.75681 30
      vertex -8.08102 6.75681 29.32
    endloop
  endfacet
  facet normal 0 1 0
    outer loop
      vertex -8.62167 6.75681 29.32
      vertex -8.62167 6.75681 30
      vertex -8.08102 6.75681 30
    endloop
  endfacet
  facet normal -1 0 0
    outer loop
      vertex -8.62167 5.67572 29.32
      vertex -8.62167 6.75681 30
      vertex -8.62167 6.75681 29.32
    endloop
  endfacet
  facet normal -1 0 0
    outer loop
      vertex -8.62167 5.67572 29.32
      vertex -8.62167 5.67572 30
      vertex -8.62167 6.75681 30
    endloop
  endfacet
  facet normal 0 1 0
    outer loop
      vertex -9.16216 5.67572 29.32
      vertex -8.62167 5.67572 30
      vertex -8.62167 5.67572 29.32
    endloop
  endfacet
  facet normal 0 1 0
    outer loop
      vertex -9.16216 5.67572 29.32
      vertex -9.16216 5.67572 30
      vertex -8.62167 5.67572 30
    endloop
  endfacet
  facet normal 1 0 0
    outer loop
      vertex -9.16216 7.29724 29.32
      vertex -9.16216 5.67572 30
      vertex -9.16216 5.67572 29.32
    endloop
  endfacet
  facet normal 1 0 -0
    outer loop
      vertex -9.16216 7.29724 29.32
      vertex -9.16216 7.29724 30
      vertex -9.16216 5.67572 30
    endloop
  endfacet
  facet normal 0 -1 0
    outer loop
      vertex -7.54059 7.29724 29.32
      vertex -9.16216 7.29724 30
      vertex -9.16216 7.29724 29.32
    endloop
  endfacet
  facet normal 0 -1 0
    outer loop
      vertex -7.54059 7.29724 29.32
      vertex -7.54059 7.29724 30
      vertex -9.16216 7.29724 30
    endloop
  endfacet
  facet normal -1 0 0
    outer loop
      vertex -7.54059 6.7567 29.32
      vertex -7.54059 7.29724 30
      vertex -7.54059 7.29724 29.32
    endloop
  endfacet
  facet normal -1 0 0
    outer loop
      vertex -7.54059 6.7567 29.32
      vertex -7.54059 6.7567 30
      vertex -7.54059 7.29724 30
    endloop
  endfacet
  facet normal 0 -1 0
    outer loop
      vertex -6.99995 6.7567 29.32
      vertex -7.54059 6.7567 30
      vertex -7.54059 6.7567 29.32
    endloop
  endfacet
  facet normal 0 -1 0
    outer loop
      vertex -6.99995 6.7567 29.32
      vertex -6.99995 6.7567 30
      vertex -7.54059 6.7567 30
    endloop
  endfacet
  facet normal 1 0 0
    outer loop
      vertex -6.99995 10 29.32
      vertex -6.99995 6.7567 30
      vertex -6.99995 6.7567 29.32
    endloop
  endfacet
  facet normal 1 0 -0
    outer loop
      vertex -6.99995 10 29.32
      vertex -6.99995 10 30
      vertex -6.99995 6.7567 30
    endloop
  endfacet
  facet normal 0 1 0
    outer loop
      vertex -8.62167 10 29.32
      vertex -6.99995 10 30
      vertex -6.99995 10 29.32
    endloop
  endfacet
  facet normal 0 1 0
    outer loop
      vertex -8.62167 10 29.32
      vertex -8.62167 10 30
      vertex -6.99995 10 30
    endloop
  endfacet
  facet normal -1 0 0
    outer loop
      vertex -8.62167 9.4594 29.32
      vertex -8.62167 10 30
      vertex -8.62167 10 29.32
    endloop
  endfacet
  facet normal -1 0 0
    outer loop
      vertex -8.62167 9.4594 29.32
      vertex -8.62167 9.4594 30
      vertex -8.62167 10 30
    endloop
  endfacet
  facet normal 0 -1 0
    outer loop
      vertex -7.54059 9.4594 29.32
      vertex -8.62167 9.4594 30
      vertex -8.62167 9.4594 29.32
    endloop
  endfacet
  facet normal 0 -1 0
    outer loop
      vertex -7.54059 9.4594 29.32
      vertex -7.54059 9.4594 30
      vertex -8.62167 9.4594 30
    endloop
  endfacet
  facet normal -1 0 0
    outer loop
      vertex -7.54059 8.91897 29.32
      vertex -7.54059 9.4594 30
      vertex -7.54059 9.4594 29.32
    endloop
  endfacet
  facet normal -1 0 0
    outer loop
      vertex -7.54059 8.91897 29.32
      vertex -7.54059 8.91897 30
      vertex -7.54059 9.4594 30
    endloop
  endfacet
  facet normal 0 1 0
    outer loop
      vertex -8.08113 8.91897 29.32
      vertex -7.54059 8.91897 30
      vertex -7.54059 8.91897 29.32
    endloop
  endfacet
  facet normal 0 1 0
    outer loop
      vertex -8.08113 8.91897 29.32
      vertex -8.08113 8.91897 30
      vertex -7.54059 8.91897 30
    endloop
  endfacet
  facet normal -1 0 0
    outer loop
      vertex -8.08113 8.37832 29.32
      vertex -8.08113 8.91897 30
      vertex -8.08113 8.91897 29.32
    endloop
  endfacet
  facet normal -1 0 0
    outer loop
      vertex -8.08113 8.37832 29.32
      vertex -8.08113 8.37832 30
      vertex -8.08113 8.91897 30
    endloop
  endfacet
  facet normal 0 -1 0
    outer loop
      vertex -7.54059 8.37832 29.32
      vertex -8.08113 8.37832 30
      vertex -8.08113 8.37832 29.32
    endloop
  endfacet
  facet normal 0 -1 0
    outer loop
      vertex -7.54059 8.37832 29.32
      vertex -7.54059 8.37832 30
      vertex -8.08113 8.37832 30
    endloop
  endfacet
  facet normal -1 0 0
    outer loop
      vertex -7.54059 7.83789 29.32
      vertex -7.54059 8.37832 30
      vertex -7.54059 8.37832 29.32
    endloop
  endfacet
  facet normal -1 0 0
    outer loop
      vertex -7.54059 7.83789 29.32
      vertex -7.54059 7.83789 30
      vertex -7.54059 8.37832 30
    endloop
  endfacet
  facet normal 0 1 0
    outer loop
      vertex -8.62156 7.83789 29.32
      vertex -7.54059 7.83789 30
      vertex -7.54059 7.83789 29.32
    endloop
  endfacet
  facet normal 0 1 0
    outer loop
      vertex -8.62156 7.83789 29.32
      vertex -8.62156 7.83789 30
      vertex -7.54059 7.83789 30
    endloop
  endfacet
  facet normal 1 0 0
    outer loop
      vertex -8.62156 8.37843 29.32
      vertex -8.62156 7.83789 30
      vertex -8.62156 7.83789 29.32
    endloop
  endfacet
  facet normal 1 0 -0
    outer loop
      vertex -8.62156 8.37843 29.32
      vertex -8.62156 8.37843 30
      vertex -8.62156 7.83789 30
    endloop
  endfacet
  facet normal 0 1 0
    outer loop
      vertex -9.1621 8.37843 29.32
      vertex -8.62156 8.37843 30
      vertex -8.62156 8.37843 29.32
    endloop
  endfacet
  facet normal 0 1 0
    outer loop
      vertex -9.1621 8.37843 29.32
      vertex -9.1621 8.37843 30
      vertex -8.62156 8.37843 30
    endloop
  endfacet
  facet normal 1 0 0
    outer loop
      vertex -9.1621 10 29.32
      vertex -9.1621 8.37843 30
      vertex -9.1621 8.37843 29.32
    endloop
  endfacet
  facet normal 1 0 -0
    outer loop
      vertex -9.1621 10 29.32
      vertex -9.1621 10 30
      vertex -9.1621 8.37843 30
    endloop
  endfacet
  facet normal 0 1 0
    outer loop
      vertex -10.7838 10 29.32
      vertex -9.1621 10 30
      vertex -9.1621 10 29.32
    endloop
  endfacet
  facet normal 0 1 0
    outer loop
      vertex -10.7838 10 29.32
      vertex -10.7838 10 30
      vertex -9.1621 10 30
    endloop
  endfacet
  facet normal -1 0 0
    outer loop
      vertex -10.7838 9.4594 29.32
      vertex -10.7838 10 30
      vertex -10.7838 10 29.32
    endloop
  endfacet
  facet normal -1 0 0
    outer loop
      vertex -10.7838 9.4594 29.32
      vertex -10.7838 9.4594 30
      vertex -10.7838 10 30
    endloop
  endfacet
  facet normal 0 -1 0
    outer loop
      vertex -10.2433 9.4594 29.32
      vertex -10.7838 9.4594 30
      vertex -10.7838 9.4594 29.32
    endloop
  endfacet
  facet normal 0 -1 0
    outer loop
      vertex -10.2433 9.4594 29.32
      vertex -10.2433 9.4594 30
      vertex -10.7838 9.4594 30
    endloop
  endfacet
  facet normal -1 0 0
    outer loop
      vertex -10.2433 8.91886 29.32
      vertex -10.2433 9.4594 30
      vertex -10.2433 9.4594 29.32
    endloop
  endfacet
  facet normal -1 0 0
    outer loop
      vertex -10.2433 8.91886 29.32
      vertex -10.2433 8.91886 30
      vertex -10.2433 9.4594 30
    endloop
  endfacet
  facet normal 0 -1 0
    outer loop
      vertex -9.70275 8.91886 29.32
      vertex -10.2433 8.91886 30
      vertex -10.2433 8.91886 29.32
    endloop
  endfacet
  facet normal 0 -1 0
    outer loop
      vertex -9.70275 8.91886 29.32
      vertex -9.70275 8.91886 30
      vertex -10.2433 8.91886 30
    endloop
  endfacet
  facet normal -1 0 0
    outer loop
      vertex -9.70275 8.37843 29.32
      vertex -9.70275 8.91886 30
      vertex -9.70275 8.91886 29.32
    endloop
  endfacet
  facet normal -1 0 0
    outer loop
      vertex -9.70275 8.37843 29.32
      vertex -9.70275 8.37843 30
      vertex -9.70275 8.91886 30
    endloop
  endfacet
  facet normal 0 1 0
    outer loop
      vertex -10.7838 8.37843 29.32
      vertex -9.70275 8.37843 30
      vertex -9.70275 8.37843 29.32
    endloop
  endfacet
  facet normal 0 1 0
    outer loop
      vertex -10.7838 8.37843 29.32
      vertex -10.7838 8.37843 30
      vertex -9.70275 8.37843 30
    endloop
  endfacet
  facet normal -1 0 0
    outer loop
      vertex -10.7838 7.83784 29.32
      vertex -10.7838 8.37843 30
      vertex -10.7838 8.37843 29.32
    endloop
  endfacet
  facet normal -1 0 0
    outer loop
      vertex -10.7838 7.83784 29.32
      vertex -10.7838 7.83784 30
      vertex -10.7838 8.37843 30
    endloop
  endfacet
  facet normal 0 1 0
    outer loop
      vertex -11.8648 7.83784 29.32
      vertex -10.7838 7.83784 30
      vertex -10.7838 7.83784 29.32
    endloop
  endfacet
  facet normal 0 1 0
    outer loop
      vertex -11.8648 7.83784 29.32
      vertex -11.8648 7.83784 30
      vertex -10.7838 7.83784 30
    endloop
  endfacet
  facet normal 1 0 0
    outer loop
      vertex -11.8648 8.37843 29.32
      vertex -11.8648 7.83784 30
      vertex -11.8648 7.83784 29.32
    endloop
  endfacet
  facet normal 1 0 -0
    outer loop
      vertex -11.8648 8.37843 29.32
      vertex -11.8648 8.37843 30
      vertex -11.8648 7.83784 30
    endloop
  endfacet
  facet normal 0 1 0
    outer loop
      vertex -13.4864 8.37843 29.32
      vertex -11.8648 8.37843 30
      vertex -11.8648 8.37843 29.32
    endloop
  endfacet
  facet normal 0 1 0
    outer loop
      vertex -13.4864 8.37843 29.32
      vertex -13.4864 8.37843 30
      vertex -11.8648 8.37843 30
    endloop
  endfacet
  facet normal 1 0 0
    outer loop
      vertex -13.4864 8.91886 29.32
      vertex -13.4864 8.37843 30
      vertex -13.4864 8.37843 29.32
    endloop
  endfacet
  facet normal 1 0 -0
    outer loop
      vertex -13.4864 8.91886 29.32
      vertex -13.4864 8.91886 30
      vertex -13.4864 8.37843 30
    endloop
  endfacet
  facet normal 0 -1 0
    outer loop
      vertex -11.8648 8.91886 29.32
      vertex -13.4864 8.91886 30
      vertex -13.4864 8.91886 29.32
    endloop
  endfacet
  facet normal 0 -1 0
    outer loop
      vertex -11.8648 8.91886 29.32
      vertex -11.8648 8.91886 30
      vertex -13.4864 8.91886 30
    endloop
  endfacet
  facet normal 1 0 0
    outer loop
      vertex -11.8648 10 29.32
      vertex -11.8648 8.91886 30
      vertex -11.8648 8.91886 29.32
    endloop
  endfacet
  facet normal 1 0 -0
    outer loop
      vertex -11.8648 10 29.32
      vertex -11.8648 10 30
      vertex -11.8648 8.91886 30
    endloop
  endfacet
  facet normal 0 1 0
    outer loop
      vertex -12.946 10 29.32
      vertex -11.8648 10 30
      vertex -11.8648 10 29.32
    endloop
  endfacet
  facet normal 0 1 0
    outer loop
      vertex -12.946 10 29.32
      vertex -12.946 10 30
      vertex -11.8648 10 30
    endloop
  endfacet
  facet normal -1 0 0
    outer loop
      vertex -12.946 9.45951 29.32
      vertex -12.946 10 30
      vertex -12.946 10 29.32
    endloop
  endfacet
  facet normal -1 0 0
    outer loop
      vertex -12.946 9.45951 29.32
      vertex -12.946 9.45951 30
      vertex -12.946 10 30
    endloop
  endfacet
  facet normal 0 1 0
    outer loop
      vertex -13.4864 9.45951 29.32
      vertex -12.946 9.45951 30
      vertex -12.946 9.45951 29.32
    endloop
  endfacet
  facet normal 0 1 0
    outer loop
      vertex -13.4864 9.45951 29.32
      vertex -13.4864 9.45951 30
      vertex -12.946 9.45951 30
    endloop
  endfacet
  facet normal 1 0 0
    outer loop
      vertex -13.4864 10 29.32
      vertex -13.4864 9.45951 30
      vertex -13.4864 9.45951 29.32
    endloop
  endfacet
  facet normal 1 0 -0
    outer loop
      vertex -13.4864 10 29.32
      vertex -13.4864 10 30
      vertex -13.4864 9.45951 30
    endloop
  endfacet
  facet normal 0 1 0
    outer loop
      vertex -14.5676 10 29.32
      vertex -13.4864 10 30
      vertex -13.4864 10 29.32
    endloop
  endfacet
  facet normal 0 1 0
    outer loop
      vertex -14.5676 10 29.32
      vertex -14.5676 10 30
      vertex -13.4864 10 30
    endloop
  endfacet
  facet normal -1 0 0
    outer loop
      vertex -14.5676 9.45951 29.32
      vertex -14.5676 10 30
      vertex -14.5676 10 29.32
    endloop
  endfacet
  facet normal -1 0 0
    outer loop
      vertex -14.5676 9.45951 29.32
      vertex -14.5676 9.45951 30
      vertex -14.5676 10 30
    endloop
  endfacet
  facet normal 0 1 0
    outer loop
      vertex -15.1082 9.45951 29.32
      vertex -14.5676 9.45951 30
      vertex -14.5676 9.45951 29.32
    endloop
  endfacet
  facet normal 0 1 0
    outer loop
      vertex -15.1082 9.45951 29.32
      vertex -15.1082 9.45951 30
      vertex -14.5676 9.45951 30
    endloop
  endfacet
  facet normal -1 0 0
    outer loop
      vertex -15.1082 8.91886 29.32
      vertex -15.1082 9.45951 30
      vertex -15.1082 9.45951 29.32
    endloop
  endfacet
  facet normal -1 0 0
    outer loop
      vertex -15.1082 8.91886 29.32
      vertex -15.1082 8.91886 30
      vertex -15.1082 9.45951 30
    endloop
  endfacet
  facet normal 0 -1 0
    outer loop
      vertex -14.0271 8.91886 29.32
      vertex -15.1082 8.91886 30
      vertex -15.1082 8.91886 29.32
    endloop
  endfacet
  facet normal 0 -1 0
    outer loop
      vertex -14.0271 8.91886 29.32
      vertex -14.0271 8.91886 30
      vertex -15.1082 8.91886 30
    endloop
  endfacet
  facet normal -1 0 0
    outer loop
      vertex -14.0271 8.37832 29.32
      vertex -14.0271 8.91886 30
      vertex -14.0271 8.91886 29.32
    endloop
  endfacet
  facet normal -1 0 0
    outer loop
      vertex -14.0271 8.37832 29.32
      vertex -14.0271 8.37832 30
      vertex -14.0271 8.91886 30
    endloop
  endfacet
  facet normal 0 -1 0
    outer loop
      vertex -13.4865 8.37832 29.32
      vertex -14.0271 8.37832 30
      vertex -14.0271 8.37832 29.32
    endloop
  endfacet
  facet normal 0 -1 0
    outer loop
      vertex -13.4865 8.37832 29.32
      vertex -13.4865 8.37832 30
      vertex -14.0271 8.37832 30
    endloop
  endfacet
  facet normal -1 0 0
    outer loop
      vertex -13.4865 7.83789 29.32
      vertex -13.4865 8.37832 30
      vertex -13.4865 8.37832 29.32
    endloop
  endfacet
  facet normal -1 0 0
    outer loop
      vertex -13.4865 7.83789 29.32
      vertex -13.4865 7.83789 30
      vertex -13.4865 8.37832 30
    endloop
  endfacet
  facet normal 0 1 0
    outer loop
      vertex -14.0271 7.83789 29.32
      vertex -13.4865 7.83789 30
      vertex -13.4865 7.83789 29.32
    endloop
  endfacet
  facet normal 0 1 0
    outer loop
      vertex -14.0271 7.83789 29.32
      vertex -14.0271 7.83789 30
      vertex -13.4865 7.83789 30
    endloop
  endfacet
  facet normal -1 0 0
    outer loop
      vertex -14.0271 7.29735 29.32
      vertex -14.0271 7.83789 30
      vertex -14.0271 7.83789 29.32
    endloop
  endfacet
  facet normal -1 0 0
    outer loop
      vertex -14.0271 7.29735 29.32
      vertex -14.0271 7.29735 30
      vertex -14.0271 7.83789 30
    endloop
  endfacet
  facet normal 0 1 0
    outer loop
      vertex -15.1081 7.29735 29.32
      vertex -14.0271 7.29735 30
      vertex -14.0271 7.29735 29.32
    endloop
  endfacet
  facet normal 0 1 0
    outer loop
      vertex -15.1081 7.29735 29.32
      vertex -15.1081 7.29735 30
      vertex -14.0271 7.29735 30
    endloop
  endfacet
  facet normal 1 0 0
    outer loop
      vertex -15.1081 7.83778 29.32
      vertex -15.1081 7.29735 30
      vertex -15.1081 7.29735 29.32
    endloop
  endfacet
  facet normal 1 0 -0
    outer loop
      vertex -15.1081 7.83778 29.32
      vertex -15.1081 7.83778 30
      vertex -15.1081 7.29735 30
    endloop
  endfacet
  facet normal 0 -1 0
    outer loop
      vertex -14.5675 7.83778 29.32
      vertex -15.1081 7.83778 30
      vertex -15.1081 7.83778 29.32
    endloop
  endfacet
  facet normal 0 -1 0
    outer loop
      vertex -14.5675 7.83778 29.32
      vertex -14.5675 7.83778 30
      vertex -15.1081 7.83778 30
    endloop
  endfacet
  facet normal 1 0 0
    outer loop
      vertex -14.5675 8.37843 29.32
      vertex -14.5675 7.83778 30
      vertex -14.5675 7.83778 29.32
    endloop
  endfacet
  facet normal 1 0 -0
    outer loop
      vertex -14.5675 8.37843 29.32
      vertex -14.5675 8.37843 30
      vertex -14.5675 7.83778 30
    endloop
  endfacet
  facet normal 0 1 0
    outer loop
      vertex -15.1082 8.37843 29.32
      vertex -14.5675 8.37843 30
      vertex -14.5675 8.37843 29.32
    endloop
  endfacet
  facet normal 0 1 0
    outer loop
      vertex -15.1082 8.37843 29.32
      vertex -15.1082 8.37843 30
      vertex -14.5675 8.37843 30
    endloop
  endfacet
  facet normal -1 0 0
    outer loop
      vertex -15.1082 7.83789 29.32
      vertex -15.1082 8.37843 30
      vertex -15.1082 8.37843 29.32
    endloop
  endfacet
  facet normal -1 0 0
    outer loop
      vertex -15.1082 7.83789 29.32
      vertex -15.1082 7.83789 30
      vertex -15.1082 8.37843 30
    endloop
  endfacet
  facet normal 0 1 0
    outer loop
      vertex -15.6487 7.83789 29.32
      vertex -15.1082 7.83789 30
      vertex -15.1082 7.83789 29.32
    endloop
  endfacet
  facet normal 0 1 0
    outer loop
      vertex -15.6487 7.83789 29.32
      vertex -15.6487 7.83789 30
      vertex -15.1082 7.83789 30
    endloop
  endfacet
  facet normal -1 0 0
    outer loop
      vertex -15.6487 6.75681 29.32
      vertex -15.6487 7.83789 30
      vertex -15.6487 7.83789 29.32
    endloop
  endfacet
  facet normal -1 0 0
    outer loop
      vertex -15.6487 6.75681 29.32
      vertex -15.6487 6.75681 30
      vertex -15.6487 7.83789 30
    endloop
  endfacet
  facet normal 0 1 0
    outer loop
      vertex -16.1891 6.75681 29.32
      vertex -15.6487 6.75681 30
      vertex -15.6487 6.75681 29.32
    endloop
  endfacet
  facet normal 0 1 0
    outer loop
      vertex -16.1891 6.75681 29.32
      vertex -16.1891 6.75681 30
      vertex -15.6487 6.75681 30
    endloop
  endfacet
  facet normal 1 0 0
    outer loop
      vertex -16.1891 7.29735 29.32
      vertex -16.1891 6.75681 30
      vertex -16.1891 6.75681 29.32
    endloop
  endfacet
  facet normal 1 0 -0
    outer loop
      vertex -16.1891 7.29735 29.32
      vertex -16.1891 7.29735 30
      vertex -16.1891 6.75681 30
    endloop
  endfacet
  facet normal 0 1 0
    outer loop
      vertex -17.2703 7.29735 29.32
      vertex -16.1891 7.29735 30
      vertex -16.1891 7.29735 29.32
    endloop
  endfacet
  facet normal 0 1 0
    outer loop
      vertex -17.2703 7.29735 29.32
      vertex -17.2703 7.29735 30
      vertex -16.1891 7.29735 30
    endloop
  endfacet
  facet normal -1 0 0
    outer loop
      vertex -17.2703 6.75681 29.32
      vertex -17.2703 7.29735 30
      vertex -17.2703 7.29735 29.32
    endloop
  endfacet
  facet normal -1 0 0
    outer loop
      vertex -17.2703 6.75681 29.32
      vertex -17.2703 6.75681 30
      vertex -17.2703 7.29735 30
    endloop
  endfacet
  facet normal 0 1 0
    outer loop
      vertex -17.8108 6.75681 29.32
      vertex -17.2703 6.75681 30
      vertex -17.2703 6.75681 29.32
    endloop
  endfacet
  facet normal 0 1 0
    outer loop
      vertex -17.8108 6.75681 29.32
      vertex -17.8108 6.75681 30
      vertex -17.2703 6.75681 30
    endloop
  endfacet
  facet normal 1 0 0
    outer loop
      vertex -17.8108 7.29735 29.32
      vertex -17.8108 6.75681 30
      vertex -17.8108 6.75681 29.32
    endloop
  endfacet
  facet normal 1 0 -0
    outer loop
      vertex -17.8108 7.29735 29.32
      vertex -17.8108 7.29735 30
      vertex -17.8108 6.75681 30
    endloop
  endfacet
  facet normal 0 1 0
    outer loop
      vertex -18.8919 7.29735 29.32
      vertex -17.8108 7.29735 30
      vertex -17.8108 7.29735 29.32
    endloop
  endfacet
  facet normal 0 1 0
    outer loop
      vertex -18.8919 7.29735 29.32
      vertex -18.8919 7.29735 30
      vertex -17.8108 7.29735 30
    endloop
  endfacet
  facet normal -1 0 0
    outer loop
      vertex -18.8919 6.75681 29.32
      vertex -18.8919 7.29735 30
      vertex -18.8919 7.29735 29.32
    endloop
  endfacet
  facet normal -1 0 0
    outer loop
      vertex -18.8919 6.75681 29.32
      vertex -18.8919 6.75681 30
      vertex -18.8919 7.29735 30
    endloop
  endfacet
  facet normal 0 1 0
    outer loop
      vertex -19.9729 6.75681 29.32
      vertex -18.8919 6.75681 30
      vertex -18.8919 6.75681 29.32
    endloop
  endfacet
  facet normal 0 1 0
    outer loop
      vertex -19.9729 6.75681 29.32
      vertex -19.9729 6.75681 30
      vertex -18.8919 6.75681 30
    endloop
  endfacet
  facet normal 1 0 0
    outer loop
      vertex -19.9729 7.29724 29.32
      vertex -19.9729 6.75681 30
      vertex -19.9729 6.75681 29.32
    endloop
  endfacet
  facet normal 1 0 -0
    outer loop
      vertex -19.9729 7.29724 29.32
      vertex -19.9729 7.29724 30
      vertex -19.9729 6.75681 30
    endloop
  endfacet
  facet normal 0 -1 0
    outer loop
      vertex -19.4324 7.29724 29.32
      vertex -19.9729 7.29724 30
      vertex -19.9729 7.29724 29.32
    endloop
  endfacet
  facet normal 0 -1 0
    outer loop
      vertex -19.4324 7.29724 29.32
      vertex -19.4324 7.29724 30
      vertex -19.9729 7.29724 30
    endloop
  endfacet
  facet normal 1 0 0
    outer loop
      vertex -19.4324 7.83778 29.32
      vertex -19.4324 7.29724 30
      vertex -19.4324 7.29724 29.32
    endloop
  endfacet
  facet normal 1 0 -0
    outer loop
      vertex -19.4324 7.83778 29.32
      vertex -19.4324 7.83778 30
      vertex -19.4324 7.29724 30
    endloop
  endfacet
  facet normal 0 -1 0
    outer loop
      vertex -18.8918 7.83778 29.32
      vertex -19.4324 7.83778 30
      vertex -19.4324 7.83778 29.32
    endloop
  endfacet
  facet normal 0 -1 0
    outer loop
      vertex -18.8918 7.83778 29.32
      vertex -18.8918 7.83778 30
      vertex -19.4324 7.83778 30
    endloop
  endfacet
  facet normal 1 0 0
    outer loop
      vertex -18.8918 8.37843 29.32
      vertex -18.8918 7.83778 30
      vertex -18.8918 7.83778 29.32
    endloop
  endfacet
  facet normal 1 0 -0
    outer loop
      vertex -18.8918 8.37843 29.32
      vertex -18.8918 8.37843 30
      vertex -18.8918 7.83778 30
    endloop
  endfacet
  facet normal 0 1 0
    outer loop
      vertex -19.4325 8.37843 29.32
      vertex -18.8918 8.37843 30
      vertex -18.8918 8.37843 29.32
    endloop
  endfacet
  facet normal 0 1 0
    outer loop
      vertex -19.4325 8.37843 29.32
      vertex -19.4325 8.37843 30
      vertex -18.8918 8.37843 30
    endloop
  endfacet
  facet normal -1 0 0
    outer loop
      vertex -19.4325 7.83789 29.32
      vertex -19.4325 8.37843 30
      vertex -19.4325 8.37843 29.32
    endloop
  endfacet
  facet normal -1 0 0
    outer loop
      vertex -19.4325 7.83789 29.32
      vertex -19.4325 7.83789 30
      vertex -19.4325 8.37843 30
    endloop
  endfacet
  facet normal 0 1 0
    outer loop
      vertex -19.9729 7.83789 29.32
      vertex -19.4325 7.83789 30
      vertex -19.4325 7.83789 29.32
    endloop
  endfacet
  facet normal 0 1 0
    outer loop
      vertex -19.9729 7.83789 29.32
      vertex -19.9729 7.83789 30
      vertex -19.4325 7.83789 30
    endloop
  endfacet
  facet normal 1 0 0
    outer loop
      vertex -19.9729 10 29.32
      vertex -19.9729 7.83789 30
      vertex -19.9729 7.83789 29.32
    endloop
  endfacet
  facet normal 1 0 -0
    outer loop
      vertex -19.9729 10 29.32
      vertex -19.9729 10 30
      vertex -19.9729 7.83789 30
    endloop
  endfacet
  facet normal 0 1 0
    outer loop
      vertex -21.0541 10 29.32
      vertex -19.9729 10 30
      vertex -19.9729 10 29.32
    endloop
  endfacet
  facet normal 0 1 0
    outer loop
      vertex -21.0541 10 29.32
      vertex -21.0541 10 30
      vertex -19.9729 10 30
    endloop
  endfacet
  facet normal -1 0 0
    outer loop
      vertex -21.0541 8.91886 29.32
      vertex -21.0541 10 30
      vertex -21.0541 10 29.32
    endloop
  endfacet
  facet normal -1 0 0
    outer loop
      vertex -21.0541 8.91886 29.32
      vertex -21.0541 8.91886 30
      vertex -21.0541 10 30
    endloop
  endfacet
  facet normal 0 -1 0
    outer loop
      vertex -20.5136 8.91886 29.32
      vertex -21.0541 8.91886 30
      vertex -21.0541 8.91886 29.32
    endloop
  endfacet
  facet normal 0 -1 0
    outer loop
      vertex -20.5136 8.91886 29.32
      vertex -20.5136 8.91886 30
      vertex -21.0541 8.91886 30
    endloop
  endfacet
  facet normal -1 0 0
    outer loop
      vertex -20.5136 8.37843 29.32
      vertex -20.5136 8.91886 30
      vertex -20.5136 8.91886 29.32
    endloop
  endfacet
  facet normal -1 0 0
    outer loop
      vertex -20.5136 8.37843 29.32
      vertex -20.5136 8.37843 30
      vertex -20.5136 8.91886 30
    endloop
  endfacet
  facet normal 0 1 0
    outer loop
      vertex -21.0541 8.37843 29.32
      vertex -20.5136 8.37843 30
      vertex -20.5136 8.37843 29.32
    endloop
  endfacet
  facet normal 0 1 0
    outer loop
      vertex -21.0541 8.37843 29.32
      vertex -21.0541 8.37843 30
      vertex -20.5136 8.37843 30
    endloop
  endfacet
  facet normal -1 0 0
    outer loop
      vertex -21.0541 7.83778 29.32
      vertex -21.0541 8.37843 30
      vertex -21.0541 8.37843 29.32
    endloop
  endfacet
  facet normal -1 0 0
    outer loop
      vertex -21.0541 7.83778 29.32
      vertex -21.0541 7.83778 30
      vertex -21.0541 8.37843 30
    endloop
  endfacet
  facet normal 0 -1 0
    outer loop
      vertex -19.973 7.83778 29.32
      vertex -21.0541 7.83778 30
      vertex -21.0541 7.83778 29.32
    endloop
  endfacet
  facet normal 0 -1 0
    outer loop
      vertex -19.973 7.83778 29.32
      vertex -19.973 7.83778 30
      vertex -21.0541 7.83778 30
    endloop
  endfacet
  facet normal -1 0 0
    outer loop
      vertex -19.973 7.29735 29.32
      vertex -19.973 7.83778 30
      vertex -19.973 7.83778 29.32
    endloop
  endfacet
  facet normal -1 0 0
    outer loop
      vertex -19.973 7.29735 29.32
      vertex -19.973 7.29735 30
      vertex -19.973 7.83778 30
    endloop
  endfacet
  facet normal 0 1 0
    outer loop
      vertex -20.5136 7.29735 29.32
      vertex -19.973 7.29735 30
      vertex -19.973 7.29735 29.32
    endloop
  endfacet
  facet normal 0 1 0
    outer loop
      vertex -20.5136 7.29735 29.32
      vertex -20.5136 7.29735 30
      vertex -19.973 7.29735 30
    endloop
  endfacet
  facet normal -1 0 0
    outer loop
      vertex -20.5136 6.75681 29.32
      vertex -20.5136 7.29735 30
      vertex -20.5136 7.29735 29.32
    endloop
  endfacet
  facet normal -1 0 0
    outer loop
      vertex -20.5136 6.75681 29.32
      vertex -20.5136 6.75681 30
      vertex -20.5136 7.29735 30
    endloop
  endfacet
  facet normal 0 1 0
    outer loop
      vertex -21.5945 6.75681 29.32
      vertex -20.5136 6.75681 30
      vertex -20.5136 6.75681 29.32
    endloop
  endfacet
  facet normal 0 1 0
    outer loop
      vertex -21.5945 6.75681 29.32
      vertex -21.5945 6.75681 30
      vertex -20.5136 6.75681 30
    endloop
  endfacet
  facet normal 1 0 0
    outer loop
      vertex -21.5945 7.29735 29.32
      vertex -21.5945 6.75681 30
      vertex -21.5945 6.75681 29.32
    endloop
  endfacet
  facet normal 1 0 -0
    outer loop
      vertex -21.5945 7.29735 29.32
      vertex -21.5945 7.29735 30
      vertex -21.5945 6.75681 30
    endloop
  endfacet
  facet normal 0 1 0
    outer loop
      vertex -22.1351 7.29735 29.32
      vertex -21.5945 7.29735 30
      vertex -21.5945 7.29735 29.32
    endloop
  endfacet
  facet normal 0 1 0
    outer loop
      vertex -22.1351 7.29735 29.32
      vertex -22.1351 7.29735 30
      vertex -21.5945 7.29735 30
    endloop
  endfacet
  facet normal 1 0 0
    outer loop
      vertex -22.1351 7.83789 29.32
      vertex -22.1351 7.29735 30
      vertex -22.1351 7.29735 29.32
    endloop
  endfacet
  facet normal 1 0 -0
    outer loop
      vertex -22.1351 7.83789 29.32
      vertex -22.1351 7.83789 30
      vertex -22.1351 7.29735 30
    endloop
  endfacet
  facet normal 0 1 0
    outer loop
      vertex -22.6757 7.83789 29.32
      vertex -22.1351 7.83789 30
      vertex -22.1351 7.83789 29.32
    endloop
  endfacet
  facet normal 0 1 0
    outer loop
      vertex -22.6757 7.83789 29.32
      vertex -22.6757 7.83789 30
      vertex -22.1351 7.83789 30
    endloop
  endfacet
  facet normal -1 0 0
    outer loop
      vertex -22.6757 7.29724 29.32
      vertex -22.6757 7.83789 30
      vertex -22.6757 7.83789 29.32
    endloop
  endfacet
  facet normal -1 0 0
    outer loop
      vertex -22.6757 7.29724 29.32
      vertex -22.6757 7.29724 30
      vertex -22.6757 7.83789 30
    endloop
  endfacet
  facet normal 0 -1 0
    outer loop
      vertex -22.1352 7.29724 29.32
      vertex -22.6757 7.29724 30
      vertex -22.6757 7.29724 29.32
    endloop
  endfacet
  facet normal 0 -1 0
    outer loop
      vertex -22.1352 7.29724 29.32
      vertex -22.1352 7.29724 30
      vertex -22.6757 7.29724 30
    endloop
  endfacet
  facet normal -1 0 0
    outer loop
      vertex -22.1352 6.21616 29.32
      vertex -22.1352 7.29724 30
      vertex -22.1352 7.29724 29.32
    endloop
  endfacet
  facet normal -1 0 0
    outer loop
      vertex -22.1352 6.21616 29.32
      vertex -22.1352 6.21616 30
      vertex -22.1352 7.29724 30
    endloop
  endfacet
  facet normal 0 -1 0
    outer loop
      vertex -21.0541 6.21616 29.32
      vertex -22.1352 6.21616 30
      vertex -22.1352 6.21616 29.32
    endloop
  endfacet
  facet normal 0 -1 0
    outer loop
      vertex -21.0541 6.21616 29.32
      vertex -21.0541 6.21616 30
      vertex -22.1352 6.21616 30
    endloop
  endfacet
  facet normal -1 0 0
    outer loop
      vertex -21.0541 5.67562 29.32
      vertex -21.0541 6.21616 30
      vertex -21.0541 6.21616 29.32
    endloop
  endfacet
  facet normal -1 0 0
    outer loop
      vertex -21.0541 5.67562 29.32
      vertex -21.0541 5.67562 30
      vertex -21.0541 6.21616 30
    endloop
  endfacet
  facet normal 0 -1 0
    outer loop
      vertex -19.9729 5.67562 29.32
      vertex -21.0541 5.67562 30
      vertex -21.0541 5.67562 29.32
    endloop
  endfacet
  facet normal 0 -1 0
    outer loop
      vertex -19.9729 5.67562 29.32
      vertex -19.9729 5.67562 30
      vertex -21.0541 5.67562 30
    endloop
  endfacet
  facet normal 1 0 0
    outer loop
      vertex -19.9729 6.21616 29.32
      vertex -19.9729 5.67562 30
      vertex -19.9729 5.67562 29.32
    endloop
  endfacet
  facet normal 1 0 -0
    outer loop
      vertex -19.9729 6.21616 29.32
      vertex -19.9729 6.21616 30
      vertex -19.9729 5.67562 30
    endloop
  endfacet
  facet normal 0 -1 0
    outer loop
      vertex -19.4325 6.21616 29.32
      vertex -19.9729 6.21616 30
      vertex -19.9729 6.21616 29.32
    endloop
  endfacet
  facet normal 0 -1 0
    outer loop
      vertex -19.4325 6.21616 29.32
      vertex -19.4325 6.21616 30
      vertex -19.9729 6.21616 30
    endloop
  endfacet
  facet normal -1 0 0
    outer loop
      vertex -19.4325 5.13518 29.32
      vertex -19.4325 6.21616 30
      vertex -19.4325 6.21616 29.32
    endloop
  endfacet
  facet normal -1 0 0
    outer loop
      vertex -19.4325 5.13518 29.32
      vertex -19.4325 5.13518 30
      vertex -19.4325 6.21616 30
    endloop
  endfacet
  facet normal 0 1 0
    outer loop
      vertex -19.973 5.13518 29.32
      vertex -19.4325 5.13518 30
      vertex -19.4325 5.13518 29.32
    endloop
  endfacet
  facet normal 0 1 0
    outer loop
      vertex -19.973 5.13518 29.32
      vertex -19.973 5.13518 30
      vertex -19.4325 5.13518 30
    endloop
  endfacet
  facet normal -1 0 0
    outer loop
      vertex -19.973 4.59454 29.32
      vertex -19.973 5.13518 30
      vertex -19.973 5.13518 29.32
    endloop
  endfacet
  facet normal -1 0 0
    outer loop
      vertex -19.973 4.59454 29.32
      vertex -19.973 4.59454 30
      vertex -19.973 5.13518 30
    endloop
  endfacet
  facet normal 0 -1 0
    outer loop
      vertex -19.4325 4.59454 29.32
      vertex -19.973 4.59454 30
      vertex -19.973 4.59454 29.32
    endloop
  endfacet
  facet normal 0 -1 0
    outer loop
      vertex -19.4325 4.59454 29.32
      vertex -19.4325 4.59454 30
      vertex -19.973 4.59454 30
    endloop
  endfacet
  facet normal -1 0 0
    outer loop
      vertex -19.4325 4.0541 29.32
      vertex -19.4325 4.59454 30
      vertex -19.4325 4.59454 29.32
    endloop
  endfacet
  facet normal -1 0 0
    outer loop
      vertex -19.4325 4.0541 29.32
      vertex -19.4325 4.0541 30
      vertex -19.4325 4.59454 30
    endloop
  endfacet
  facet normal 0 1 0
    outer loop
      vertex -19.973 4.0541 29.32
      vertex -19.4325 4.0541 30
      vertex -19.4325 4.0541 29.32
    endloop
  endfacet
  facet normal 0 1 0
    outer loop
      vertex -19.973 4.0541 29.32
      vertex -19.973 4.0541 30
      vertex -19.4325 4.0541 30
    endloop
  endfacet
  facet normal -1 0 0
    outer loop
      vertex -19.973 2.97292 29.32
      vertex -19.973 4.0541 30
      vertex -19.973 4.0541 29.32
    endloop
  endfacet
  facet normal -1 0 0
    outer loop
      vertex -19.973 2.97292 29.32
      vertex -19.973 2.97292 30
      vertex -19.973 4.0541 30
    endloop
  endfacet
  facet normal 0 -1 0
    outer loop
      vertex -19.4325 2.97292 29.32
      vertex -19.973 2.97292 30
      vertex -19.973 2.97292 29.32
    endloop
  endfacet
  facet normal 0 -1 0
    outer loop
      vertex -19.4325 2.97292 29.32
      vertex -19.4325 2.97292 30
      vertex -19.973 2.97292 30
    endloop
  endfacet
  facet normal -1 0 0
    outer loop
      vertex -19.4325 2.43248 29.32
      vertex -19.4325 2.97292 30
      vertex -19.4325 2.97292 29.32
    endloop
  endfacet
  facet normal -1 0 0
    outer loop
      vertex -19.4325 2.43248 29.32
      vertex -19.4325 2.43248 30
      vertex -19.4325 2.97292 30
    endloop
  endfacet
  facet normal 0 1 0
    outer loop
      vertex -20.5136 2.43248 29.32
      vertex -19.4325 2.43248 30
      vertex -19.4325 2.43248 29.32
    endloop
  endfacet
  facet normal 0 1 0
    outer loop
      vertex -20.5136 2.43248 29.32
      vertex -20.5136 2.43248 30
      vertex -19.4325 2.43248 30
    endloop
  endfacet
  facet normal -1 0 0
    outer loop
      vertex -20.5136 1.89183 29.32
      vertex -20.5136 2.43248 30
      vertex -20.5136 2.43248 29.32
    endloop
  endfacet
  facet normal -1 0 0
    outer loop
      vertex -20.5136 1.89183 29.32
      vertex -20.5136 1.89183 30
      vertex -20.5136 2.43248 30
    endloop
  endfacet
  facet normal 0 -1 0
    outer loop
      vertex -19.973 1.89183 29.32
      vertex -20.5136 1.89183 30
      vertex -20.5136 1.89183 29.32
    endloop
  endfacet
  facet normal 0 -1 0
    outer loop
      vertex -19.973 1.89183 29.32
      vertex -19.973 1.89183 30
      vertex -20.5136 1.89183 30
    endloop
  endfacet
  facet normal -1 0 0
    outer loop
      vertex -19.973 1.35129 29.32
      vertex -19.973 1.89183 30
      vertex -19.973 1.89183 29.32
    endloop
  endfacet
  facet normal -1 0 0
    outer loop
      vertex -19.973 1.35129 29.32
      vertex -19.973 1.35129 30
      vertex -19.973 1.89183 30
    endloop
  endfacet
  facet normal 0 -1 0
    outer loop
      vertex -19.4325 1.35129 29.32
      vertex -19.973 1.35129 30
      vertex -19.973 1.35129 29.32
    endloop
  endfacet
  facet normal 0 -1 0
    outer loop
      vertex -19.4325 1.35129 29.32
      vertex -19.4325 1.35129 30
      vertex -19.973 1.35129 30
    endloop
  endfacet
  facet normal -1 0 0
    outer loop
      vertex -19.4325 0.81086 29.32
      vertex -19.4325 1.35129 30
      vertex -19.4325 1.35129 29.32
    endloop
  endfacet
  facet normal -1 0 0
    outer loop
      vertex -19.4325 0.81086 29.32
      vertex -19.4325 0.81086 30
      vertex -19.4325 1.35129 30
    endloop
  endfacet
  facet normal 0 1 0
    outer loop
      vertex -19.973 0.81086 29.32
      vertex -19.4325 0.81086 30
      vertex -19.4325 0.81086 29.32
    endloop
  endfacet
  facet normal 0 1 0
    outer loop
      vertex -19.973 0.81086 29.32
      vertex -19.973 0.81086 30
      vertex -19.4325 0.81086 30
    endloop
  endfacet
  facet normal -1 0 0
    outer loop
      vertex -19.973 -0.270328 29.32
      vertex -19.973 0.81086 30
      vertex -19.973 0.81086 29.32
    endloop
  endfacet
  facet normal -1 0 0
    outer loop
      vertex -19.973 -0.270328 29.32
      vertex -19.973 -0.270328 30
      vertex -19.973 0.81086 30
    endloop
  endfacet
  facet normal 0 -1 0
    outer loop
      vertex -19.4325 -0.270328 29.32
      vertex -19.973 -0.270328 30
      vertex -19.973 -0.270328 29.32
    endloop
  endfacet
  facet normal 0 -1 0
    outer loop
      vertex -19.4325 -0.270328 29.32
      vertex -19.4325 -0.270328 30
      vertex -19.973 -0.270328 30
    endloop
  endfacet
  facet normal -1 0 0
    outer loop
      vertex -19.4325 -1.3513 29.32
      vertex -19.4325 -0.270328 30
      vertex -19.4325 -0.270328 29.32
    endloop
  endfacet
  facet normal -1 0 0
    outer loop
      vertex -19.4325 -1.3513 29.32
      vertex -19.4325 -1.3513 30
      vertex -19.4325 -0.270328 30
    endloop
  endfacet
  facet normal 0 1 0
    outer loop
      vertex -20.5135 -1.3513 29.32
      vertex -19.4325 -1.3513 30
      vertex -19.4325 -1.3513 29.32
    endloop
  endfacet
  facet normal 0 1 0
    outer loop
      vertex -20.5135 -1.3513 29.32
      vertex -20.5135 -1.3513 30
      vertex -19.4325 -1.3513 30
    endloop
  endfacet
  facet normal 1 0 0
    outer loop
      vertex -20.5135 -0.270221 29.32
      vertex -20.5135 -1.3513 30
      vertex -20.5135 -1.3513 29.32
    endloop
  endfacet
  facet normal 1 0 -0
    outer loop
      vertex -20.5135 -0.270221 29.32
      vertex -20.5135 -0.270221 30
      vertex -20.5135 -1.3513 30
    endloop
  endfacet
  facet normal 0 1 0
    outer loop
      vertex -21.5945 -0.270221 29.32
      vertex -20.5135 -0.270221 30
      vertex -20.5135 -0.270221 29.32
    endloop
  endfacet
  facet normal 0 1 0
    outer loop
      vertex -21.5945 -0.270221 29.32
      vertex -21.5945 -0.270221 30
      vertex -20.5135 -0.270221 30
    endloop
  endfacet
  facet normal 1 0 0
    outer loop
      vertex -21.5945 0.81086 29.32
      vertex -21.5945 -0.270221 30
      vertex -21.5945 -0.270221 29.32
    endloop
  endfacet
  facet normal 1 0 -0
    outer loop
      vertex -21.5945 0.81086 29.32
      vertex -21.5945 0.81086 30
      vertex -21.5945 -0.270221 30
    endloop
  endfacet
  facet normal 0 1 0
    outer loop
      vertex -22.1352 0.81086 29.32
      vertex -21.5945 0.81086 30
      vertex -21.5945 0.81086 29.32
    endloop
  endfacet
  facet normal 0 1 0
    outer loop
      vertex -22.1352 0.81086 29.32
      vertex -22.1352 0.81086 30
      vertex -21.5945 0.81086 30
    endloop
  endfacet
  facet normal -1 0 0
    outer loop
      vertex -22.1352 0.27032 29.32
      vertex -22.1352 0.81086 30
      vertex -22.1352 0.81086 29.32
    endloop
  endfacet
  facet normal -1 0 0
    outer loop
      vertex -22.1352 0.27032 29.32
      vertex -22.1352 0.27032 30
      vertex -22.1352 0.81086 30
    endloop
  endfacet
  facet normal 0 1 0
    outer loop
      vertex -23.7567 0.27032 29.32
      vertex -22.1352 0.27032 30
      vertex -22.1352 0.27032 29.32
    endloop
  endfacet
  facet normal 0 1 0
    outer loop
      vertex -23.7567 0.27032 29.32
      vertex -23.7567 0.27032 30
      vertex -22.1352 0.27032 30
    endloop
  endfacet
  facet normal 1 0 0
    outer loop
      vertex -23.7567 0.810753 29.32
      vertex -23.7567 0.27032 30
      vertex -23.7567 0.27032 29.32
    endloop
  endfacet
  facet normal 1 0 -0
    outer loop
      vertex -23.7567 0.810753 29.32
      vertex -23.7567 0.810753 30
      vertex -23.7567 0.27032 30
    endloop
  endfacet
  facet normal 0 1 0
    outer loop
      vertex -23.7567 -0.810761 29.32
      vertex -23.7567 -0.810761 30
      vertex -23.2163 -0.810761 29.32
    endloop
  endfacet
  facet normal 0 1 0
    outer loop
      vertex -23.2163 -0.810761 30
      vertex -23.2163 -0.810761 29.32
      vertex -23.7567 -0.810761 30
    endloop
  endfacet
  facet normal 1 0 -0
    outer loop
      vertex -23.7567 -0.270328 29.32
      vertex -23.7567 -0.270328 30
      vertex -23.7567 -0.810761 29.32
    endloop
  endfacet
  facet normal 1 -0 0
    outer loop
      vertex -23.7567 -0.810761 30
      vertex -23.7567 -0.810761 29.32
      vertex -23.7567 -0.270328 30
    endloop
  endfacet
  facet normal 0 -1 0
    outer loop
      vertex -23.2163 -0.270328 29.32
      vertex -23.2163 -0.270328 30
      vertex -23.7567 -0.270328 29.32
    endloop
  endfacet
  facet normal 0 -1 0
    outer loop
      vertex -23.7567 -0.270328 30
      vertex -23.7567 -0.270328 29.32
      vertex -23.2163 -0.270328 30
    endloop
  endfacet
  facet normal -1 0 0
    outer loop
      vertex -23.2163 -0.810761 29.32
      vertex -23.2163 -0.810761 30
      vertex -23.2163 -0.270328 29.32
    endloop
  endfacet
  facet normal -1 -0 -0
    outer loop
      vertex -23.2163 -0.270328 30
      vertex -23.2163 -0.270328 29.32
      vertex -23.2163 -0.810761 30
    endloop
  endfacet
  facet normal 0 1 0
    outer loop
      vertex -22.6756 -0.810761 29.32
      vertex -22.6756 -0.810761 30
      vertex -22.1352 -0.810761 29.32
    endloop
  endfacet
  facet normal 0 1 0
    outer loop
      vertex -22.1352 -0.810761 30
      vertex -22.1352 -0.810761 29.32
      vertex -22.6756 -0.810761 30
    endloop
  endfacet
  facet normal 1 0 -0
    outer loop
      vertex -22.6756 -0.270328 29.32
      vertex -22.6756 -0.270328 30
      vertex -22.6756 -0.810761 29.32
    endloop
  endfacet
  facet normal 1 -0 0
    outer loop
      vertex -22.6756 -0.810761 30
      vertex -22.6756 -0.810761 29.32
      vertex -22.6756 -0.270328 30
    endloop
  endfacet
  facet normal 0 -1 0
    outer loop
      vertex -22.1352 -0.270328 29.32
      vertex -22.1352 -0.270328 30
      vertex -22.6756 -0.270328 29.32
    endloop
  endfacet
  facet normal 0 -1 0
    outer loop
      vertex -22.6756 -0.270328 30
      vertex -22.6756 -0.270328 29.32
      vertex -22.1352 -0.270328 30
    endloop
  endfacet
  facet normal -1 0 0
    outer loop
      vertex -22.1352 -0.810761 29.32
      vertex -22.1352 -0.810761 30
      vertex -22.1352 -0.270328 29.32
    endloop
  endfacet
  facet normal -1 -0 -0
    outer loop
      vertex -22.1352 -0.270328 30
      vertex -22.1352 -0.270328 29.32
      vertex -22.1352 -0.810761 30
    endloop
  endfacet
  facet normal 0 1 0
    outer loop
      vertex -22.1351 -2.43238 29.32
      vertex -22.1351 -2.43238 30
      vertex -21.5946 -2.43238 29.32
    endloop
  endfacet
  facet normal 0 1 0
    outer loop
      vertex -21.5946 -2.43238 30
      vertex -21.5946 -2.43238 29.32
      vertex -22.1351 -2.43238 30
    endloop
  endfacet
  facet normal 1 0 -0
    outer loop
      vertex -22.1351 -1.89195 29.32
      vertex -22.1351 -1.89195 30
      vertex -22.1351 -2.43238 29.32
    endloop
  endfacet
  facet normal 1 -0 0
    outer loop
      vertex -22.1351 -2.43238 30
      vertex -22.1351 -2.43238 29.32
      vertex -22.1351 -1.89195 30
    endloop
  endfacet
  facet normal 0 -1 0
    outer loop
      vertex -21.5946 -1.89195 29.32
      vertex -21.5946 -1.89195 30
      vertex -22.1351 -1.89195 29.32
    endloop
  endfacet
  facet normal 0 -1 0
    outer loop
      vertex -22.1351 -1.89195 30
      vertex -22.1351 -1.89195 29.32
      vertex -21.5946 -1.89195 30
    endloop
  endfacet
  facet normal -1 0 0
    outer loop
      vertex -21.5946 -2.43238 29.32
      vertex -21.5946 -2.43238 30
      vertex -21.5946 -1.89195 29.32
    endloop
  endfacet
  facet normal -1 -0 -0
    outer loop
      vertex -21.5946 -1.89195 30
      vertex -21.5946 -1.89195 29.32
      vertex -21.5946 -2.43238 30
    endloop
  endfacet
  facet normal -1 0 0
    outer loop
      vertex -20.5136 -7.83779 29.32
      vertex -20.5136 -7.83779 30
      vertex -20.5136 -7.29725 29.32
    endloop
  endfacet
  facet normal -1 -0 -0
    outer loop
      vertex -20.5136 -7.29725 30
      vertex -20.5136 -7.29725 29.32
      vertex -20.5136 -7.83779 30
    endloop
  endfacet
  facet normal 0 1 0
    outer loop
      vertex -21.054 -7.83779 29.32
      vertex -21.054 -7.83779 30
      vertex -20.5136 -7.83779 29.32
    endloop
  endfacet
  facet normal 0 1 0
    outer loop
      vertex -20.5136 -7.83779 30
      vertex -20.5136 -7.83779 29.32
      vertex -21.054 -7.83779 30
    endloop
  endfacet
  facet normal 1 0 -0
    outer loop
      vertex -21.054 -6.21627 29.32
      vertex -21.054 -6.21627 30
      vertex -21.054 -7.83779 29.32
    endloop
  endfacet
  facet normal 1 -0 0
    outer loop
      vertex -21.054 -7.83779 30
      vertex -21.054 -7.83779 29.32
      vertex -21.054 -6.21627 30
    endloop
  endfacet
  facet normal 0 -1 0
    outer loop
      vertex -20.5136 -6.21627 29.32
      vertex -20.5136 -6.21627 30
      vertex -21.054 -6.21627 29.32
    endloop
  endfacet
  facet normal 0 -1 0
    outer loop
      vertex -21.054 -6.21627 30
      vertex -21.054 -6.21627 29.32
      vertex -20.5136 -6.21627 30
    endloop
  endfacet
  facet normal -1 0 0
    outer loop
      vertex -20.5136 -6.75681 29.32
      vertex -20.5136 -6.75681 30
      vertex -20.5136 -6.21627 29.32
    endloop
  endfacet
  facet normal -1 -0 -0
    outer loop
      vertex -20.5136 -6.21627 30
      vertex -20.5136 -6.21627 29.32
      vertex -20.5136 -6.75681 30
    endloop
  endfacet
  facet normal 0 -1 0
    outer loop
      vertex -19.9729 -6.75681 29.32
      vertex -19.9729 -6.75681 30
      vertex -20.5136 -6.75681 29.32
    endloop
  endfacet
  facet normal 0 -1 0
    outer loop
      vertex -20.5136 -6.75681 30
      vertex -20.5136 -6.75681 29.32
      vertex -19.9729 -6.75681 30
    endloop
  endfacet
  facet normal 1 0 -0
    outer loop
      vertex -19.9729 -5.67573 29.32
      vertex -19.9729 -5.67573 30
      vertex -19.9729 -6.75681 29.32
    endloop
  endfacet
  facet normal 1 -0 0
    outer loop
      vertex -19.9729 -6.75681 30
      vertex -19.9729 -6.75681 29.32
      vertex -19.9729 -5.67573 30
    endloop
  endfacet
  facet normal 0 -1 0
    outer loop
      vertex -18.8919 -5.67573 29.32
      vertex -18.8919 -5.67573 30
      vertex -19.9729 -5.67573 29.32
    endloop
  endfacet
  facet normal 0 -1 0
    outer loop
      vertex -19.9729 -5.67573 30
      vertex -19.9729 -5.67573 29.32
      vertex -18.8919 -5.67573 30
    endloop
  endfacet
  facet normal -1 0 0
    outer loop
      vertex -18.8919 -6.21617 29.32
      vertex -18.8919 -6.21617 30
      vertex -18.8919 -5.67573 29.32
    endloop
  endfacet
  facet normal -1 -0 -0
    outer loop
      vertex -18.8919 -5.67573 30
      vertex -18.8919 -5.67573 29.32
      vertex -18.8919 -6.21617 30
    endloop
  endfacet
  facet normal 0 1 0
    outer loop
      vertex -19.4325 -6.21617 29.32
      vertex -19.4325 -6.21617 30
      vertex -18.8919 -6.21617 29.32
    endloop
  endfacet
  facet normal 0 1 0
    outer loop
      vertex -18.8919 -6.21617 30
      vertex -18.8919 -6.21617 29.32
      vertex -19.4325 -6.21617 30
    endloop
  endfacet
  facet normal -1 0 0
    outer loop
      vertex -19.4325 -6.75681 29.32
      vertex -19.4325 -6.75681 30
      vertex -19.4325 -6.21617 29.32
    endloop
  endfacet
  facet normal -1 -0 -0
    outer loop
      vertex -19.4325 -6.21617 30
      vertex -19.4325 -6.21617 29.32
      vertex -19.4325 -6.75681 30
    endloop
  endfacet
  facet normal 0 -1 0
    outer loop
      vertex -18.8918 -6.75681 29.32
      vertex -18.8918 -6.75681 30
      vertex -19.4325 -6.75681 29.32
    endloop
  endfacet
  facet normal 0 -1 0
    outer loop
      vertex -19.4325 -6.75681 30
      vertex -19.4325 -6.75681 29.32
      vertex -18.8918 -6.75681 30
    endloop
  endfacet
  facet normal 1 0 -0
    outer loop
      vertex -18.8918 -6.21627 29.32
      vertex -18.8918 -6.21627 30
      vertex -18.8918 -6.75681 29.32
    endloop
  endfacet
  facet normal 1 -0 0
    outer loop
      vertex -18.8918 -6.75681 30
      vertex -18.8918 -6.75681 29.32
      vertex -18.8918 -6.21627 30
    endloop
  endfacet
  facet normal 0 -1 0
    outer loop
      vertex -18.3514 -6.21627 29.32
      vertex -18.3514 -6.21627 30
      vertex -18.8918 -6.21627 29.32
    endloop
  endfacet
  facet normal 0 -1 0
    outer loop
      vertex -18.8918 -6.21627 30
      vertex -18.8918 -6.21627 29.32
      vertex -18.3514 -6.21627 30
    endloop
  endfacet
  facet normal -1 0 0
    outer loop
      vertex -18.3514 -7.29725 29.32
      vertex -18.3514 -7.29725 30
      vertex -18.3514 -6.21627 29.32
    endloop
  endfacet
  facet normal -1 -0 -0
    outer loop
      vertex -18.3514 -6.21627 30
      vertex -18.3514 -6.21627 29.32
      vertex -18.3514 -7.29725 30
    endloop
  endfacet
  facet normal 0 1 0
    outer loop
      vertex -20.5136 -7.29725 29.32
      vertex -20.5136 -7.29725 30
      vertex -18.3514 -7.29725 29.32
    endloop
  endfacet
  facet normal 0 1 0
    outer loop
      vertex -18.3514 -7.29725 30
      vertex -18.3514 -7.29725 29.32
      vertex -20.5136 -7.29725 30
    endloop
  endfacet
  facet normal 0 1 0
    outer loop
      vertex -20.5136 -2.97292 29.32
      vertex -20.5136 -2.97292 30
      vertex -19.973 -2.97292 29.32
    endloop
  endfacet
  facet normal 0 1 0
    outer loop
      vertex -19.973 -2.97292 30
      vertex -19.973 -2.97292 29.32
      vertex -20.5136 -2.97292 30
    endloop
  endfacet
  facet normal -1 0 0
    outer loop
      vertex -20.5136 -3.51346 29.32
      vertex -20.5136 -3.51346 30
      vertex -20.5136 -2.97292 29.32
    endloop
  endfacet
  facet normal -1 -0 -0
    outer loop
      vertex -20.5136 -2.97292 30
      vertex -20.5136 -2.97292 29.32
      vertex -20.5136 -3.51346 30
    endloop
  endfacet
  facet normal 0 1 0
    outer loop
      vertex -21.054 -3.51346 29.32
      vertex -21.054 -3.51346 30
      vertex -20.5136 -3.51346 29.32
    endloop
  endfacet
  facet normal 0 1 0
    outer loop
      vertex -20.5136 -3.51346 30
      vertex -20.5136 -3.51346 29.32
      vertex -21.054 -3.51346 30
    endloop
  endfacet
  facet normal 1 0 -0
    outer loop
      vertex -21.054 -1.35141 29.32
      vertex -21.054 -1.35141 30
      vertex -21.054 -3.51346 29.32
    endloop
  endfacet
  facet normal 1 -0 0
    outer loop
      vertex -21.054 -3.51346 30
      vertex -21.054 -3.51346 29.32
      vertex -21.054 -1.35141 30
    endloop
  endfacet
  facet normal 0 -1 0
    outer loop
      vertex -20.5136 -1.35141 29.32
      vertex -20.5136 -1.35141 30
      vertex -21.054 -1.35141 29.32
    endloop
  endfacet
  facet normal 0 -1 0
    outer loop
      vertex -21.054 -1.35141 30
      vertex -21.054 -1.35141 29.32
      vertex -20.5136 -1.35141 30
    endloop
  endfacet
  facet normal -1 0 0
    outer loop
      vertex -20.5136 -1.89195 29.32
      vertex -20.5136 -1.89195 30
      vertex -20.5136 -1.35141 29.32
    endloop
  endfacet
  facet normal -1 -0 -0
    outer loop
      vertex -20.5136 -1.35141 30
      vertex -20.5136 -1.35141 29.32
      vertex -20.5136 -1.89195 30
    endloop
  endfacet
  facet normal 0 -1 0
    outer loop
      vertex -19.973 -1.89195 29.32
      vertex -19.973 -1.89195 30
      vertex -20.5136 -1.89195 29.32
    endloop
  endfacet
  facet normal 0 -1 0
    outer loop
      vertex -20.5136 -1.89195 30
      vertex -20.5136 -1.89195 29.32
      vertex -19.973 -1.89195 30
    endloop
  endfacet
  facet normal -1 0 0
    outer loop
      vertex -19.973 -2.97292 29.32
      vertex -19.973 -2.97292 30
      vertex -19.973 -1.89195 29.32
    endloop
  endfacet
  facet normal -1 -0 -0
    outer loop
      vertex -19.973 -1.89195 30
      vertex -19.973 -1.89195 29.32
      vertex -19.973 -2.97292 30
    endloop
  endfacet
  facet normal 0 1 0
    outer loop
      vertex -21.054 -5.67563 29.32
      vertex -21.054 -5.67563 30
      vertex -20.5136 -5.67563 29.32
    endloop
  endfacet
  facet normal 0 1 0
    outer loop
      vertex -20.5136 -5.67563 30
      vertex -20.5136 -5.67563 29.32
      vertex -21.054 -5.67563 30
    endloop
  endfacet
  facet normal 1 0 -0
    outer loop
      vertex -21.054 -5.13519 29.32
      vertex -21.054 -5.13519 30
      vertex -21.054 -5.67563 29.32
    endloop
  endfacet
  facet normal 1 -0 0
    outer loop
      vertex -21.054 -5.67563 30
      vertex -21.054 -5.67563 29.32
      vertex -21.054 -5.13519 30
    endloop
  endfacet
  facet normal 0 -1 0
    outer loop
      vertex -20.5136 -5.13519 29.32
      vertex -20.5136 -5.13519 30
      vertex -21.054 -5.13519 29.32
    endloop
  endfacet
  facet normal 0 -1 0
    outer loop
      vertex -21.054 -5.13519 30
      vertex -21.054 -5.13519 29.32
      vertex -20.5136 -5.13519 30
    endloop
  endfacet
  facet normal -1 0 0
    outer loop
      vertex -20.5136 -5.67563 29.32
      vertex -20.5136 -5.67563 30
      vertex -20.5136 -5.13519 29.32
    endloop
  endfacet
  facet normal -1 -0 -0
    outer loop
      vertex -20.5136 -5.13519 30
      vertex -20.5136 -5.13519 29.32
      vertex -20.5136 -5.67563 30
    endloop
  endfacet
  facet normal 0 1 0
    outer loop
      vertex -20.5135 6.21627 29.32
      vertex -20.5135 6.21627 30
      vertex -19.973 6.21627 29.32
    endloop
  endfacet
  facet normal 0 1 0
    outer loop
      vertex -19.973 6.21627 30
      vertex -19.973 6.21627 29.32
      vertex -20.5135 6.21627 30
    endloop
  endfacet
  facet normal 1 0 -0
    outer loop
      vertex -20.5135 6.7567 29.32
      vertex -20.5135 6.7567 30
      vertex -20.5135 6.21627 29.32
    endloop
  endfacet
  facet normal 1 -0 0
    outer loop
      vertex -20.5135 6.21627 30
      vertex -20.5135 6.21627 29.32
      vertex -20.5135 6.7567 30
    endloop
  endfacet
  facet normal 0 -1 0
    outer loop
      vertex -19.973 6.7567 29.32
      vertex -19.973 6.7567 30
      vertex -20.5135 6.7567 29.32
    endloop
  endfacet
  facet normal 0 -1 0
    outer loop
      vertex -20.5135 6.7567 30
      vertex -20.5135 6.7567 29.32
      vertex -19.973 6.7567 30
    endloop
  endfacet
  facet normal -1 0 0
    outer loop
      vertex -19.973 6.21627 29.32
      vertex -19.973 6.21627 30
      vertex -19.973 6.7567 29.32
    endloop
  endfacet
  facet normal -1 -0 -0
    outer loop
      vertex -19.973 6.7567 30
      vertex -19.973 6.7567 29.32
      vertex -19.973 6.21627 30
    endloop
  endfacet
  facet normal 0 1 0
    outer loop
      vertex -18.8919 -4.054 29.32
      vertex -18.8919 -4.054 30
      vertex -18.3514 -4.054 29.32
    endloop
  endfacet
  facet normal 0 1 0
    outer loop
      vertex -18.3514 -4.054 30
      vertex -18.3514 -4.054 29.32
      vertex -18.8919 -4.054 30
    endloop
  endfacet
  facet normal -1 0 0
    outer loop
      vertex -18.8919 -4.59454 29.32
      vertex -18.8919 -4.59454 30
      vertex -18.8919 -4.054 29.32
    endloop
  endfacet
  facet normal -1 -0 -0
    outer loop
      vertex -18.8919 -4.054 30
      vertex -18.8919 -4.054 29.32
      vertex -18.8919 -4.59454 30
    endloop
  endfacet
  facet normal 0 1 0
    outer loop
      vertex -19.4324 -4.59454 29.32
      vertex -19.4324 -4.59454 30
      vertex -18.8919 -4.59454 29.32
    endloop
  endfacet
  facet normal 0 1 0
    outer loop
      vertex -18.8919 -4.59454 30
      vertex -18.8919 -4.59454 29.32
      vertex -19.4324 -4.59454 30
    endloop
  endfacet
  facet normal 1 0 -0
    outer loop
      vertex -19.4324 -4.054 29.32
      vertex -19.4324 -4.054 30
      vertex -19.4324 -4.59454 29.32
    endloop
  endfacet
  facet normal 1 -0 0
    outer loop
      vertex -19.4324 -4.59454 30
      vertex -19.4324 -4.59454 29.32
      vertex -19.4324 -4.054 30
    endloop
  endfacet
  facet normal 0 1 0
    outer loop
      vertex -20.5135 -4.054 29.32
      vertex -20.5135 -4.054 30
      vertex -19.4324 -4.054 29.32
    endloop
  endfacet
  facet normal 0 1 0
    outer loop
      vertex -19.4324 -4.054 30
      vertex -19.4324 -4.054 29.32
      vertex -20.5135 -4.054 30
    endloop
  endfacet
  facet normal 1 0 -0
    outer loop
      vertex -20.5135 -3.51357 29.32
      vertex -20.5135 -3.51357 30
      vertex -20.5135 -4.054 29.32
    endloop
  endfacet
  facet normal 1 -0 0
    outer loop
      vertex -20.5135 -4.054 30
      vertex -20.5135 -4.054 29.32
      vertex -20.5135 -3.51357 30
    endloop
  endfacet
  facet normal 0 -1 0
    outer loop
      vertex -19.4324 -3.51357 29.32
      vertex -19.4324 -3.51357 30
      vertex -20.5135 -3.51357 29.32
    endloop
  endfacet
  facet normal 0 -1 0
    outer loop
      vertex -20.5135 -3.51357 30
      vertex -20.5135 -3.51357 29.32
      vertex -19.4324 -3.51357 30
    endloop
  endfacet
  facet normal 1 0 -0
    outer loop
      vertex -19.4324 -2.97303 29.32
      vertex -19.4324 -2.97303 30
      vertex -19.4324 -3.51357 29.32
    endloop
  endfacet
  facet normal 1 -0 0
    outer loop
      vertex -19.4324 -3.51357 30
      vertex -19.4324 -3.51357 29.32
      vertex -19.4324 -2.97303 30
    endloop
  endfacet
  facet normal 0 -1 0
    outer loop
      vertex -18.3514 -2.97303 29.32
      vertex -18.3514 -2.97303 30
      vertex -19.4324 -2.97303 29.32
    endloop
  endfacet
  facet normal 0 -1 0
    outer loop
      vertex -19.4324 -2.97303 30
      vertex -19.4324 -2.97303 29.32
      vertex -18.3514 -2.97303 30
    endloop
  endfacet
  facet normal -1 0 0
    outer loop
      vertex -18.3514 -4.054 29.32
      vertex -18.3514 -4.054 30
      vertex -18.3514 -2.97303 29.32
    endloop
  endfacet
  facet normal -1 -0 -0
    outer loop
      vertex -18.3514 -2.97303 30
      vertex -18.3514 -2.97303 29.32
      vertex -18.3514 -4.054 30
    endloop
  endfacet
  facet normal 0 1 0
    outer loop
      vertex -19.9729 -5.13509 29.32
      vertex -19.9729 -5.13509 30
      vertex -19.4325 -5.13509 29.32
    endloop
  endfacet
  facet normal 0 1 0
    outer loop
      vertex -19.4325 -5.13509 30
      vertex -19.4325 -5.13509 29.32
      vertex -19.9729 -5.13509 30
    endloop
  endfacet
  facet normal 1 0 -0
    outer loop
      vertex -19.9729 -4.59465 29.32
      vertex -19.9729 -4.59465 30
      vertex -19.9729 -5.13509 29.32
    endloop
  endfacet
  facet normal 1 -0 0
    outer loop
      vertex -19.9729 -5.13509 30
      vertex -19.9729 -5.13509 29.32
      vertex -19.9729 -4.59465 30
    endloop
  endfacet
  facet normal 0 -1 0
    outer loop
      vertex -19.4325 -4.59465 29.32
      vertex -19.4325 -4.59465 30
      vertex -19.9729 -4.59465 29.32
    endloop
  endfacet
  facet normal 0 -1 0
    outer loop
      vertex -19.9729 -4.59465 30
      vertex -19.9729 -4.59465 29.32
      vertex -19.4325 -4.59465 30
    endloop
  endfacet
  facet normal -1 0 0
    outer loop
      vertex -19.4325 -5.13509 29.32
      vertex -19.4325 -5.13509 30
      vertex -19.4325 -4.59465 29.32
    endloop
  endfacet
  facet normal -1 -0 -0
    outer loop
      vertex -19.4325 -4.59465 30
      vertex -19.4325 -4.59465 29.32
      vertex -19.4325 -5.13509 30
    endloop
  endfacet
  facet normal 0 1 0
    outer loop
      vertex -16.7298 -1.3513 29.32
      vertex -16.7298 -1.3513 30
      vertex -16.1892 -1.3513 29.32
    endloop
  endfacet
  facet normal 0 1 0
    outer loop
      vertex -16.1892 -1.3513 30
      vertex -16.1892 -1.3513 29.32
      vertex -16.7298 -1.3513 30
    endloop
  endfacet
  facet normal -1 0 0
    outer loop
      vertex -16.7298 -2.43238 29.32
      vertex -16.7298 -2.43238 30
      vertex -16.7298 -1.3513 29.32
    endloop
  endfacet
  facet normal -1 -0 -0
    outer loop
      vertex -16.7298 -1.3513 30
      vertex -16.7298 -1.3513 29.32
      vertex -16.7298 -2.43238 30
    endloop
  endfacet
  facet normal 0 1 0
    outer loop
      vertex -17.2703 -2.43238 29.32
      vertex -17.2703 -2.43238 30
      vertex -16.7298 -2.43238 29.32
    endloop
  endfacet
  facet normal 0 1 0
    outer loop
      vertex -16.7298 -2.43238 30
      vertex -16.7298 -2.43238 29.32
      vertex -17.2703 -2.43238 30
    endloop
  endfacet
  facet normal -1 0 0
    outer loop
      vertex -17.2703 -3.51346 29.32
      vertex -17.2703 -3.51346 30
      vertex -17.2703 -2.43238 29.32
    endloop
  endfacet
  facet normal -1 -0 -0
    outer loop
      vertex -17.2703 -2.43238 30
      vertex -17.2703 -2.43238 29.32
      vertex -17.2703 -3.51346 30
    endloop
  endfacet
  facet normal 0 1 0
    outer loop
      vertex -17.8108 -3.51346 29.32
      vertex -17.8108 -3.51346 30
      vertex -17.2703 -3.51346 29.32
    endloop
  endfacet
  facet normal 0 1 0
    outer loop
      vertex -17.2703 -3.51346 30
      vertex -17.2703 -3.51346 29.32
      vertex -17.8108 -3.51346 30
    endloop
  endfacet
  facet normal 1 0 -0
    outer loop
      vertex -17.8108 -2.43238 29.32
      vertex -17.8108 -2.43238 30
      vertex -17.8108 -3.51346 29.32
    endloop
  endfacet
  facet normal 1 -0 0
    outer loop
      vertex -17.8108 -3.51346 30
      vertex -17.8108 -3.51346 29.32
      vertex -17.8108 -2.43238 30
    endloop
  endfacet
  facet normal 0 1 0
    outer loop
      vertex -18.3513 -2.43238 29.32
      vertex -18.3513 -2.43238 30
      vertex -17.8108 -2.43238 29.32
    endloop
  endfacet
  facet normal 0 1 0
    outer loop
      vertex -17.8108 -2.43238 30
      vertex -17.8108 -2.43238 29.32
      vertex -18.3513 -2.43238 30
    endloop
  endfacet
  facet normal 1 0 -0
    outer loop
      vertex -18.3513 -1.89184 29.32
      vertex -18.3513 -1.89184 30
      vertex -18.3513 -2.43238 29.32
    endloop
  endfacet
  facet normal 1 -0 0
    outer loop
      vertex -18.3513 -2.43238 30
      vertex -18.3513 -2.43238 29.32
      vertex -18.3513 -1.89184 30
    endloop
  endfacet
  facet normal 0 1 0
    outer loop
      vertex -18.8919 -1.89184 29.32
      vertex -18.8919 -1.89184 30
      vertex -18.3513 -1.89184 29.32
    endloop
  endfacet
  facet normal 0 1 0
    outer loop
      vertex -18.3513 -1.89184 30
      vertex -18.3513 -1.89184 29.32
      vertex -18.8919 -1.89184 30
    endloop
  endfacet
  facet normal -1 0 0
    outer loop
      vertex -18.8919 -2.43238 29.32
      vertex -18.8919 -2.43238 30
      vertex -18.8919 -1.89184 29.32
    endloop
  endfacet
  facet normal -1 -0 -0
    outer loop
      vertex -18.8919 -1.89184 30
      vertex -18.8919 -1.89184 29.32
      vertex -18.8919 -2.43238 30
    endloop
  endfacet
  facet normal 0 1 0
    outer loop
      vertex -19.4324 -2.43238 29.32
      vertex -19.4324 -2.43238 30
      vertex -18.8919 -2.43238 29.32
    endloop
  endfacet
  facet normal 0 1 0
    outer loop
      vertex -18.8919 -2.43238 30
      vertex -18.8919 -2.43238 29.32
      vertex -19.4324 -2.43238 30
    endloop
  endfacet
  facet normal 1 0 -0
    outer loop
      vertex -19.4324 -1.35141 29.32
      vertex -19.4324 -1.35141 30
      vertex -19.4324 -2.43238 29.32
    endloop
  endfacet
  facet normal 1 -0 0
    outer loop
      vertex -19.4324 -2.43238 30
      vertex -19.4324 -2.43238 29.32
      vertex -19.4324 -1.35141 30
    endloop
  endfacet
  facet normal 0 -1 0
    outer loop
      vertex -18.3513 -1.35141 29.32
      vertex -18.3513 -1.35141 30
      vertex -19.4324 -1.35141 29.32
    endloop
  endfacet
  facet normal 0 -1 0
    outer loop
      vertex -19.4324 -1.35141 30
      vertex -19.4324 -1.35141 29.32
      vertex -18.3513 -1.35141 30
    endloop
  endfacet
  facet normal 1 0 -0
    outer loop
      vertex -18.3513 -0.810761 29.32
      vertex -18.3513 -0.810761 30
      vertex -18.3513 -1.35141 29.32
    endloop
  endfacet
  facet normal 1 -0 0
    outer loop
      vertex -18.3513 -1.35141 30
      vertex -18.3513 -1.35141 29.32
      vertex -18.3513 -0.810761 30
    endloop
  endfacet
  facet normal 0 1 0
    outer loop
      vertex -18.8918 -0.810761 29.32
      vertex -18.8918 -0.810761 30
      vertex -18.3513 -0.810761 29.32
    endloop
  endfacet
  facet normal 0 1 0
    outer loop
      vertex -18.3513 -0.810761 30
      vertex -18.3513 -0.810761 29.32
      vertex -18.8918 -0.810761 30
    endloop
  endfacet
  facet normal 1 0 -0
    outer loop
      vertex -18.8918 -0.270221 29.32
      vertex -18.8918 -0.270221 30
      vertex -18.8918 -0.810761 29.32
    endloop
  endfacet
  facet normal 1 -0 0
    outer loop
      vertex -18.8918 -0.810761 30
      vertex -18.8918 -0.810761 29.32
      vertex -18.8918 -0.270221 30
    endloop
  endfacet
  facet normal 0 1 0
    outer loop
      vertex -19.4324 -0.270221 29.32
      vertex -19.4324 -0.270221 30
      vertex -18.8918 -0.270221 29.32
    endloop
  endfacet
  facet normal 0 1 0
    outer loop
      vertex -18.8918 -0.270221 30
      vertex -18.8918 -0.270221 29.32
      vertex -19.4324 -0.270221 30
    endloop
  endfacet
  facet normal 1 0 -0
    outer loop
      vertex -19.4324 0.270213 29.32
      vertex -19.4324 0.270213 30
      vertex -19.4324 -0.270221 29.32
    endloop
  endfacet
  facet normal 1 -0 0
    outer loop
      vertex -19.4324 -0.270221 30
      vertex -19.4324 -0.270221 29.32
      vertex -19.4324 0.270213 30
    endloop
  endfacet
  facet normal 0 -1 0
    outer loop
      vertex -18.8918 0.270213 29.32
      vertex -18.8918 0.270213 30
      vertex -19.4324 0.270213 29.32
    endloop
  endfacet
  facet normal 0 -1 0
    outer loop
      vertex -19.4324 0.270213 30
      vertex -19.4324 0.270213 29.32
      vertex -18.8918 0.270213 30
    endloop
  endfacet
  facet normal 1 0 -0
    outer loop
      vertex -18.8918 0.810753 29.32
      vertex -18.8918 0.810753 30
      vertex -18.8918 0.270213 29.32
    endloop
  endfacet
  facet normal 1 -0 0
    outer loop
      vertex -18.8918 0.270213 30
      vertex -18.8918 0.270213 29.32
      vertex -18.8918 0.810753 30
    endloop
  endfacet
  facet normal 0 -1 0
    outer loop
      vertex -17.8109 0.810753 29.32
      vertex -17.8109 0.810753 30
      vertex -18.8918 0.810753 29.32
    endloop
  endfacet
  facet normal 0 -1 0
    outer loop
      vertex -18.8918 0.810753 30
      vertex -18.8918 0.810753 29.32
      vertex -17.8109 0.810753 30
    endloop
  endfacet
  facet normal -1 0 0
    outer loop
      vertex -17.8109 0.270213 29.32
      vertex -17.8109 0.270213 30
      vertex -17.8109 0.810753 29.32
    endloop
  endfacet
  facet normal -1 -0 -0
    outer loop
      vertex -17.8109 0.810753 30
      vertex -17.8109 0.810753 29.32
      vertex -17.8109 0.270213 30
    endloop
  endfacet
  facet normal 0 -1 0
    outer loop
      vertex -17.2703 0.270213 29.32
      vertex -17.2703 0.270213 30
      vertex -17.8109 0.270213 29.32
    endloop
  endfacet
  facet normal 0 -1 0
    outer loop
      vertex -17.8109 0.270213 30
      vertex -17.8109 0.270213 29.32
      vertex -17.2703 0.270213 30
    endloop
  endfacet
  facet normal -1 0 0
    outer loop
      vertex -17.2703 -0.270221 29.32
      vertex -17.2703 -0.270221 30
      vertex -17.2703 0.270213 29.32
    endloop
  endfacet
  facet normal -1 -0 -0
    outer loop
      vertex -17.2703 0.270213 30
      vertex -17.2703 0.270213 29.32
      vertex -17.2703 -0.270221 30
    endloop
  endfacet
  facet normal 0 1 0
    outer loop
      vertex -17.8109 -0.270221 29.32
      vertex -17.8109 -0.270221 30
      vertex -17.2703 -0.270221 29.32
    endloop
  endfacet
  facet normal 0 1 0
    outer loop
      vertex -17.2703 -0.270221 30
      vertex -17.2703 -0.270221 29.32
      vertex -17.8109 -0.270221 30
    endloop
  endfacet
  facet normal -1 0 0
    outer loop
      vertex -17.8109 -0.810869 29.32
      vertex -17.8109 -0.810869 30
      vertex -17.8109 -0.270221 29.32
    endloop
  endfacet
  facet normal -1 -0 -0
    outer loop
      vertex -17.8109 -0.270221 30
      vertex -17.8109 -0.270221 29.32
      vertex -17.8109 -0.810869 30
    endloop
  endfacet
  facet normal 0 -1 0
    outer loop
      vertex -16.1892 -0.810869 29.32
      vertex -16.1892 -0.810869 30
      vertex -17.8109 -0.810869 29.32
    endloop
  endfacet
  facet normal 0 -1 0
    outer loop
      vertex -17.8109 -0.810869 30
      vertex -17.8109 -0.810869 29.32
      vertex -16.1892 -0.810869 30
    endloop
  endfacet
  facet normal -1 0 0
    outer loop
      vertex -16.1892 -1.3513 29.32
      vertex -16.1892 -1.3513 30
      vertex -16.1892 -0.810869 29.32
    endloop
  endfacet
  facet normal -1 -0 -0
    outer loop
      vertex -16.1892 -0.810869 30
      vertex -16.1892 -0.810869 29.32
      vertex -16.1892 -1.3513 30
    endloop
  endfacet
  facet normal -1 0 0
    outer loop
      vertex -17.8109 -1.89195 29.32
      vertex -17.8109 -1.3513 30
      vertex -17.8109 -1.3513 29.32
    endloop
  endfacet
  facet normal -1 0 0
    outer loop
      vertex -17.8109 -1.89195 29.32
      vertex -17.8109 -1.89195 30
      vertex -17.8109 -1.3513 30
    endloop
  endfacet
  facet normal 0 -1 0
    outer loop
      vertex -17.2702 -1.89195 29.32
      vertex -17.8109 -1.89195 30
      vertex -17.8109 -1.89195 29.32
    endloop
  endfacet
  facet normal 0 -1 0
    outer loop
      vertex -17.2702 -1.89195 29.32
      vertex -17.2702 -1.89195 30
      vertex -17.8109 -1.89195 30
    endloop
  endfacet
  facet normal 1 0 0
    outer loop
      vertex -17.2702 -1.3513 29.32
      vertex -17.2702 -1.89195 30
      vertex -17.2702 -1.89195 29.32
    endloop
  endfacet
  facet normal 1 0 -0
    outer loop
      vertex -17.2702 -1.3513 29.32
      vertex -17.2702 -1.3513 30
      vertex -17.2702 -1.89195 30
    endloop
  endfacet
  facet normal 0 1 0
    outer loop
      vertex -17.8109 -1.3513 29.32
      vertex -17.2702 -1.3513 30
      vertex -17.2702 -1.3513 29.32
    endloop
  endfacet
  facet normal 0 1 0
    outer loop
      vertex -17.8109 -1.3513 29.32
      vertex -17.8109 -1.3513 30
      vertex -17.2702 -1.3513 30
    endloop
  endfacet
  facet normal 0 1 0
    outer loop
      vertex -17.8109 2.97302 29.32
      vertex -17.8109 2.97302 30
      vertex -17.2703 2.97302 29.32
    endloop
  endfacet
  facet normal 0 1 0
    outer loop
      vertex -17.2703 2.97302 30
      vertex -17.2703 2.97302 29.32
      vertex -17.8109 2.97302 30
    endloop
  endfacet
  facet normal -1 0 0
    outer loop
      vertex -17.8109 2.43248 29.32
      vertex -17.8109 2.43248 30
      vertex -17.8109 2.97302 29.32
    endloop
  endfacet
  facet normal -1 -0 -0
    outer loop
      vertex -17.8109 2.97302 30
      vertex -17.8109 2.97302 29.32
      vertex -17.8109 2.43248 30
    endloop
  endfacet
  facet normal 0 1 0
    outer loop
      vertex -18.3514 2.43248 29.32
      vertex -18.3514 2.43248 30
      vertex -17.8109 2.43248 29.32
    endloop
  endfacet
  facet normal 0 1 0
    outer loop
      vertex -17.8109 2.43248 30
      vertex -17.8109 2.43248 29.32
      vertex -18.3514 2.43248 30
    endloop
  endfacet
  facet normal -1 0 0
    outer loop
      vertex -18.3514 1.89194 29.32
      vertex -18.3514 1.89194 30
      vertex -18.3514 2.43248 29.32
    endloop
  endfacet
  facet normal -1 -0 -0
    outer loop
      vertex -18.3514 2.43248 30
      vertex -18.3514 2.43248 29.32
      vertex -18.3514 1.89194 30
    endloop
  endfacet
  facet normal 0 1 0
    outer loop
      vertex -19.4324 1.89194 29.32
      vertex -19.4324 1.89194 30
      vertex -18.3514 1.89194 29.32
    endloop
  endfacet
  facet normal 0 1 0
    outer loop
      vertex -18.3514 1.89194 30
      vertex -18.3514 1.89194 29.32
      vertex -19.4324 1.89194 30
    endloop
  endfacet
  facet normal 1 0 -0
    outer loop
      vertex -19.4324 2.43237 29.32
      vertex -19.4324 2.43237 30
      vertex -19.4324 1.89194 29.32
    endloop
  endfacet
  facet normal 1 -0 0
    outer loop
      vertex -19.4324 1.89194 30
      vertex -19.4324 1.89194 29.32
      vertex -19.4324 2.43237 30
    endloop
  endfacet
  facet normal 0 -1 0
    outer loop
      vertex -18.8918 2.43237 29.32
      vertex -18.8918 2.43237 30
      vertex -19.4324 2.43237 29.32
    endloop
  endfacet
  facet normal 0 -1 0
    outer loop
      vertex -19.4324 2.43237 30
      vertex -19.4324 2.43237 29.32
      vertex -18.8918 2.43237 30
    endloop
  endfacet
  facet normal 1 0 -0
    outer loop
      vertex -18.8918 2.97292 29.32
      vertex -18.8918 2.97292 30
      vertex -18.8918 2.43237 29.32
    endloop
  endfacet
  facet normal 1 -0 0
    outer loop
      vertex -18.8918 2.43237 30
      vertex -18.8918 2.43237 29.32
      vertex -18.8918 2.97292 30
    endloop
  endfacet
  facet normal 0 -1 0
    outer loop
      vertex -18.3513 2.97292 29.32
      vertex -18.3513 2.97292 30
      vertex -18.8918 2.97292 29.32
    endloop
  endfacet
  facet normal 0 -1 0
    outer loop
      vertex -18.8918 2.97292 30
      vertex -18.8918 2.97292 29.32
      vertex -18.3513 2.97292 30
    endloop
  endfacet
  facet normal 1 0 -0
    outer loop
      vertex -18.3513 3.51346 29.32
      vertex -18.3513 3.51346 30
      vertex -18.3513 2.97292 29.32
    endloop
  endfacet
  facet normal 1 -0 0
    outer loop
      vertex -18.3513 2.97292 30
      vertex -18.3513 2.97292 29.32
      vertex -18.3513 3.51346 30
    endloop
  endfacet
  facet normal 0 -1 0
    outer loop
      vertex -17.2703 3.51346 29.32
      vertex -17.2703 3.51346 30
      vertex -18.3513 3.51346 29.32
    endloop
  endfacet
  facet normal 0 -1 0
    outer loop
      vertex -18.3513 3.51346 30
      vertex -18.3513 3.51346 29.32
      vertex -17.2703 3.51346 30
    endloop
  endfacet
  facet normal -1 0 0
    outer loop
      vertex -17.2703 2.97302 29.32
      vertex -17.2703 2.97302 30
      vertex -17.2703 3.51346 29.32
    endloop
  endfacet
  facet normal -1 -0 -0
    outer loop
      vertex -17.2703 3.51346 30
      vertex -17.2703 3.51346 29.32
      vertex -17.2703 2.97302 30
    endloop
  endfacet
  facet normal 0 1 0
    outer loop
      vertex -16.1892 4.0541 29.32
      vertex -16.1892 4.0541 30
      vertex -15.6487 4.0541 29.32
    endloop
  endfacet
  facet normal 0 1 0
    outer loop
      vertex -15.6487 4.0541 30
      vertex -15.6487 4.0541 29.32
      vertex -16.1892 4.0541 30
    endloop
  endfacet
  facet normal -1 0 0
    outer loop
      vertex -16.1892 3.51356 29.32
      vertex -16.1892 3.51356 30
      vertex -16.1892 4.0541 29.32
    endloop
  endfacet
  facet normal -1 -0 -0
    outer loop
      vertex -16.1892 4.0541 30
      vertex -16.1892 4.0541 29.32
      vertex -16.1892 3.51356 30
    endloop
  endfacet
  facet normal 0 1 0
    outer loop
      vertex -16.7297 3.51356 29.32
      vertex -16.7297 3.51356 30
      vertex -16.1892 3.51356 29.32
    endloop
  endfacet
  facet normal 0 1 0
    outer loop
      vertex -16.1892 3.51356 30
      vertex -16.1892 3.51356 29.32
      vertex -16.7297 3.51356 30
    endloop
  endfacet
  facet normal 1 0 -0
    outer loop
      vertex -16.7297 4.0541 29.32
      vertex -16.7297 4.0541 30
      vertex -16.7297 3.51356 29.32
    endloop
  endfacet
  facet normal 1 -0 0
    outer loop
      vertex -16.7297 3.51356 30
      vertex -16.7297 3.51356 29.32
      vertex -16.7297 4.0541 30
    endloop
  endfacet
  facet normal 0 1 0
    outer loop
      vertex -18.3513 4.0541 29.32
      vertex -18.3513 4.0541 30
      vertex -16.7297 4.0541 29.32
    endloop
  endfacet
  facet normal 0 1 0
    outer loop
      vertex -16.7297 4.0541 30
      vertex -16.7297 4.0541 29.32
      vertex -18.3513 4.0541 30
    endloop
  endfacet
  facet normal 1 0 -0
    outer loop
      vertex -18.3513 4.59464 29.32
      vertex -18.3513 4.59464 30
      vertex -18.3513 4.0541 29.32
    endloop
  endfacet
  facet normal 1 -0 0
    outer loop
      vertex -18.3513 4.0541 30
      vertex -18.3513 4.0541 29.32
      vertex -18.3513 4.59464 30
    endloop
  endfacet
  facet normal 0 1 0
    outer loop
      vertex -18.8918 4.59464 29.32
      vertex -18.8918 4.59464 30
      vertex -18.3513 4.59464 29.32
    endloop
  endfacet
  facet normal 0 1 0
    outer loop
      vertex -18.3513 4.59464 30
      vertex -18.3513 4.59464 29.32
      vertex -18.8918 4.59464 30
    endloop
  endfacet
  facet normal 1 0 -0
    outer loop
      vertex -18.8918 5.13508 29.32
      vertex -18.8918 5.13508 30
      vertex -18.8918 4.59464 29.32
    endloop
  endfacet
  facet normal 1 -0 0
    outer loop
      vertex -18.8918 4.59464 30
      vertex -18.8918 4.59464 29.32
      vertex -18.8918 5.13508 30
    endloop
  endfacet
  facet normal 0 -1 0
    outer loop
      vertex -17.8108 5.13508 29.32
      vertex -17.8108 5.13508 30
      vertex -18.8918 5.13508 29.32
    endloop
  endfacet
  facet normal 0 -1 0
    outer loop
      vertex -18.8918 5.13508 30
      vertex -18.8918 5.13508 29.32
      vertex -17.8108 5.13508 30
    endloop
  endfacet
  facet normal 1 0 -0
    outer loop
      vertex -17.8108 5.67562 29.32
      vertex -17.8108 5.67562 30
      vertex -17.8108 5.13508 29.32
    endloop
  endfacet
  facet normal 1 -0 0
    outer loop
      vertex -17.8108 5.13508 30
      vertex -17.8108 5.13508 29.32
      vertex -17.8108 5.67562 30
    endloop
  endfacet
  facet normal 0 -1 0
    outer loop
      vertex -16.7297 5.67562 29.32
      vertex -16.7297 5.67562 30
      vertex -17.8108 5.67562 29.32
    endloop
  endfacet
  facet normal 0 -1 0
    outer loop
      vertex -17.8108 5.67562 30
      vertex -17.8108 5.67562 29.32
      vertex -16.7297 5.67562 30
    endloop
  endfacet
  facet normal 1 0 -0
    outer loop
      vertex -16.7297 6.21616 29.32
      vertex -16.7297 6.21616 30
      vertex -16.7297 5.67562 29.32
    endloop
  endfacet
  facet normal 1 -0 0
    outer loop
      vertex -16.7297 5.67562 30
      vertex -16.7297 5.67562 29.32
      vertex -16.7297 6.21616 30
    endloop
  endfacet
  facet normal 0 -1 0
    outer loop
      vertex -16.1892 6.21616 29.32
      vertex -16.1892 6.21616 30
      vertex -16.7297 6.21616 29.32
    endloop
  endfacet
  facet normal 0 -1 0
    outer loop
      vertex -16.7297 6.21616 30
      vertex -16.7297 6.21616 29.32
      vertex -16.1892 6.21616 30
    endloop
  endfacet
  facet normal -1 0 0
    outer loop
      vertex -16.1892 5.67562 29.32
      vertex -16.1892 5.67562 30
      vertex -16.1892 6.21616 29.32
    endloop
  endfacet
  facet normal -1 -0 -0
    outer loop
      vertex -16.1892 6.21616 30
      vertex -16.1892 6.21616 29.32
      vertex -16.1892 5.67562 30
    endloop
  endfacet
  facet normal 0 -1 0
    outer loop
      vertex -15.6487 5.67562 29.32
      vertex -15.6487 5.67562 30
      vertex -16.1892 5.67562 29.32
    endloop
  endfacet
  facet normal 0 -1 0
    outer loop
      vertex -16.1892 5.67562 30
      vertex -16.1892 5.67562 29.32
      vertex -15.6487 5.67562 30
    endloop
  endfacet
  facet normal -1 0 0
    outer loop
      vertex -15.6487 4.0541 29.32
      vertex -15.6487 4.0541 30
      vertex -15.6487 5.67562 29.32
    endloop
  endfacet
  facet normal -1 -0 -0
    outer loop
      vertex -15.6487 5.67562 30
      vertex -15.6487 5.67562 29.32
      vertex -15.6487 4.0541 30
    endloop
  endfacet
  facet normal 0 1 0
    outer loop
      vertex -18.8918 -8.91887 29.32
      vertex -18.8918 -8.91887 30
      vertex -17.8109 -8.91887 29.32
    endloop
  endfacet
  facet normal 0 1 0
    outer loop
      vertex -17.8109 -8.91887 30
      vertex -17.8109 -8.91887 29.32
      vertex -18.8918 -8.91887 30
    endloop
  endfacet
  facet normal 1 0 -0
    outer loop
      vertex -18.8918 -7.8379 29.32
      vertex -18.8918 -7.8379 30
      vertex -18.8918 -8.91887 29.32
    endloop
  endfacet
  facet normal 1 -0 0
    outer loop
      vertex -18.8918 -8.91887 30
      vertex -18.8918 -8.91887 29.32
      vertex -18.8918 -7.8379 30
    endloop
  endfacet
  facet normal 0 -1 0
    outer loop
      vertex -18.3514 -7.8379 29.32
      vertex -18.3514 -7.8379 30
      vertex -18.8918 -7.8379 29.32
    endloop
  endfacet
  facet normal 0 -1 0
    outer loop
      vertex -18.8918 -7.8379 30
      vertex -18.8918 -7.8379 29.32
      vertex -18.3514 -7.8379 30
    endloop
  endfacet
  facet normal -1 0 0
    outer loop
      vertex -18.3514 -8.37844 29.32
      vertex -18.3514 -8.37844 30
      vertex -18.3514 -7.8379 29.32
    endloop
  endfacet
  facet normal -1 -0 -0
    outer loop
      vertex -18.3514 -7.8379 30
      vertex -18.3514 -7.8379 29.32
      vertex -18.3514 -8.37844 30
    endloop
  endfacet
  facet normal 0 -1 0
    outer loop
      vertex -17.8109 -8.37844 29.32
      vertex -17.8109 -8.37844 30
      vertex -18.3514 -8.37844 29.32
    endloop
  endfacet
  facet normal 0 -1 0
    outer loop
      vertex -18.3514 -8.37844 30
      vertex -18.3514 -8.37844 29.32
      vertex -17.8109 -8.37844 30
    endloop
  endfacet
  facet normal -1 0 0
    outer loop
      vertex -17.8109 -8.91887 29.32
      vertex -17.8109 -8.91887 30
      vertex -17.8109 -8.37844 29.32
    endloop
  endfacet
  facet normal -1 -0 -0
    outer loop
      vertex -17.8109 -8.37844 30
      vertex -17.8109 -8.37844 29.32
      vertex -17.8109 -8.91887 30
    endloop
  endfacet
  facet normal 0 1 0
    outer loop
      vertex -18.3513 -7.83779 29.32
      vertex -18.3513 -7.83779 30
      vertex -17.8109 -7.83779 29.32
    endloop
  endfacet
  facet normal 0 1 0
    outer loop
      vertex -17.8109 -7.83779 30
      vertex -17.8109 -7.83779 29.32
      vertex -18.3513 -7.83779 30
    endloop
  endfacet
  facet normal 1 0 -0
    outer loop
      vertex -18.3513 -7.29736 29.32
      vertex -18.3513 -7.29736 30
      vertex -18.3513 -7.83779 29.32
    endloop
  endfacet
  facet normal 1 -0 0
    outer loop
      vertex -18.3513 -7.83779 30
      vertex -18.3513 -7.83779 29.32
      vertex -18.3513 -7.29736 30
    endloop
  endfacet
  facet normal 0 -1 0
    outer loop
      vertex -17.8109 -7.29736 29.32
      vertex -17.8109 -7.29736 30
      vertex -18.3513 -7.29736 29.32
    endloop
  endfacet
  facet normal 0 -1 0
    outer loop
      vertex -18.3513 -7.29736 30
      vertex -18.3513 -7.29736 29.32
      vertex -17.8109 -7.29736 30
    endloop
  endfacet
  facet normal -1 0 0
    outer loop
      vertex -17.8109 -7.83779 29.32
      vertex -17.8109 -7.83779 30
      vertex -17.8109 -7.29736 29.32
    endloop
  endfacet
  facet normal -1 -0 -0
    outer loop
      vertex -17.8109 -7.29736 30
      vertex -17.8109 -7.29736 29.32
      vertex -17.8109 -7.83779 30
    endloop
  endfacet
  facet normal 0 1 0
    outer loop
      vertex -18.3513 5.67572 29.32
      vertex -18.3513 5.67572 30
      vertex -17.8109 5.67572 29.32
    endloop
  endfacet
  facet normal 0 1 0
    outer loop
      vertex -17.8109 5.67572 30
      vertex -17.8109 5.67572 29.32
      vertex -18.3513 5.67572 30
    endloop
  endfacet
  facet normal 1 0 -0
    outer loop
      vertex -18.3513 6.21616 29.32
      vertex -18.3513 6.21616 30
      vertex -18.3513 5.67572 29.32
    endloop
  endfacet
  facet normal 1 -0 0
    outer loop
      vertex -18.3513 5.67572 30
      vertex -18.3513 5.67572 29.32
      vertex -18.3513 6.21616 30
    endloop
  endfacet
  facet normal 0 -1 0
    outer loop
      vertex -17.8109 6.21616 29.32
      vertex -17.8109 6.21616 30
      vertex -18.3513 6.21616 29.32
    endloop
  endfacet
  facet normal 0 -1 0
    outer loop
      vertex -18.3513 6.21616 30
      vertex -18.3513 6.21616 29.32
      vertex -17.8109 6.21616 30
    endloop
  endfacet
  facet normal -1 0 0
    outer loop
      vertex -17.8109 5.67572 29.32
      vertex -17.8109 5.67572 30
      vertex -17.8109 6.21616 29.32
    endloop
  endfacet
  facet normal -1 -0 -0
    outer loop
      vertex -17.8109 6.21616 30
      vertex -17.8109 6.21616 29.32
      vertex -17.8109 5.67572 30
    endloop
  endfacet
  facet normal 0 1 0
    outer loop
      vertex -17.8108 -6.75671 29.32
      vertex -17.8108 -6.75671 30
      vertex -17.2703 -6.75671 29.32
    endloop
  endfacet
  facet normal 0 1 0
    outer loop
      vertex -17.2703 -6.75671 30
      vertex -17.2703 -6.75671 29.32
      vertex -17.8108 -6.75671 30
    endloop
  endfacet
  facet normal 1 0 -0
    outer loop
      vertex -17.8108 -6.21627 29.32
      vertex -17.8108 -6.21627 30
      vertex -17.8108 -6.75671 29.32
    endloop
  endfacet
  facet normal 1 -0 0
    outer loop
      vertex -17.8108 -6.75671 30
      vertex -17.8108 -6.75671 29.32
      vertex -17.8108 -6.21627 30
    endloop
  endfacet
  facet normal 0 -1 0
    outer loop
      vertex -17.2703 -6.21627 29.32
      vertex -17.2703 -6.21627 30
      vertex -17.8108 -6.21627 29.32
    endloop
  endfacet
  facet normal 0 -1 0
    outer loop
      vertex -17.8108 -6.21627 30
      vertex -17.8108 -6.21627 29.32
      vertex -17.2703 -6.21627 30
    endloop
  endfacet
  facet normal -1 0 0
    outer loop
      vertex -17.2703 -6.75671 29.32
      vertex -17.2703 -6.75671 30
      vertex -17.2703 -6.21627 29.32
    endloop
  endfacet
  facet normal -1 -0 -0
    outer loop
      vertex -17.2703 -6.21627 30
      vertex -17.2703 -6.21627 29.32
      vertex -17.2703 -6.75671 30
    endloop
  endfacet
  facet normal 0 1 0
    outer loop
      vertex -8.08113 -1.3513 29.32
      vertex -8.08113 -1.3513 30
      vertex -7.54059 -1.3513 29.32
    endloop
  endfacet
  facet normal 0 1 0
    outer loop
      vertex -7.54059 -1.3513 30
      vertex -7.54059 -1.3513 29.32
      vertex -8.08113 -1.3513 30
    endloop
  endfacet
  facet normal -1 0 0
    outer loop
      vertex -8.08113 -1.89184 29.32
      vertex -8.08113 -1.89184 30
      vertex -8.08113 -1.3513 29.32
    endloop
  endfacet
  facet normal -1 -0 -0
    outer loop
      vertex -8.08113 -1.3513 30
      vertex -8.08113 -1.3513 29.32
      vertex -8.08113 -1.89184 30
    endloop
  endfacet
  facet normal 0 1 0
    outer loop
      vertex -8.62156 -1.89184 29.32
      vertex -8.62156 -1.89184 30
      vertex -8.08113 -1.89184 29.32
    endloop
  endfacet
  facet normal 0 1 0
    outer loop
      vertex -8.08113 -1.89184 30
      vertex -8.08113 -1.89184 29.32
      vertex -8.62156 -1.89184 30
    endloop
  endfacet
  facet normal 1 0 -0
    outer loop
      vertex -8.62156 -1.3513 29.32
      vertex -8.62156 -1.3513 30
      vertex -8.62156 -1.89184 29.32
    endloop
  endfacet
  facet normal 1 -0 0
    outer loop
      vertex -8.62156 -1.89184 30
      vertex -8.62156 -1.89184 29.32
      vertex -8.62156 -1.3513 30
    endloop
  endfacet
  facet normal 0 1 0
    outer loop
      vertex -9.16221 -1.3513 29.32
      vertex -9.16221 -1.3513 30
      vertex -8.62156 -1.3513 29.32
    endloop
  endfacet
  facet normal 0 1 0
    outer loop
      vertex -8.62156 -1.3513 30
      vertex -8.62156 -1.3513 29.32
      vertex -9.16221 -1.3513 30
    endloop
  endfacet
  facet normal -1 0 0
    outer loop
      vertex -9.16221 -1.89195 29.32
      vertex -9.16221 -1.89195 30
      vertex -9.16221 -1.3513 29.32
    endloop
  endfacet
  facet normal -1 -0 -0
    outer loop
      vertex -9.16221 -1.3513 30
      vertex -9.16221 -1.3513 29.32
      vertex -9.16221 -1.89195 30
    endloop
  endfacet
  facet normal 0 -1 0
    outer loop
      vertex -8.62167 -1.89195 29.32
      vertex -8.62167 -1.89195 30
      vertex -9.16221 -1.89195 29.32
    endloop
  endfacet
  facet normal 0 -1 0
    outer loop
      vertex -9.16221 -1.89195 30
      vertex -9.16221 -1.89195 29.32
      vertex -8.62167 -1.89195 30
    endloop
  endfacet
  facet normal -1 0 0
    outer loop
      vertex -8.62167 -2.43238 29.32
      vertex -8.62167 -2.43238 30
      vertex -8.62167 -1.89195 29.32
    endloop
  endfacet
  facet normal -1 -0 -0
    outer loop
      vertex -8.62167 -1.89195 30
      vertex -8.62167 -1.89195 29.32
      vertex -8.62167 -2.43238 30
    endloop
  endfacet
  facet normal 0 1 0
    outer loop
      vertex -10.7837 -2.43238 29.32
      vertex -10.7837 -2.43238 30
      vertex -8.62167 -2.43238 29.32
    endloop
  endfacet
  facet normal 0 1 0
    outer loop
      vertex -8.62167 -2.43238 30
      vertex -8.62167 -2.43238 29.32
      vertex -10.7837 -2.43238 30
    endloop
  endfacet
  facet normal 1 0 -0
    outer loop
      vertex -10.7837 -1.89184 29.32
      vertex -10.7837 -1.89184 30
      vertex -10.7837 -2.43238 29.32
    endloop
  endfacet
  facet normal 1 -0 0
    outer loop
      vertex -10.7837 -2.43238 30
      vertex -10.7837 -2.43238 29.32
      vertex -10.7837 -1.89184 30
    endloop
  endfacet
  facet normal 0 1 0
    outer loop
      vertex -11.3243 -1.89184 29.32
      vertex -11.3243 -1.89184 30
      vertex -10.7837 -1.89184 29.32
    endloop
  endfacet
  facet normal 0 1 0
    outer loop
      vertex -10.7837 -1.89184 30
      vertex -10.7837 -1.89184 29.32
      vertex -11.3243 -1.89184 30
    endloop
  endfacet
  facet normal 1 0 -0
    outer loop
      vertex -11.3243 -1.3513 29.32
      vertex -11.3243 -1.3513 30
      vertex -11.3243 -1.89184 29.32
    endloop
  endfacet
  facet normal 1 -0 0
    outer loop
      vertex -11.3243 -1.89184 30
      vertex -11.3243 -1.89184 29.32
      vertex -11.3243 -1.3513 30
    endloop
  endfacet
  facet normal 0 1 0
    outer loop
      vertex -11.8648 -1.3513 29.32
      vertex -11.8648 -1.3513 30
      vertex -11.3243 -1.3513 29.32
    endloop
  endfacet
  facet normal 0 1 0
    outer loop
      vertex -11.3243 -1.3513 30
      vertex -11.3243 -1.3513 29.32
      vertex -11.8648 -1.3513 30
    endloop
  endfacet
  facet normal 1 0 -0
    outer loop
      vertex -11.8648 -0.810761 29.32
      vertex -11.8648 -0.810761 30
      vertex -11.8648 -1.3513 29.32
    endloop
  endfacet
  facet normal 1 -0 0
    outer loop
      vertex -11.8648 -1.3513 30
      vertex -11.8648 -1.3513 29.32
      vertex -11.8648 -0.810761 30
    endloop
  endfacet
  facet normal 0 1 0
    outer loop
      vertex -12.4053 -0.810761 29.32
      vertex -12.4053 -0.810761 30
      vertex -11.8648 -0.810761 29.32
    endloop
  endfacet
  facet normal 0 1 0
    outer loop
      vertex -11.8648 -0.810761 30
      vertex -11.8648 -0.810761 29.32
      vertex -12.4053 -0.810761 30
    endloop
  endfacet
  facet normal 1 0 -0
    outer loop
      vertex -12.4053 -0.270328 29.32
      vertex -12.4053 -0.270328 30
      vertex -12.4053 -0.810761 29.32
    endloop
  endfacet
  facet normal 1 -0 0
    outer loop
      vertex -12.4053 -0.810761 30
      vertex -12.4053 -0.810761 29.32
      vertex -12.4053 -0.270328 30
    endloop
  endfacet
  facet normal 0 -1 0
    outer loop
      vertex -11.3243 -0.270328 29.32
      vertex -11.3243 -0.270328 30
      vertex -12.4053 -0.270328 29.32
    endloop
  endfacet
  facet normal 0 -1 0
    outer loop
      vertex -12.4053 -0.270328 30
      vertex -12.4053 -0.270328 29.32
      vertex -11.3243 -0.270328 30
    endloop
  endfacet
  facet normal 1 0 -0
    outer loop
      vertex -11.3243 0.27032 29.32
      vertex -11.3243 0.27032 30
      vertex -11.3243 -0.270328 29.32
    endloop
  endfacet
  facet normal 1 -0 0
    outer loop
      vertex -11.3243 -0.270328 30
      vertex -11.3243 -0.270328 29.32
      vertex -11.3243 0.27032 30
    endloop
  endfacet
  facet normal 0 1 0
    outer loop
      vertex -11.8648 0.27032 29.32
      vertex -11.8648 0.27032 30
      vertex -11.3243 0.27032 29.32
    endloop
  endfacet
  facet normal 0 1 0
    outer loop
      vertex -11.3243 0.27032 30
      vertex -11.3243 0.27032 29.32
      vertex -11.8648 0.27032 30
    endloop
  endfacet
  facet normal 1 0 -0
    outer loop
      vertex -11.8648 0.81086 29.32
      vertex -11.8648 0.81086 30
      vertex -11.8648 0.27032 29.32
    endloop
  endfacet
  facet normal 1 -0 0
    outer loop
      vertex -11.8648 0.27032 30
      vertex -11.8648 0.27032 29.32
      vertex -11.8648 0.81086 30
    endloop
  endfacet
  facet normal 0 1 0
    outer loop
      vertex -12.4055 0.81086 29.32
      vertex -12.4055 0.81086 30
      vertex -11.8648 0.81086 29.32
    endloop
  endfacet
  facet normal 0 1 0
    outer loop
      vertex -11.8648 0.81086 30
      vertex -11.8648 0.81086 29.32
      vertex -12.4055 0.81086 30
    endloop
  endfacet
  facet normal -1 0 0
    outer loop
      vertex -12.4055 0.27032 29.32
      vertex -12.4055 0.27032 30
      vertex -12.4055 0.81086 29.32
    endloop
  endfacet
  facet normal -1 -0 -0
    outer loop
      vertex -12.4055 0.81086 30
      vertex -12.4055 0.81086 29.32
      vertex -12.4055 0.27032 30
    endloop
  endfacet
  facet normal 0 1 0
    outer loop
      vertex -12.9459 0.27032 29.32
      vertex -12.9459 0.27032 30
      vertex -12.4055 0.27032 29.32
    endloop
  endfacet
  facet normal 0 1 0
    outer loop
      vertex -12.4055 0.27032 30
      vertex -12.4055 0.27032 29.32
      vertex -12.9459 0.27032 30
    endloop
  endfacet
  facet normal 1 0 -0
    outer loop
      vertex -12.9459 0.81086 29.32
      vertex -12.9459 0.81086 30
      vertex -12.9459 0.27032 29.32
    endloop
  endfacet
  facet normal 1 -0 0
    outer loop
      vertex -12.9459 0.27032 30
      vertex -12.9459 0.27032 29.32
      vertex -12.9459 0.81086 30
    endloop
  endfacet
  facet normal 0 1 0
    outer loop
      vertex -13.4865 0.81086 29.32
      vertex -13.4865 0.81086 30
      vertex -12.9459 0.81086 29.32
    endloop
  endfacet
  facet normal 0 1 0
    outer loop
      vertex -12.9459 0.81086 30
      vertex -12.9459 0.81086 29.32
      vertex -13.4865 0.81086 30
    endloop
  endfacet
  facet normal -1 0 0
    outer loop
      vertex -13.4865 0.27032 29.32
      vertex -13.4865 0.27032 30
      vertex -13.4865 0.81086 29.32
    endloop
  endfacet
  facet normal -1 -0 -0
    outer loop
      vertex -13.4865 0.81086 30
      vertex -13.4865 0.81086 29.32
      vertex -13.4865 0.27032 30
    endloop
  endfacet
  facet normal 0 1 0
    outer loop
      vertex -14.5675 0.27032 29.32
      vertex -14.5675 0.27032 30
      vertex -13.4865 0.27032 29.32
    endloop
  endfacet
  facet normal 0 1 0
    outer loop
      vertex -13.4865 0.27032 30
      vertex -13.4865 0.27032 29.32
      vertex -14.5675 0.27032 30
    endloop
  endfacet
  facet normal 1 0 -0
    outer loop
      vertex -14.5675 0.81086 29.32
      vertex -14.5675 0.81086 30
      vertex -14.5675 0.27032 29.32
    endloop
  endfacet
  facet normal 1 -0 0
    outer loop
      vertex -14.5675 0.27032 30
      vertex -14.5675 0.27032 29.32
      vertex -14.5675 0.81086 30
    endloop
  endfacet
  facet normal 0 1 0
    outer loop
      vertex -15.1081 0.81086 29.32
      vertex -15.1081 0.81086 30
      vertex -14.5675 0.81086 29.32
    endloop
  endfacet
  facet normal 0 1 0
    outer loop
      vertex -14.5675 0.81086 30
      vertex -14.5675 0.81086 29.32
      vertex -15.1081 0.81086 30
    endloop
  endfacet
  facet normal 1 0 -0
    outer loop
      vertex -15.1081 1.35129 29.32
      vertex -15.1081 1.35129 30
      vertex -15.1081 0.81086 29.32
    endloop
  endfacet
  facet normal 1 -0 0
    outer loop
      vertex -15.1081 0.81086 30
      vertex -15.1081 0.81086 29.32
      vertex -15.1081 1.35129 30
    endloop
  endfacet
  facet normal 0 -1 0
    outer loop
      vertex -14.027 1.35129 29.32
      vertex -14.027 1.35129 30
      vertex -15.1081 1.35129 29.32
    endloop
  endfacet
  facet normal 0 -1 0
    outer loop
      vertex -15.1081 1.35129 30
      vertex -15.1081 1.35129 29.32
      vertex -14.027 1.35129 30
    endloop
  endfacet
  facet normal 1 0 -0
    outer loop
      vertex -14.027 1.89183 29.32
      vertex -14.027 1.89183 30
      vertex -14.027 1.35129 29.32
    endloop
  endfacet
  facet normal 1 -0 0
    outer loop
      vertex -14.027 1.35129 30
      vertex -14.027 1.35129 29.32
      vertex -14.027 1.89183 30
    endloop
  endfacet
  facet normal 0 -1 0
    outer loop
      vertex -13.4865 1.89183 29.32
      vertex -13.4865 1.89183 30
      vertex -14.027 1.89183 29.32
    endloop
  endfacet
  facet normal 0 -1 0
    outer loop
      vertex -14.027 1.89183 30
      vertex -14.027 1.89183 29.32
      vertex -13.4865 1.89183 30
    endloop
  endfacet
  facet normal -1 0 0
    outer loop
      vertex -13.4865 1.35129 29.32
      vertex -13.4865 1.35129 30
      vertex -13.4865 1.89183 29.32
    endloop
  endfacet
  facet normal -1 -0 -0
    outer loop
      vertex -13.4865 1.89183 30
      vertex -13.4865 1.89183 29.32
      vertex -13.4865 1.35129 30
    endloop
  endfacet
  facet normal 0 -1 0
    outer loop
      vertex -11.8648 1.35129 29.32
      vertex -11.8648 1.35129 30
      vertex -13.4865 1.35129 29.32
    endloop
  endfacet
  facet normal 0 -1 0
    outer loop
      vertex -13.4865 1.35129 30
      vertex -13.4865 1.35129 29.32
      vertex -11.8648 1.35129 30
    endloop
  endfacet
  facet normal 1 0 -0
    outer loop
      vertex -11.8648 1.89194 29.32
      vertex -11.8648 1.89194 30
      vertex -11.8648 1.35129 29.32
    endloop
  endfacet
  facet normal 1 -0 0
    outer loop
      vertex -11.8648 1.35129 30
      vertex -11.8648 1.35129 29.32
      vertex -11.8648 1.89194 30
    endloop
  endfacet
  facet normal 0 1 0
    outer loop
      vertex -12.9459 1.89194 29.32
      vertex -12.9459 1.89194 30
      vertex -11.8648 1.89194 29.32
    endloop
  endfacet
  facet normal 0 1 0
    outer loop
      vertex -11.8648 1.89194 30
      vertex -11.8648 1.89194 29.32
      vertex -12.9459 1.89194 30
    endloop
  endfacet
  facet normal 1 0 -0
    outer loop
      vertex -12.9459 2.43248 29.32
      vertex -12.9459 2.43248 30
      vertex -12.9459 1.89194 29.32
    endloop
  endfacet
  facet normal 1 -0 0
    outer loop
      vertex -12.9459 1.89194 30
      vertex -12.9459 1.89194 29.32
      vertex -12.9459 2.43248 30
    endloop
  endfacet
  facet normal 0 1 0
    outer loop
      vertex -14.0271 2.43248 29.32
      vertex -14.0271 2.43248 30
      vertex -12.9459 2.43248 29.32
    endloop
  endfacet
  facet normal 0 1 0
    outer loop
      vertex -12.9459 2.43248 30
      vertex -12.9459 2.43248 29.32
      vertex -14.0271 2.43248 30
    endloop
  endfacet
  facet normal -1 0 0
    outer loop
      vertex -14.0271 1.89194 29.32
      vertex -14.0271 1.89194 30
      vertex -14.0271 2.43248 29.32
    endloop
  endfacet
  facet normal -1 -0 -0
    outer loop
      vertex -14.0271 2.43248 30
      vertex -14.0271 2.43248 29.32
      vertex -14.0271 1.89194 30
    endloop
  endfacet
  facet normal 0 1 0
    outer loop
      vertex -15.6487 1.89194 29.32
      vertex -15.6487 1.89194 30
      vertex -14.0271 1.89194 29.32
    endloop
  endfacet
  facet normal 0 1 0
    outer loop
      vertex -14.0271 1.89194 30
      vertex -14.0271 1.89194 29.32
      vertex -15.6487 1.89194 30
    endloop
  endfacet
  facet normal -1 0 0
    outer loop
      vertex -15.6487 0.81086 29.32
      vertex -15.6487 0.81086 30
      vertex -15.6487 1.89194 29.32
    endloop
  endfacet
  facet normal -1 -0 -0
    outer loop
      vertex -15.6487 1.89194 30
      vertex -15.6487 1.89194 29.32
      vertex -15.6487 0.81086 30
    endloop
  endfacet
  facet normal 0 1 0
    outer loop
      vertex -16.1891 0.81086 29.32
      vertex -16.1891 0.81086 30
      vertex -15.6487 0.81086 29.32
    endloop
  endfacet
  facet normal 0 1 0
    outer loop
      vertex -15.6487 0.81086 30
      vertex -15.6487 0.81086 29.32
      vertex -16.1891 0.81086 30
    endloop
  endfacet
  facet normal 1 0 -0
    outer loop
      vertex -16.1891 2.43248 29.32
      vertex -16.1891 2.43248 30
      vertex -16.1891 0.81086 29.32
    endloop
  endfacet
  facet normal 1 -0 0
    outer loop
      vertex -16.1891 0.81086 30
      vertex -16.1891 0.81086 29.32
      vertex -16.1891 2.43248 30
    endloop
  endfacet
  facet normal 0 1 0
    outer loop
      vertex -16.7298 2.43248 29.32
      vertex -16.7298 2.43248 30
      vertex -16.1891 2.43248 29.32
    endloop
  endfacet
  facet normal 0 1 0
    outer loop
      vertex -16.1891 2.43248 30
      vertex -16.1891 2.43248 29.32
      vertex -16.7298 2.43248 30
    endloop
  endfacet
  facet normal -1 0 0
    outer loop
      vertex -16.7298 1.89194 29.32
      vertex -16.7298 1.89194 30
      vertex -16.7298 2.43248 29.32
    endloop
  endfacet
  facet normal -1 -0 -0
    outer loop
      vertex -16.7298 2.43248 30
      vertex -16.7298 2.43248 29.32
      vertex -16.7298 1.89194 30
    endloop
  endfacet
  facet normal 0 1 0
    outer loop
      vertex -17.8108 1.89194 29.32
      vertex -17.8108 1.89194 30
      vertex -16.7298 1.89194 29.32
    endloop
  endfacet
  facet normal 0 1 0
    outer loop
      vertex -16.7298 1.89194 30
      vertex -16.7298 1.89194 29.32
      vertex -17.8108 1.89194 30
    endloop
  endfacet
  facet normal 1 0 -0
    outer loop
      vertex -17.8108 2.43237 29.32
      vertex -17.8108 2.43237 30
      vertex -17.8108 1.89194 29.32
    endloop
  endfacet
  facet normal 1 -0 0
    outer loop
      vertex -17.8108 1.89194 30
      vertex -17.8108 1.89194 29.32
      vertex -17.8108 2.43237 30
    endloop
  endfacet
  facet normal 0 -1 0
    outer loop
      vertex -17.2702 2.43237 29.32
      vertex -17.2702 2.43237 30
      vertex -17.8108 2.43237 29.32
    endloop
  endfacet
  facet normal 0 -1 0
    outer loop
      vertex -17.8108 2.43237 30
      vertex -17.8108 2.43237 29.32
      vertex -17.2702 2.43237 30
    endloop
  endfacet
  facet normal 1 0 -0
    outer loop
      vertex -17.2702 2.97292 29.32
      vertex -17.2702 2.97292 30
      vertex -17.2702 2.43237 29.32
    endloop
  endfacet
  facet normal 1 -0 0
    outer loop
      vertex -17.2702 2.43237 30
      vertex -17.2702 2.43237 29.32
      vertex -17.2702 2.97292 30
    endloop
  endfacet
  facet normal 0 -1 0
    outer loop
      vertex -16.1891 2.97292 29.32
      vertex -16.1891 2.97292 30
      vertex -17.2702 2.97292 29.32
    endloop
  endfacet
  facet normal 0 -1 0
    outer loop
      vertex -17.2702 2.97292 30
      vertex -17.2702 2.97292 29.32
      vertex -16.1891 2.97292 30
    endloop
  endfacet
  facet normal 1 0 -0
    outer loop
      vertex -16.1891 3.51346 29.32
      vertex -16.1891 3.51346 30
      vertex -16.1891 2.97292 29.32
    endloop
  endfacet
  facet normal 1 -0 0
    outer loop
      vertex -16.1891 2.97292 30
      vertex -16.1891 2.97292 29.32
      vertex -16.1891 3.51346 30
    endloop
  endfacet
  facet normal 0 -1 0
    outer loop
      vertex -15.1082 3.51346 29.32
      vertex -15.1082 3.51346 30
      vertex -16.1891 3.51346 29.32
    endloop
  endfacet
  facet normal 0 -1 0
    outer loop
      vertex -16.1891 3.51346 30
      vertex -16.1891 3.51346 29.32
      vertex -15.1082 3.51346 30
    endloop
  endfacet
  facet normal -1 0 0
    outer loop
      vertex -15.1082 2.97292 29.32
      vertex -15.1082 2.97292 30
      vertex -15.1082 3.51346 29.32
    endloop
  endfacet
  facet normal -1 -0 -0
    outer loop
      vertex -15.1082 3.51346 30
      vertex -15.1082 3.51346 29.32
      vertex -15.1082 2.97292 30
    endloop
  endfacet
  facet normal 0 -1 0
    outer loop
      vertex -14.027 2.97292 29.32
      vertex -14.027 2.97292 30
      vertex -15.1082 2.97292 29.32
    endloop
  endfacet
  facet normal 0 -1 0
    outer loop
      vertex -15.1082 2.97292 30
      vertex -15.1082 2.97292 29.32
      vertex -14.027 2.97292 30
    endloop
  endfacet
  facet normal 1 0 -0
    outer loop
      vertex -14.027 3.51346 29.32
      vertex -14.027 3.51346 30
      vertex -14.027 2.97292 29.32
    endloop
  endfacet
  facet normal 1 -0 0
    outer loop
      vertex -14.027 2.97292 30
      vertex -14.027 2.97292 29.32
      vertex -14.027 3.51346 30
    endloop
  endfacet
  facet normal 0 -1 0
    outer loop
      vertex -13.4865 3.51346 29.32
      vertex -13.4865 3.51346 30
      vertex -14.027 3.51346 29.32
    endloop
  endfacet
  facet normal 0 -1 0
    outer loop
      vertex -14.027 3.51346 30
      vertex -14.027 3.51346 29.32
      vertex -13.4865 3.51346 30
    endloop
  endfacet
  facet normal -1 0 0
    outer loop
      vertex -13.4865 2.97292 29.32
      vertex -13.4865 2.97292 30
      vertex -13.4865 3.51346 29.32
    endloop
  endfacet
  facet normal -1 -0 -0
    outer loop
      vertex -13.4865 3.51346 30
      vertex -13.4865 3.51346 29.32
      vertex -13.4865 2.97292 30
    endloop
  endfacet
  facet normal 0 -1 0
    outer loop
      vertex -12.9459 2.97292 29.32
      vertex -12.9459 2.97292 30
      vertex -13.4865 2.97292 29.32
    endloop
  endfacet
  facet normal 0 -1 0
    outer loop
      vertex -13.4865 2.97292 30
      vertex -13.4865 2.97292 29.32
      vertex -12.9459 2.97292 30
    endloop
  endfacet
  facet normal 1 0 -0
    outer loop
      vertex -12.9459 3.51346 29.32
      vertex -12.9459 3.51346 30
      vertex -12.9459 2.97292 29.32
    endloop
  endfacet
  facet normal 1 -0 0
    outer loop
      vertex -12.9459 2.97292 30
      vertex -12.9459 2.97292 29.32
      vertex -12.9459 3.51346 30
    endloop
  endfacet
  facet normal 0 -1 0
    outer loop
      vertex -11.8649 3.51346 29.32
      vertex -11.8649 3.51346 30
      vertex -12.9459 3.51346 29.32
    endloop
  endfacet
  facet normal 0 -1 0
    outer loop
      vertex -12.9459 3.51346 30
      vertex -12.9459 3.51346 29.32
      vertex -11.8649 3.51346 30
    endloop
  endfacet
  facet normal -1 0 0
    outer loop
      vertex -11.8649 2.97292 29.32
      vertex -11.8649 2.97292 30
      vertex -11.8649 3.51346 29.32
    endloop
  endfacet
  facet normal -1 -0 -0
    outer loop
      vertex -11.8649 3.51346 30
      vertex -11.8649 3.51346 29.32
      vertex -11.8649 2.97292 30
    endloop
  endfacet
  facet normal 0 -1 0
    outer loop
      vertex -10.7838 2.97292 29.32
      vertex -10.7838 2.97292 30
      vertex -11.8649 2.97292 29.32
    endloop
  endfacet
  facet normal 0 -1 0
    outer loop
      vertex -11.8649 2.97292 30
      vertex -11.8649 2.97292 29.32
      vertex -10.7838 2.97292 30
    endloop
  endfacet
  facet normal -1 0 0
    outer loop
      vertex -10.7838 2.43248 29.32
      vertex -10.7838 2.43248 30
      vertex -10.7838 2.97292 29.32
    endloop
  endfacet
  facet normal -1 -0 -0
    outer loop
      vertex -10.7838 2.97292 30
      vertex -10.7838 2.97292 29.32
      vertex -10.7838 2.43248 30
    endloop
  endfacet
  facet normal 0 1 0
    outer loop
      vertex -11.3244 2.43248 29.32
      vertex -11.3244 2.43248 30
      vertex -10.7838 2.43248 29.32
    endloop
  endfacet
  facet normal 0 1 0
    outer loop
      vertex -10.7838 2.43248 30
      vertex -10.7838 2.43248 29.32
      vertex -11.3244 2.43248 30
    endloop
  endfacet
  facet normal -1 0 0
    outer loop
      vertex -11.3244 1.35129 29.32
      vertex -11.3244 1.35129 30
      vertex -11.3244 2.43248 29.32
    endloop
  endfacet
  facet normal -1 -0 -0
    outer loop
      vertex -11.3244 2.43248 30
      vertex -11.3244 2.43248 29.32
      vertex -11.3244 1.35129 30
    endloop
  endfacet
  facet normal 0 -1 0
    outer loop
      vertex -10.7837 1.35129 29.32
      vertex -10.7837 1.35129 30
      vertex -11.3244 1.35129 29.32
    endloop
  endfacet
  facet normal 0 -1 0
    outer loop
      vertex -11.3244 1.35129 30
      vertex -11.3244 1.35129 29.32
      vertex -10.7837 1.35129 30
    endloop
  endfacet
  facet normal 1 0 -0
    outer loop
      vertex -10.7837 1.89183 29.32
      vertex -10.7837 1.89183 30
      vertex -10.7837 1.35129 29.32
    endloop
  endfacet
  facet normal 1 -0 0
    outer loop
      vertex -10.7837 1.35129 30
      vertex -10.7837 1.35129 29.32
      vertex -10.7837 1.89183 30
    endloop
  endfacet
  facet normal 0 -1 0
    outer loop
      vertex -10.2433 1.89183 29.32
      vertex -10.2433 1.89183 30
      vertex -10.7837 1.89183 29.32
    endloop
  endfacet
  facet normal 0 -1 0
    outer loop
      vertex -10.7837 1.89183 30
      vertex -10.7837 1.89183 29.32
      vertex -10.2433 1.89183 30
    endloop
  endfacet
  facet normal -1 0 0
    outer loop
      vertex -10.2433 0.810753 29.32
      vertex -10.2433 0.810753 30
      vertex -10.2433 1.89183 29.32
    endloop
  endfacet
  facet normal -1 -0 -0
    outer loop
      vertex -10.2433 1.89183 30
      vertex -10.2433 1.89183 29.32
      vertex -10.2433 0.810753 30
    endloop
  endfacet
  facet normal 0 -1 0
    outer loop
      vertex -9.16221 0.810753 29.32
      vertex -9.16221 0.810753 30
      vertex -10.2433 0.810753 29.32
    endloop
  endfacet
  facet normal 0 -1 0
    outer loop
      vertex -10.2433 0.810753 30
      vertex -10.2433 0.810753 29.32
      vertex -9.16221 0.810753 30
    endloop
  endfacet
  facet normal -1 0 0
    outer loop
      vertex -9.16221 0.270213 29.32
      vertex -9.16221 0.270213 30
      vertex -9.16221 0.810753 29.32
    endloop
  endfacet
  facet normal -1 -0 -0
    outer loop
      vertex -9.16221 0.810753 30
      vertex -9.16221 0.810753 29.32
      vertex -9.16221 0.270213 30
    endloop
  endfacet
  facet normal 0 -1 0
    outer loop
      vertex -8.62167 0.270213 29.32
      vertex -8.62167 0.270213 30
      vertex -9.16221 0.270213 29.32
    endloop
  endfacet
  facet normal 0 -1 0
    outer loop
      vertex -9.16221 0.270213 30
      vertex -9.16221 0.270213 29.32
      vertex -8.62167 0.270213 30
    endloop
  endfacet
  facet normal -1 0 0
    outer loop
      vertex -8.62167 -0.270221 29.32
      vertex -8.62167 -0.270221 30
      vertex -8.62167 0.270213 29.32
    endloop
  endfacet
  facet normal -1 -0 -0
    outer loop
      vertex -8.62167 0.270213 30
      vertex -8.62167 0.270213 29.32
      vertex -8.62167 -0.270221 30
    endloop
  endfacet
  facet normal 0 1 0
    outer loop
      vertex -9.16221 -0.270221 29.32
      vertex -9.16221 -0.270221 30
      vertex -8.62167 -0.270221 29.32
    endloop
  endfacet
  facet normal 0 1 0
    outer loop
      vertex -8.62167 -0.270221 30
      vertex -8.62167 -0.270221 29.32
      vertex -9.16221 -0.270221 30
    endloop
  endfacet
  facet normal -1 0 0
    outer loop
      vertex -9.16221 -0.810869 29.32
      vertex -9.16221 -0.810869 30
      vertex -9.16221 -0.270221 29.32
    endloop
  endfacet
  facet normal -1 -0 -0
    outer loop
      vertex -9.16221 -0.270221 30
      vertex -9.16221 -0.270221 29.32
      vertex -9.16221 -0.810869 30
    endloop
  endfacet
  facet normal 0 -1 0
    outer loop
      vertex -7.54059 -0.810869 29.32
      vertex -7.54059 -0.810869 30
      vertex -9.16221 -0.810869 29.32
    endloop
  endfacet
  facet normal 0 -1 0
    outer loop
      vertex -9.16221 -0.810869 30
      vertex -9.16221 -0.810869 29.32
      vertex -7.54059 -0.810869 30
    endloop
  endfacet
  facet normal -1 0 0
    outer loop
      vertex -7.54059 -1.3513 29.32
      vertex -7.54059 -1.3513 30
      vertex -7.54059 -0.810869 29.32
    endloop
  endfacet
  facet normal -1 -0 -0
    outer loop
      vertex -7.54059 -0.810869 30
      vertex -7.54059 -0.810869 29.32
      vertex -7.54059 -1.3513 30
    endloop
  endfacet
  facet normal -1 0 0
    outer loop
      vertex -10.7838 -0.810869 29.32
      vertex -10.7838 -0.270221 30
      vertex -10.7838 -0.270221 29.32
    endloop
  endfacet
  facet normal -1 0 0
    outer loop
      vertex -10.7838 -0.810869 29.32
      vertex -10.7838 -0.810869 30
      vertex -10.7838 -0.270221 30
    endloop
  endfacet
  facet normal 0 -1 0
    outer loop
      vertex -10.2432 -0.810869 29.32
      vertex -10.7838 -0.810869 30
      vertex -10.7838 -0.810869 29.32
    endloop
  endfacet
  facet normal 0 -1 0
    outer loop
      vertex -10.2432 -0.810869 29.32
      vertex -10.2432 -0.810869 30
      vertex -10.7838 -0.810869 30
    endloop
  endfacet
  facet normal 1 0 0
    outer loop
      vertex -10.2432 -0.270221 29.32
      vertex -10.2432 -0.810869 30
      vertex -10.2432 -0.810869 29.32
    endloop
  endfacet
  facet normal 1 0 -0
    outer loop
      vertex -10.2432 -0.270221 29.32
      vertex -10.2432 -0.270221 30
      vertex -10.2432 -0.810869 30
    endloop
  endfacet
  facet normal 0 1 0
    outer loop
      vertex -10.7838 -0.270221 29.32
      vertex -10.2432 -0.270221 30
      vertex -10.2432 -0.270221 29.32
    endloop
  endfacet
  facet normal 0 1 0
    outer loop
      vertex -10.7838 -0.270221 29.32
      vertex -10.7838 -0.270221 30
      vertex -10.2432 -0.270221 30
    endloop
  endfacet
  facet normal -1 0 0
    outer loop
      vertex -16.1892 -7.83779 29.32
      vertex -16.1892 -7.83779 30
      vertex -16.1892 -7.29736 29.32
    endloop
  endfacet
  facet normal -1 -0 -0
    outer loop
      vertex -16.1892 -7.29736 30
      vertex -16.1892 -7.29736 29.32
      vertex -16.1892 -7.83779 30
    endloop
  endfacet
  facet normal 0 1 0
    outer loop
      vertex -17.2702 -7.83779 29.32
      vertex -17.2702 -7.83779 30
      vertex -16.1892 -7.83779 29.32
    endloop
  endfacet
  facet normal 0 1 0
    outer loop
      vertex -16.1892 -7.83779 30
      vertex -16.1892 -7.83779 29.32
      vertex -17.2702 -7.83779 30
    endloop
  endfacet
  facet normal 1 0 -0
    outer loop
      vertex -17.2702 -6.75681 29.32
      vertex -17.2702 -6.75681 30
      vertex -17.2702 -7.83779 29.32
    endloop
  endfacet
  facet normal 1 -0 0
    outer loop
      vertex -17.2702 -7.83779 30
      vertex -17.2702 -7.83779 29.32
      vertex -17.2702 -6.75681 30
    endloop
  endfacet
  facet normal 0 -1 0
    outer loop
      vertex -16.7298 -6.75681 29.32
      vertex -16.7298 -6.75681 30
      vertex -17.2702 -6.75681 29.32
    endloop
  endfacet
  facet normal 0 -1 0
    outer loop
      vertex -17.2702 -6.75681 30
      vertex -17.2702 -6.75681 29.32
      vertex -16.7298 -6.75681 30
    endloop
  endfacet
  facet normal -1 0 0
    outer loop
      vertex -16.7298 -7.29736 29.32
      vertex -16.7298 -7.29736 30
      vertex -16.7298 -6.75681 29.32
    endloop
  endfacet
  facet normal -1 -0 -0
    outer loop
      vertex -16.7298 -6.75681 30
      vertex -16.7298 -6.75681 29.32
      vertex -16.7298 -7.29736 30
    endloop
  endfacet
  facet normal 0 -1 0
    outer loop
      vertex -16.1892 -7.29736 29.32
      vertex -16.1892 -7.29736 30
      vertex -16.7298 -7.29736 29.32
    endloop
  endfacet
  facet normal 0 -1 0
    outer loop
      vertex -16.7298 -7.29736 30
      vertex -16.7298 -7.29736 29.32
      vertex -16.1892 -7.29736 30
    endloop
  endfacet
  facet normal 0 1 0
    outer loop
      vertex -16.7297 -6.75671 29.32
      vertex -16.7297 -6.75671 30
      vertex -16.1892 -6.75671 29.32
    endloop
  endfacet
  facet normal 0 1 0
    outer loop
      vertex -16.1892 -6.75671 30
      vertex -16.1892 -6.75671 29.32
      vertex -16.7297 -6.75671 30
    endloop
  endfacet
  facet normal 1 0 -0
    outer loop
      vertex -16.7297 -6.21627 29.32
      vertex -16.7297 -6.21627 30
      vertex -16.7297 -6.75671 29.32
    endloop
  endfacet
  facet normal 1 -0 0
    outer loop
      vertex -16.7297 -6.75671 30
      vertex -16.7297 -6.75671 29.32
      vertex -16.7297 -6.21627 30
    endloop
  endfacet
  facet normal 0 -1 0
    outer loop
      vertex -16.1892 -6.21627 29.32
      vertex -16.1892 -6.21627 30
      vertex -16.7297 -6.21627 29.32
    endloop
  endfacet
  facet normal 0 -1 0
    outer loop
      vertex -16.7297 -6.21627 30
      vertex -16.7297 -6.21627 29.32
      vertex -16.1892 -6.21627 30
    endloop
  endfacet
  facet normal -1 0 0
    outer loop
      vertex -16.1892 -6.75671 29.32
      vertex -16.1892 -6.75671 30
      vertex -16.1892 -6.21627 29.32
    endloop
  endfacet
  facet normal -1 -0 -0
    outer loop
      vertex -16.1892 -6.21627 30
      vertex -16.1892 -6.21627 29.32
      vertex -16.1892 -6.75671 30
    endloop
  endfacet
  facet normal 0 1 0
    outer loop
      vertex -16.7297 0.27032 29.32
      vertex -16.7297 0.27032 30
      vertex -16.1892 0.27032 29.32
    endloop
  endfacet
  facet normal 0 1 0
    outer loop
      vertex -16.1892 0.27032 30
      vertex -16.1892 0.27032 29.32
      vertex -16.7297 0.27032 30
    endloop
  endfacet
  facet normal 1 0 -0
    outer loop
      vertex -16.7297 0.810753 29.32
      vertex -16.7297 0.810753 30
      vertex -16.7297 0.27032 29.32
    endloop
  endfacet
  facet normal 1 -0 0
    outer loop
      vertex -16.7297 0.27032 30
      vertex -16.7297 0.27032 29.32
      vertex -16.7297 0.810753 30
    endloop
  endfacet
  facet normal 0 -1 0
    outer loop
      vertex -16.1892 0.810753 29.32
      vertex -16.1892 0.810753 30
      vertex -16.7297 0.810753 29.32
    endloop
  endfacet
  facet normal 0 -1 0
    outer loop
      vertex -16.7297 0.810753 30
      vertex -16.7297 0.810753 29.32
      vertex -16.1892 0.810753 30
    endloop
  endfacet
  facet normal -1 0 0
    outer loop
      vertex -16.1892 0.27032 29.32
      vertex -16.1892 0.27032 30
      vertex -16.1892 0.810753 29.32
    endloop
  endfacet
  facet normal -1 -0 -0
    outer loop
      vertex -16.1892 0.810753 30
      vertex -16.1892 0.810753 29.32
      vertex -16.1892 0.27032 30
    endloop
  endfacet
  facet normal 0 1 0
    outer loop
      vertex -15.6487 -2.43238 29.32
      vertex -15.6487 -2.43238 30
      vertex -15.1082 -2.43238 29.32
    endloop
  endfacet
  facet normal 0 1 0
    outer loop
      vertex -15.1082 -2.43238 30
      vertex -15.1082 -2.43238 29.32
      vertex -15.6487 -2.43238 30
    endloop
  endfacet
  facet normal -1 0 0
    outer loop
      vertex -15.6487 -2.97292 29.32
      vertex -15.6487 -2.97292 30
      vertex -15.6487 -2.43238 29.32
    endloop
  endfacet
  facet normal -1 -0 -0
    outer loop
      vertex -15.6487 -2.43238 30
      vertex -15.6487 -2.43238 29.32
      vertex -15.6487 -2.97292 30
    endloop
  endfacet
  facet normal 0 1 0
    outer loop
      vertex -16.1892 -2.97292 29.32
      vertex -16.1892 -2.97292 30
      vertex -15.6487 -2.97292 29.32
    endloop
  endfacet
  facet normal 0 1 0
    outer loop
      vertex -15.6487 -2.97292 30
      vertex -15.6487 -2.97292 29.32
      vertex -16.1892 -2.97292 30
    endloop
  endfacet
  facet normal -1 0 0
    outer loop
      vertex -16.1892 -3.51346 29.32
      vertex -16.1892 -3.51346 30
      vertex -16.1892 -2.97292 29.32
    endloop
  endfacet
  facet normal -1 -0 -0
    outer loop
      vertex -16.1892 -2.97292 30
      vertex -16.1892 -2.97292 29.32
      vertex -16.1892 -3.51346 30
    endloop
  endfacet
  facet normal 0 1 0
    outer loop
      vertex -16.7297 -3.51346 29.32
      vertex -16.7297 -3.51346 30
      vertex -16.1892 -3.51346 29.32
    endloop
  endfacet
  facet normal 0 1 0
    outer loop
      vertex -16.1892 -3.51346 30
      vertex -16.1892 -3.51346 29.32
      vertex -16.7297 -3.51346 30
    endloop
  endfacet
  facet normal 1 0 -0
    outer loop
      vertex -16.7297 -2.43249 29.32
      vertex -16.7297 -2.43249 30
      vertex -16.7297 -3.51346 29.32
    endloop
  endfacet
  facet normal 1 -0 0
    outer loop
      vertex -16.7297 -3.51346 30
      vertex -16.7297 -3.51346 29.32
      vertex -16.7297 -2.43249 30
    endloop
  endfacet
  facet normal 0 -1 0
    outer loop
      vertex -16.1891 -2.43249 29.32
      vertex -16.1891 -2.43249 30
      vertex -16.7297 -2.43249 29.32
    endloop
  endfacet
  facet normal 0 -1 0
    outer loop
      vertex -16.7297 -2.43249 30
      vertex -16.7297 -2.43249 29.32
      vertex -16.1891 -2.43249 30
    endloop
  endfacet
  facet normal 1 0 -0
    outer loop
      vertex -16.1891 -1.35141 29.32
      vertex -16.1891 -1.35141 30
      vertex -16.1891 -2.43249 29.32
    endloop
  endfacet
  facet normal 1 -0 0
    outer loop
      vertex -16.1891 -2.43249 30
      vertex -16.1891 -2.43249 29.32
      vertex -16.1891 -1.35141 30
    endloop
  endfacet
  facet normal 0 -1 0
    outer loop
      vertex -15.6487 -1.35141 29.32
      vertex -15.6487 -1.35141 30
      vertex -16.1891 -1.35141 29.32
    endloop
  endfacet
  facet normal 0 -1 0
    outer loop
      vertex -16.1891 -1.35141 30
      vertex -16.1891 -1.35141 29.32
      vertex -15.6487 -1.35141 30
    endloop
  endfacet
  facet normal -1 0 0
    outer loop
      vertex -15.6487 -1.89195 29.32
      vertex -15.6487 -1.89195 30
      vertex -15.6487 -1.35141 29.32
    endloop
  endfacet
  facet normal -1 -0 -0
    outer loop
      vertex -15.6487 -1.35141 30
      vertex -15.6487 -1.35141 29.32
      vertex -15.6487 -1.89195 30
    endloop
  endfacet
  facet normal 0 -1 0
    outer loop
      vertex -15.1082 -1.89195 29.32
      vertex -15.1082 -1.89195 30
      vertex -15.6487 -1.89195 29.32
    endloop
  endfacet
  facet normal 0 -1 0
    outer loop
      vertex -15.6487 -1.89195 30
      vertex -15.6487 -1.89195 29.32
      vertex -15.1082 -1.89195 30
    endloop
  endfacet
  facet normal -1 0 0
    outer loop
      vertex -15.1082 -2.43238 29.32
      vertex -15.1082 -2.43238 30
      vertex -15.1082 -1.89195 29.32
    endloop
  endfacet
  facet normal -1 -0 -0
    outer loop
      vertex -15.1082 -1.89195 30
      vertex -15.1082 -1.89195 29.32
      vertex -15.1082 -2.43238 30
    endloop
  endfacet
  facet normal 0 1 0
    outer loop
      vertex -16.7297 -8.91887 29.32
      vertex -16.7297 -8.91887 30
      vertex -16.1892 -8.91887 29.32
    endloop
  endfacet
  facet normal 0 1 0
    outer loop
      vertex -16.1892 -8.91887 30
      vertex -16.1892 -8.91887 29.32
      vertex -16.7297 -8.91887 30
    endloop
  endfacet
  facet normal 1 0 -0
    outer loop
      vertex -16.7297 -8.37844 29.32
      vertex -16.7297 -8.37844 30
      vertex -16.7297 -8.91887 29.32
    endloop
  endfacet
  facet normal 1 -0 0
    outer loop
      vertex -16.7297 -8.91887 30
      vertex -16.7297 -8.91887 29.32
      vertex -16.7297 -8.37844 30
    endloop
  endfacet
  facet normal 0 -1 0
    outer loop
      vertex -16.1892 -8.37844 29.32
      vertex -16.1892 -8.37844 30
      vertex -16.7297 -8.37844 29.32
    endloop
  endfacet
  facet normal 0 -1 0
    outer loop
      vertex -16.7297 -8.37844 30
      vertex -16.7297 -8.37844 29.32
      vertex -16.1892 -8.37844 30
    endloop
  endfacet
  facet normal -1 0 0
    outer loop
      vertex -16.1892 -8.91887 29.32
      vertex -16.1892 -8.91887 30
      vertex -16.1892 -8.37844 29.32
    endloop
  endfacet
  facet normal -1 -0 -0
    outer loop
      vertex -16.1892 -8.37844 30
      vertex -16.1892 -8.37844 29.32
      vertex -16.1892 -8.91887 30
    endloop
  endfacet
  facet normal 0 1 0
    outer loop
      vertex -16.1891 -0.270221 29.32
      vertex -16.1891 -0.270221 30
      vertex -15.1082 -0.270221 29.32
    endloop
  endfacet
  facet normal 0 1 0
    outer loop
      vertex -15.1082 -0.270221 30
      vertex -15.1082 -0.270221 29.32
      vertex -16.1891 -0.270221 30
    endloop
  endfacet
  facet normal 1 0 -0
    outer loop
      vertex -16.1891 0.270213 29.32
      vertex -16.1891 0.270213 30
      vertex -16.1891 -0.270221 29.32
    endloop
  endfacet
  facet normal 1 -0 0
    outer loop
      vertex -16.1891 -0.270221 30
      vertex -16.1891 -0.270221 29.32
      vertex -16.1891 0.270213 30
    endloop
  endfacet
  facet normal 0 -1 0
    outer loop
      vertex -15.6486 0.270213 29.32
      vertex -15.6486 0.270213 30
      vertex -16.1891 0.270213 29.32
    endloop
  endfacet
  facet normal 0 -1 0
    outer loop
      vertex -16.1891 0.270213 30
      vertex -16.1891 0.270213 29.32
      vertex -15.6486 0.270213 30
    endloop
  endfacet
  facet normal 1 0 -0
    outer loop
      vertex -15.6486 0.810753 29.32
      vertex -15.6486 0.810753 30
      vertex -15.6486 0.270213 29.32
    endloop
  endfacet
  facet normal 1 -0 0
    outer loop
      vertex -15.6486 0.270213 30
      vertex -15.6486 0.270213 29.32
      vertex -15.6486 0.810753 30
    endloop
  endfacet
  facet normal 0 -1 0
    outer loop
      vertex -15.1082 0.810753 29.32
      vertex -15.1082 0.810753 30
      vertex -15.6486 0.810753 29.32
    endloop
  endfacet
  facet normal 0 -1 0
    outer loop
      vertex -15.6486 0.810753 30
      vertex -15.6486 0.810753 29.32
      vertex -15.1082 0.810753 30
    endloop
  endfacet
  facet normal -1 0 0
    outer loop
      vertex -15.1082 -0.270221 29.32
      vertex -15.1082 -0.270221 30
      vertex -15.1082 0.810753 29.32
    endloop
  endfacet
  facet normal -1 -0 -0
    outer loop
      vertex -15.1082 0.810753 30
      vertex -15.1082 0.810753 29.32
      vertex -15.1082 -0.270221 30
    endloop
  endfacet
  facet normal 0 1 0
    outer loop
      vertex -16.1891 -9.45941 29.32
      vertex -16.1891 -9.45941 30
      vertex -15.6487 -9.45941 29.32
    endloop
  endfacet
  facet normal 0 1 0
    outer loop
      vertex -15.6487 -9.45941 30
      vertex -15.6487 -9.45941 29.32
      vertex -16.1891 -9.45941 30
    endloop
  endfacet
  facet normal 1 0 -0
    outer loop
      vertex -16.1891 -8.91898 29.32
      vertex -16.1891 -8.91898 30
      vertex -16.1891 -9.45941 29.32
    endloop
  endfacet
  facet normal 1 -0 0
    outer loop
      vertex -16.1891 -9.45941 30
      vertex -16.1891 -9.45941 29.32
      vertex -16.1891 -8.91898 30
    endloop
  endfacet
  facet normal 0 -1 0
    outer loop
      vertex -15.6487 -8.91898 29.32
      vertex -15.6487 -8.91898 30
      vertex -16.1891 -8.91898 29.32
    endloop
  endfacet
  facet normal 0 -1 0
    outer loop
      vertex -16.1891 -8.91898 30
      vertex -16.1891 -8.91898 29.32
      vertex -15.6487 -8.91898 30
    endloop
  endfacet
  facet normal -1 0 0
    outer loop
      vertex -15.6487 -9.45941 29.32
      vertex -15.6487 -9.45941 30
      vertex -15.6487 -8.91898 29.32
    endloop
  endfacet
  facet normal -1 -0 -0
    outer loop
      vertex -15.6487 -8.91898 30
      vertex -15.6487 -8.91898 29.32
      vertex -15.6487 -9.45941 30
    endloop
  endfacet
  facet normal 0 1 0
    outer loop
      vertex -14.0271 -2.97292 29.32
      vertex -14.0271 -2.97292 30
      vertex -12.4055 -2.97292 29.32
    endloop
  endfacet
  facet normal 0 1 0
    outer loop
      vertex -12.4055 -2.97292 30
      vertex -12.4055 -2.97292 29.32
      vertex -14.0271 -2.97292 30
    endloop
  endfacet
  facet normal -1 0 0
    outer loop
      vertex -14.0271 -3.51357 29.32
      vertex -14.0271 -3.51357 30
      vertex -14.0271 -2.97292 29.32
    endloop
  endfacet
  facet normal -1 -0 -0
    outer loop
      vertex -14.0271 -2.97292 30
      vertex -14.0271 -2.97292 29.32
      vertex -14.0271 -3.51357 30
    endloop
  endfacet
  facet normal 0 -1 0
    outer loop
      vertex -13.4865 -3.51357 29.32
      vertex -13.4865 -3.51357 30
      vertex -14.0271 -3.51357 29.32
    endloop
  endfacet
  facet normal 0 -1 0
    outer loop
      vertex -14.0271 -3.51357 30
      vertex -14.0271 -3.51357 29.32
      vertex -13.4865 -3.51357 30
    endloop
  endfacet
  facet normal -1 0 0
    outer loop
      vertex -13.4865 -4.054 29.32
      vertex -13.4865 -4.054 30
      vertex -13.4865 -3.51357 29.32
    endloop
  endfacet
  facet normal -1 -0 -0
    outer loop
      vertex -13.4865 -3.51357 30
      vertex -13.4865 -3.51357 29.32
      vertex -13.4865 -4.054 30
    endloop
  endfacet
  facet normal 0 1 0
    outer loop
      vertex -15.1081 -4.054 29.32
      vertex -15.1081 -4.054 30
      vertex -13.4865 -4.054 29.32
    endloop
  endfacet
  facet normal 0 1 0
    outer loop
      vertex -13.4865 -4.054 30
      vertex -13.4865 -4.054 29.32
      vertex -15.1081 -4.054 30
    endloop
  endfacet
  facet normal 1 0 -0
    outer loop
      vertex -15.1081 -2.97303 29.32
      vertex -15.1081 -2.97303 30
      vertex -15.1081 -4.054 29.32
    endloop
  endfacet
  facet normal 1 -0 0
    outer loop
      vertex -15.1081 -4.054 30
      vertex -15.1081 -4.054 29.32
      vertex -15.1081 -2.97303 30
    endloop
  endfacet
  facet normal 0 -1 0
    outer loop
      vertex -14.5675 -2.97303 29.32
      vertex -14.5675 -2.97303 30
      vertex -15.1081 -2.97303 29.32
    endloop
  endfacet
  facet normal 0 -1 0
    outer loop
      vertex -15.1081 -2.97303 30
      vertex -15.1081 -2.97303 29.32
      vertex -14.5675 -2.97303 30
    endloop
  endfacet
  facet normal 1 0 -0
    outer loop
      vertex -14.5675 -2.43249 29.32
      vertex -14.5675 -2.43249 30
      vertex -14.5675 -2.97303 29.32
    endloop
  endfacet
  facet normal 1 -0 0
    outer loop
      vertex -14.5675 -2.97303 30
      vertex -14.5675 -2.97303 29.32
      vertex -14.5675 -2.43249 30
    endloop
  endfacet
  facet normal 0 -1 0
    outer loop
      vertex -14.027 -2.43249 29.32
      vertex -14.027 -2.43249 30
      vertex -14.5675 -2.43249 29.32
    endloop
  endfacet
  facet normal 0 -1 0
    outer loop
      vertex -14.5675 -2.43249 30
      vertex -14.5675 -2.43249 29.32
      vertex -14.027 -2.43249 30
    endloop
  endfacet
  facet normal 1 0 -0
    outer loop
      vertex -14.027 -1.89184 29.32
      vertex -14.027 -1.89184 30
      vertex -14.027 -2.43249 29.32
    endloop
  endfacet
  facet normal 1 -0 0
    outer loop
      vertex -14.027 -2.43249 30
      vertex -14.027 -2.43249 29.32
      vertex -14.027 -1.89184 30
    endloop
  endfacet
  facet normal 0 1 0
    outer loop
      vertex -15.1081 -1.89184 29.32
      vertex -15.1081 -1.89184 30
      vertex -14.027 -1.89184 29.32
    endloop
  endfacet
  facet normal 0 1 0
    outer loop
      vertex -14.027 -1.89184 30
      vertex -14.027 -1.89184 29.32
      vertex -15.1081 -1.89184 30
    endloop
  endfacet
  facet normal 1 0 -0
    outer loop
      vertex -15.1081 -1.3513 29.32
      vertex -15.1081 -1.3513 30
      vertex -15.1081 -1.89184 29.32
    endloop
  endfacet
  facet normal 1 -0 0
    outer loop
      vertex -15.1081 -1.89184 30
      vertex -15.1081 -1.89184 29.32
      vertex -15.1081 -1.3513 30
    endloop
  endfacet
  facet normal 0 1 0
    outer loop
      vertex -15.6486 -1.3513 29.32
      vertex -15.6486 -1.3513 30
      vertex -15.1081 -1.3513 29.32
    endloop
  endfacet
  facet normal 0 1 0
    outer loop
      vertex -15.1081 -1.3513 30
      vertex -15.1081 -1.3513 29.32
      vertex -15.6486 -1.3513 30
    endloop
  endfacet
  facet normal 1 0 -0
    outer loop
      vertex -15.6486 -0.810869 29.32
      vertex -15.6486 -0.810869 30
      vertex -15.6486 -1.3513 29.32
    endloop
  endfacet
  facet normal 1 -0 0
    outer loop
      vertex -15.6486 -1.3513 30
      vertex -15.6486 -1.3513 29.32
      vertex -15.6486 -0.810869 30
    endloop
  endfacet
  facet normal 0 -1 0
    outer loop
      vertex -15.1081 -0.810869 29.32
      vertex -15.1081 -0.810869 30
      vertex -15.6486 -0.810869 29.32
    endloop
  endfacet
  facet normal 0 -1 0
    outer loop
      vertex -15.6486 -0.810869 30
      vertex -15.6486 -0.810869 29.32
      vertex -15.1081 -0.810869 30
    endloop
  endfacet
  facet normal 1 0 -0
    outer loop
      vertex -15.1081 -0.270328 29.32
      vertex -15.1081 -0.270328 30
      vertex -15.1081 -0.810869 29.32
    endloop
  endfacet
  facet normal 1 -0 0
    outer loop
      vertex -15.1081 -0.810869 30
      vertex -15.1081 -0.810869 29.32
      vertex -15.1081 -0.270328 30
    endloop
  endfacet
  facet normal 0 -1 0
    outer loop
      vertex -14.5676 -0.270328 29.32
      vertex -14.5676 -0.270328 30
      vertex -15.1081 -0.270328 29.32
    endloop
  endfacet
  facet normal 0 -1 0
    outer loop
      vertex -15.1081 -0.270328 30
      vertex -15.1081 -0.270328 29.32
      vertex -14.5676 -0.270328 30
    endloop
  endfacet
  facet normal -1 0 0
    outer loop
      vertex -14.5676 -0.810869 29.32
      vertex -14.5676 -0.810869 30
      vertex -14.5676 -0.270328 29.32
    endloop
  endfacet
  facet normal -1 -0 -0
    outer loop
      vertex -14.5676 -0.270328 30
      vertex -14.5676 -0.270328 29.32
      vertex -14.5676 -0.810869 30
    endloop
  endfacet
  facet normal 0 -1 0
    outer loop
      vertex -14.0271 -0.810869 29.32
      vertex -14.0271 -0.810869 30
      vertex -14.5676 -0.810869 29.32
    endloop
  endfacet
  facet normal 0 -1 0
    outer loop
      vertex -14.5676 -0.810869 30
      vertex -14.5676 -0.810869 29.32
      vertex -14.0271 -0.810869 30
    endloop
  endfacet
  facet normal -1 0 0
    outer loop
      vertex -14.0271 -1.35141 29.32
      vertex -14.0271 -1.35141 30
      vertex -14.0271 -0.810869 29.32
    endloop
  endfacet
  facet normal -1 -0 -0
    outer loop
      vertex -14.0271 -0.810869 30
      vertex -14.0271 -0.810869 29.32
      vertex -14.0271 -1.35141 30
    endloop
  endfacet
  facet normal 0 -1 0
    outer loop
      vertex -13.4865 -1.35141 29.32
      vertex -13.4865 -1.35141 30
      vertex -14.0271 -1.35141 29.32
    endloop
  endfacet
  facet normal 0 -1 0
    outer loop
      vertex -14.0271 -1.35141 30
      vertex -14.0271 -1.35141 29.32
      vertex -13.4865 -1.35141 30
    endloop
  endfacet
  facet normal -1 0 0
    outer loop
      vertex -13.4865 -2.43249 29.32
      vertex -13.4865 -2.43249 30
      vertex -13.4865 -1.35141 29.32
    endloop
  endfacet
  facet normal -1 -0 -0
    outer loop
      vertex -13.4865 -1.35141 30
      vertex -13.4865 -1.35141 29.32
      vertex -13.4865 -2.43249 30
    endloop
  endfacet
  facet normal 0 -1 0
    outer loop
      vertex -12.4055 -2.43249 29.32
      vertex -12.4055 -2.43249 30
      vertex -13.4865 -2.43249 29.32
    endloop
  endfacet
  facet normal 0 -1 0
    outer loop
      vertex -13.4865 -2.43249 30
      vertex -13.4865 -2.43249 29.32
      vertex -12.4055 -2.43249 30
    endloop
  endfacet
  facet normal -1 0 0
    outer loop
      vertex -12.4055 -2.97292 29.32
      vertex -12.4055 -2.97292 30
      vertex -12.4055 -2.43249 29.32
    endloop
  endfacet
  facet normal -1 -0 -0
    outer loop
      vertex -12.4055 -2.43249 30
      vertex -12.4055 -2.43249 29.32
      vertex -12.4055 -2.97292 30
    endloop
  endfacet
  facet normal 0 1 0
    outer loop
      vertex -15.1081 5.67572 29.32
      vertex -15.1081 5.67572 30
      vertex -14.5676 5.67572 29.32
    endloop
  endfacet
  facet normal 0 1 0
    outer loop
      vertex -14.5676 5.67572 30
      vertex -14.5676 5.67572 29.32
      vertex -15.1081 5.67572 30
    endloop
  endfacet
  facet normal 1 0 -0
    outer loop
      vertex -15.1081 6.21616 29.32
      vertex -15.1081 6.21616 30
      vertex -15.1081 5.67572 29.32
    endloop
  endfacet
  facet normal 1 -0 0
    outer loop
      vertex -15.1081 5.67572 30
      vertex -15.1081 5.67572 29.32
      vertex -15.1081 6.21616 30
    endloop
  endfacet
  facet normal 0 -1 0
    outer loop
      vertex -14.5676 6.21616 29.32
      vertex -14.5676 6.21616 30
      vertex -15.1081 6.21616 29.32
    endloop
  endfacet
  facet normal 0 -1 0
    outer loop
      vertex -15.1081 6.21616 30
      vertex -15.1081 6.21616 29.32
      vertex -14.5676 6.21616 30
    endloop
  endfacet
  facet normal -1 0 0
    outer loop
      vertex -14.5676 5.67572 29.32
      vertex -14.5676 5.67572 30
      vertex -14.5676 6.21616 29.32
    endloop
  endfacet
  facet normal -1 -0 -0
    outer loop
      vertex -14.5676 6.21616 30
      vertex -14.5676 6.21616 29.32
      vertex -14.5676 5.67572 30
    endloop
  endfacet
  facet normal 0 1 0
    outer loop
      vertex -14.5675 4.59464 29.32
      vertex -14.5675 4.59464 30
      vertex -13.4865 4.59464 29.32
    endloop
  endfacet
  facet normal 0 1 0
    outer loop
      vertex -13.4865 4.59464 30
      vertex -13.4865 4.59464 29.32
      vertex -14.5675 4.59464 30
    endloop
  endfacet
  facet normal 1 0 -0
    outer loop
      vertex -14.5675 5.13508 29.32
      vertex -14.5675 5.13508 30
      vertex -14.5675 4.59464 29.32
    endloop
  endfacet
  facet normal 1 -0 0
    outer loop
      vertex -14.5675 4.59464 30
      vertex -14.5675 4.59464 29.32
      vertex -14.5675 5.13508 30
    endloop
  endfacet
  facet normal 0 -1 0
    outer loop
      vertex -13.4865 5.13508 29.32
      vertex -13.4865 5.13508 30
      vertex -14.5675 5.13508 29.32
    endloop
  endfacet
  facet normal 0 -1 0
    outer loop
      vertex -14.5675 5.13508 30
      vertex -14.5675 5.13508 29.32
      vertex -13.4865 5.13508 30
    endloop
  endfacet
  facet normal -1 0 0
    outer loop
      vertex -13.4865 4.59464 29.32
      vertex -13.4865 4.59464 30
      vertex -13.4865 5.13508 29.32
    endloop
  endfacet
  facet normal -1 -0 -0
    outer loop
      vertex -13.4865 5.13508 30
      vertex -13.4865 5.13508 29.32
      vertex -13.4865 4.59464 30
    endloop
  endfacet
  facet normal 1 0 -0
    outer loop
      vertex -14.027 -5.13519 29.32
      vertex -14.027 -5.13519 30
      vertex -14.027 -5.67563 29.32
    endloop
  endfacet
  facet normal 1 -0 0
    outer loop
      vertex -14.027 -5.67563 30
      vertex -14.027 -5.67563 29.32
      vertex -14.027 -5.13519 30
    endloop
  endfacet
  facet normal 0 -1 0
    outer loop
      vertex -12.946 -5.13519 29.32
      vertex -12.946 -5.13519 30
      vertex -14.027 -5.13519 29.32
    endloop
  endfacet
  facet normal 0 -1 0
    outer loop
      vertex -14.027 -5.13519 30
      vertex -14.027 -5.13519 29.32
      vertex -12.946 -5.13519 30
    endloop
  endfacet
  facet normal -1 0 0
    outer loop
      vertex -12.946 -7.29725 29.32
      vertex -12.946 -7.29725 30
      vertex -12.946 -5.13519 29.32
    endloop
  endfacet
  facet normal -1 -0 -0
    outer loop
      vertex -12.946 -5.13519 30
      vertex -12.946 -5.13519 29.32
      vertex -12.946 -7.29725 30
    endloop
  endfacet
  facet normal 0 1 0
    outer loop
      vertex -14.027 -7.29725 29.32
      vertex -14.027 -7.29725 30
      vertex -12.946 -7.29725 29.32
    endloop
  endfacet
  facet normal 0 1 0
    outer loop
      vertex -12.946 -7.29725 30
      vertex -12.946 -7.29725 29.32
      vertex -14.027 -7.29725 30
    endloop
  endfacet
  facet normal 1 0 -0
    outer loop
      vertex -14.027 -6.75681 29.32
      vertex -14.027 -6.75681 30
      vertex -14.027 -7.29725 29.32
    endloop
  endfacet
  facet normal 1 -0 0
    outer loop
      vertex -14.027 -7.29725 30
      vertex -14.027 -7.29725 29.32
      vertex -14.027 -6.75681 30
    endloop
  endfacet
  facet normal 0 -1 0
    outer loop
      vertex -13.4864 -6.75681 29.32
      vertex -13.4864 -6.75681 30
      vertex -14.027 -6.75681 29.32
    endloop
  endfacet
  facet normal 0 -1 0
    outer loop
      vertex -14.027 -6.75681 30
      vertex -14.027 -6.75681 29.32
      vertex -13.4864 -6.75681 30
    endloop
  endfacet
  facet normal 1 0 -0
    outer loop
      vertex -13.4864 -5.67563 29.32
      vertex -13.4864 -5.67563 30
      vertex -13.4864 -6.75681 29.32
    endloop
  endfacet
  facet normal 1 -0 0
    outer loop
      vertex -13.4864 -6.75681 30
      vertex -13.4864 -6.75681 29.32
      vertex -13.4864 -5.67563 30
    endloop
  endfacet
  facet normal 0 1 0
    outer loop
      vertex -14.027 -5.67563 29.32
      vertex -14.027 -5.67563 30
      vertex -13.4864 -5.67563 29.32
    endloop
  endfacet
  facet normal 0 1 0
    outer loop
      vertex -13.4864 -5.67563 30
      vertex -13.4864 -5.67563 29.32
      vertex -14.027 -5.67563 30
    endloop
  endfacet
  facet normal 0 1 0
    outer loop
      vertex -13.4864 4.0541 29.32
      vertex -13.4864 4.0541 30
      vertex -11.3244 4.0541 29.32
    endloop
  endfacet
  facet normal 0 1 0
    outer loop
      vertex -11.3244 4.0541 30
      vertex -11.3244 4.0541 29.32
      vertex -13.4864 4.0541 30
    endloop
  endfacet
  facet normal 1 0 -0
    outer loop
      vertex -13.4864 4.59454 29.32
      vertex -13.4864 4.59454 30
      vertex -13.4864 4.0541 29.32
    endloop
  endfacet
  facet normal 1 -0 0
    outer loop
      vertex -13.4864 4.0541 30
      vertex -13.4864 4.0541 29.32
      vertex -13.4864 4.59454 30
    endloop
  endfacet
  facet normal 0 -1 0
    outer loop
      vertex -12.4053 4.59454 29.32
      vertex -12.4053 4.59454 30
      vertex -13.4864 4.59454 29.32
    endloop
  endfacet
  facet normal 0 -1 0
    outer loop
      vertex -13.4864 4.59454 30
      vertex -13.4864 4.59454 29.32
      vertex -12.4053 4.59454 30
    endloop
  endfacet
  facet normal 1 0 -0
    outer loop
      vertex -12.4053 5.13518 29.32
      vertex -12.4053 5.13518 30
      vertex -12.4053 4.59454 29.32
    endloop
  endfacet
  facet normal 1 -0 0
    outer loop
      vertex -12.4053 4.59454 30
      vertex -12.4053 4.59454 29.32
      vertex -12.4053 5.13518 30
    endloop
  endfacet
  facet normal 0 1 0
    outer loop
      vertex -13.4864 5.13518 29.32
      vertex -13.4864 5.13518 30
      vertex -12.4053 5.13518 29.32
    endloop
  endfacet
  facet normal 0 1 0
    outer loop
      vertex -12.4053 5.13518 30
      vertex -12.4053 5.13518 29.32
      vertex -13.4864 5.13518 30
    endloop
  endfacet
  facet normal 1 0 -0
    outer loop
      vertex -13.4864 6.21627 29.32
      vertex -13.4864 6.21627 30
      vertex -13.4864 5.13518 29.32
    endloop
  endfacet
  facet normal 1 -0 0
    outer loop
      vertex -13.4864 5.13518 30
      vertex -13.4864 5.13518 29.32
      vertex -13.4864 6.21627 30
    endloop
  endfacet
  facet normal 0 1 0
    outer loop
      vertex -14.027 6.21627 29.32
      vertex -14.027 6.21627 30
      vertex -13.4864 6.21627 29.32
    endloop
  endfacet
  facet normal 0 1 0
    outer loop
      vertex -13.4864 6.21627 30
      vertex -13.4864 6.21627 29.32
      vertex -14.027 6.21627 30
    endloop
  endfacet
  facet normal 1 0 -0
    outer loop
      vertex -14.027 7.29724 29.32
      vertex -14.027 7.29724 30
      vertex -14.027 6.21627 29.32
    endloop
  endfacet
  facet normal 1 -0 0
    outer loop
      vertex -14.027 6.21627 30
      vertex -14.027 6.21627 29.32
      vertex -14.027 7.29724 30
    endloop
  endfacet
  facet normal 0 -1 0
    outer loop
      vertex -13.4864 7.29724 29.32
      vertex -13.4864 7.29724 30
      vertex -14.027 7.29724 29.32
    endloop
  endfacet
  facet normal 0 -1 0
    outer loop
      vertex -14.027 7.29724 30
      vertex -14.027 7.29724 29.32
      vertex -13.4864 7.29724 30
    endloop
  endfacet
  facet normal 1 0 -0
    outer loop
      vertex -13.4864 7.83778 29.32
      vertex -13.4864 7.83778 30
      vertex -13.4864 7.29724 29.32
    endloop
  endfacet
  facet normal 1 -0 0
    outer loop
      vertex -13.4864 7.29724 30
      vertex -13.4864 7.29724 29.32
      vertex -13.4864 7.83778 30
    endloop
  endfacet
  facet normal 0 -1 0
    outer loop
      vertex -11.8649 7.83778 29.32
      vertex -11.8649 7.83778 30
      vertex -13.4864 7.83778 29.32
    endloop
  endfacet
  facet normal 0 -1 0
    outer loop
      vertex -13.4864 7.83778 30
      vertex -13.4864 7.83778 29.32
      vertex -11.8649 7.83778 30
    endloop
  endfacet
  facet normal -1 0 0
    outer loop
      vertex -11.8649 7.29735 29.32
      vertex -11.8649 7.29735 30
      vertex -11.8649 7.83778 29.32
    endloop
  endfacet
  facet normal -1 -0 -0
    outer loop
      vertex -11.8649 7.83778 30
      vertex -11.8649 7.83778 29.32
      vertex -11.8649 7.29735 30
    endloop
  endfacet
  facet normal 0 1 0
    outer loop
      vertex -12.946 7.29735 29.32
      vertex -12.946 7.29735 30
      vertex -11.8649 7.29735 29.32
    endloop
  endfacet
  facet normal 0 1 0
    outer loop
      vertex -11.8649 7.29735 30
      vertex -11.8649 7.29735 29.32
      vertex -12.946 7.29735 30
    endloop
  endfacet
  facet normal -1 0 0
    outer loop
      vertex -12.946 5.67562 29.32
      vertex -12.946 5.67562 30
      vertex -12.946 7.29735 29.32
    endloop
  endfacet
  facet normal -1 -0 -0
    outer loop
      vertex -12.946 7.29735 30
      vertex -12.946 7.29735 29.32
      vertex -12.946 5.67562 30
    endloop
  endfacet
  facet normal 0 -1 0
    outer loop
      vertex -11.8649 5.67562 29.32
      vertex -11.8649 5.67562 30
      vertex -12.946 5.67562 29.32
    endloop
  endfacet
  facet normal 0 -1 0
    outer loop
      vertex -12.946 5.67562 30
      vertex -12.946 5.67562 29.32
      vertex -11.8649 5.67562 30
    endloop
  endfacet
  facet normal -1 0 0
    outer loop
      vertex -11.8649 5.13514 29.32
      vertex -11.8649 5.13514 30
      vertex -11.8649 5.67562 29.32
    endloop
  endfacet
  facet normal -1 -0 -0
    outer loop
      vertex -11.8649 5.67562 30
      vertex -11.8649 5.67562 29.32
      vertex -11.8649 5.13514 30
    endloop
  endfacet
  facet normal 0 -1 0
    outer loop
      vertex -11.3244 5.13514 29.32
      vertex -11.3244 5.13514 30
      vertex -11.8649 5.13514 29.32
    endloop
  endfacet
  facet normal 0 -1 0
    outer loop
      vertex -11.8649 5.13514 30
      vertex -11.8649 5.13514 29.32
      vertex -11.3244 5.13514 30
    endloop
  endfacet
  facet normal -1 0 0
    outer loop
      vertex -11.3244 4.0541 29.32
      vertex -11.3244 4.0541 30
      vertex -11.3244 5.13514 29.32
    endloop
  endfacet
  facet normal -1 -0 -0
    outer loop
      vertex -11.3244 5.13514 30
      vertex -11.3244 5.13514 29.32
      vertex -11.3244 4.0541 30
    endloop
  endfacet
  facet normal 0 1 0
    outer loop
      vertex -14.027 -0.810761 29.32
      vertex -14.027 -0.810761 30
      vertex -13.4865 -0.810761 29.32
    endloop
  endfacet
  facet normal 0 1 0
    outer loop
      vertex -13.4865 -0.810761 30
      vertex -13.4865 -0.810761 29.32
      vertex -14.027 -0.810761 30
    endloop
  endfacet
  facet normal 1 0 -0
    outer loop
      vertex -14.027 -0.270328 29.32
      vertex -14.027 -0.270328 30
      vertex -14.027 -0.810761 29.32
    endloop
  endfacet
  facet normal 1 -0 0
    outer loop
      vertex -14.027 -0.810761 30
      vertex -14.027 -0.810761 29.32
      vertex -14.027 -0.270328 30
    endloop
  endfacet
  facet normal 0 -1 0
    outer loop
      vertex -13.4865 -0.270328 29.32
      vertex -13.4865 -0.270328 30
      vertex -14.027 -0.270328 29.32
    endloop
  endfacet
  facet normal 0 -1 0
    outer loop
      vertex -14.027 -0.270328 30
      vertex -14.027 -0.270328 29.32
      vertex -13.4865 -0.270328 30
    endloop
  endfacet
  facet normal -1 0 0
    outer loop
      vertex -13.4865 -0.810761 29.32
      vertex -13.4865 -0.810761 30
      vertex -13.4865 -0.270328 29.32
    endloop
  endfacet
  facet normal -1 -0 -0
    outer loop
      vertex -13.4865 -0.270328 30
      vertex -13.4865 -0.270328 29.32
      vertex -13.4865 -0.810761 30
    endloop
  endfacet
  facet normal 0 1 0
    outer loop
      vertex -14.027 8.91897 29.32
      vertex -14.027 8.91897 30
      vertex -13.4865 8.91897 29.32
    endloop
  endfacet
  facet normal 0 1 0
    outer loop
      vertex -13.4865 8.91897 30
      vertex -13.4865 8.91897 29.32
      vertex -14.027 8.91897 30
    endloop
  endfacet
  facet normal 1 0 -0
    outer loop
      vertex -14.027 9.4594 29.32
      vertex -14.027 9.4594 30
      vertex -14.027 8.91897 29.32
    endloop
  endfacet
  facet normal 1 -0 0
    outer loop
      vertex -14.027 8.91897 30
      vertex -14.027 8.91897 29.32
      vertex -14.027 9.4594 30
    endloop
  endfacet
  facet normal 0 -1 0
    outer loop
      vertex -13.4865 9.4594 29.32
      vertex -13.4865 9.4594 30
      vertex -14.027 9.4594 29.32
    endloop
  endfacet
  facet normal 0 -1 0
    outer loop
      vertex -14.027 9.4594 30
      vertex -14.027 9.4594 29.32
      vertex -13.4865 9.4594 30
    endloop
  endfacet
  facet normal -1 0 0
    outer loop
      vertex -13.4865 8.91897 29.32
      vertex -13.4865 8.91897 30
      vertex -13.4865 9.4594 29.32
    endloop
  endfacet
  facet normal -1 -0 -0
    outer loop
      vertex -13.4865 9.4594 30
      vertex -13.4865 9.4594 29.32
      vertex -13.4865 8.91897 30
    endloop
  endfacet
  facet normal 0 1 0
    outer loop
      vertex -11.8649 -4.59454 29.32
      vertex -11.8649 -4.59454 30
      vertex -11.3244 -4.59454 29.32
    endloop
  endfacet
  facet normal 0 1 0
    outer loop
      vertex -11.3244 -4.59454 30
      vertex -11.3244 -4.59454 29.32
      vertex -11.8649 -4.59454 30
    endloop
  endfacet
  facet normal -1 0 0
    outer loop
      vertex -11.8649 -5.13509 29.32
      vertex -11.8649 -5.13509 30
      vertex -11.8649 -4.59454 29.32
    endloop
  endfacet
  facet normal -1 -0 -0
    outer loop
      vertex -11.8649 -4.59454 30
      vertex -11.8649 -4.59454 29.32
      vertex -11.8649 -5.13509 30
    endloop
  endfacet
  facet normal 0 1 0
    outer loop
      vertex -12.4053 -5.13509 29.32
      vertex -12.4053 -5.13509 30
      vertex -11.8649 -5.13509 29.32
    endloop
  endfacet
  facet normal 0 1 0
    outer loop
      vertex -11.8649 -5.13509 30
      vertex -11.8649 -5.13509 29.32
      vertex -12.4053 -5.13509 30
    endloop
  endfacet
  facet normal 1 0 -0
    outer loop
      vertex -12.4053 -4.59454 29.32
      vertex -12.4053 -4.59454 30
      vertex -12.4053 -5.13509 29.32
    endloop
  endfacet
  facet normal 1 -0 0
    outer loop
      vertex -12.4053 -5.13509 30
      vertex -12.4053 -5.13509 29.32
      vertex -12.4053 -4.59454 30
    endloop
  endfacet
  facet normal 0 1 0
    outer loop
      vertex -13.4864 -4.59454 29.32
      vertex -13.4864 -4.59454 30
      vertex -12.4053 -4.59454 29.32
    endloop
  endfacet
  facet normal 0 1 0
    outer loop
      vertex -12.4053 -4.59454 30
      vertex -12.4053 -4.59454 29.32
      vertex -13.4864 -4.59454 30
    endloop
  endfacet
  facet normal 1 0 -0
    outer loop
      vertex -13.4864 -4.05411 29.32
      vertex -13.4864 -4.05411 30
      vertex -13.4864 -4.59454 29.32
    endloop
  endfacet
  facet normal 1 -0 0
    outer loop
      vertex -13.4864 -4.59454 30
      vertex -13.4864 -4.59454 29.32
      vertex -13.4864 -4.05411 30
    endloop
  endfacet
  facet normal 0 -1 0
    outer loop
      vertex -12.9459 -4.05411 29.32
      vertex -12.9459 -4.05411 30
      vertex -13.4864 -4.05411 29.32
    endloop
  endfacet
  facet normal 0 -1 0
    outer loop
      vertex -13.4864 -4.05411 30
      vertex -13.4864 -4.05411 29.32
      vertex -12.9459 -4.05411 30
    endloop
  endfacet
  facet normal 1 0 -0
    outer loop
      vertex -12.9459 -3.51357 29.32
      vertex -12.9459 -3.51357 30
      vertex -12.9459 -4.05411 29.32
    endloop
  endfacet
  facet normal 1 -0 0
    outer loop
      vertex -12.9459 -4.05411 30
      vertex -12.9459 -4.05411 29.32
      vertex -12.9459 -3.51357 30
    endloop
  endfacet
  facet normal 0 -1 0
    outer loop
      vertex -12.4055 -3.51357 29.32
      vertex -12.4055 -3.51357 30
      vertex -12.9459 -3.51357 29.32
    endloop
  endfacet
  facet normal 0 -1 0
    outer loop
      vertex -12.9459 -3.51357 30
      vertex -12.9459 -3.51357 29.32
      vertex -12.4055 -3.51357 30
    endloop
  endfacet
  facet normal -1 0 0
    outer loop
      vertex -12.4055 -4.05411 29.32
      vertex -12.4055 -4.05411 30
      vertex -12.4055 -3.51357 29.32
    endloop
  endfacet
  facet normal -1 -0 -0
    outer loop
      vertex -12.4055 -3.51357 30
      vertex -12.4055 -3.51357 29.32
      vertex -12.4055 -4.05411 30
    endloop
  endfacet
  facet normal 0 -1 0
    outer loop
      vertex -11.3244 -4.05411 29.32
      vertex -11.3244 -4.05411 30
      vertex -12.4055 -4.05411 29.32
    endloop
  endfacet
  facet normal 0 -1 0
    outer loop
      vertex -12.4055 -4.05411 30
      vertex -12.4055 -4.05411 29.32
      vertex -11.3244 -4.05411 30
    endloop
  endfacet
  facet normal -1 0 0
    outer loop
      vertex -11.3244 -4.59454 29.32
      vertex -11.3244 -4.59454 30
      vertex -11.3244 -4.05411 29.32
    endloop
  endfacet
  facet normal -1 -0 -0
    outer loop
      vertex -11.3244 -4.05411 30
      vertex -11.3244 -4.05411 29.32
      vertex -11.3244 -4.59454 30
    endloop
  endfacet
  facet normal 0 1 0
    outer loop
      vertex -12.4053 -6.75671 29.32
      vertex -12.4053 -6.75671 30
      vertex -11.8649 -6.75671 29.32
    endloop
  endfacet
  facet normal 0 1 0
    outer loop
      vertex -11.8649 -6.75671 30
      vertex -11.8649 -6.75671 29.32
      vertex -12.4053 -6.75671 30
    endloop
  endfacet
  facet normal 1 0 -0
    outer loop
      vertex -12.4053 -6.21627 29.32
      vertex -12.4053 -6.21627 30
      vertex -12.4053 -6.75671 29.32
    endloop
  endfacet
  facet normal 1 -0 0
    outer loop
      vertex -12.4053 -6.75671 30
      vertex -12.4053 -6.75671 29.32
      vertex -12.4053 -6.21627 30
    endloop
  endfacet
  facet normal 0 -1 0
    outer loop
      vertex -11.8649 -6.21627 29.32
      vertex -11.8649 -6.21627 30
      vertex -12.4053 -6.21627 29.32
    endloop
  endfacet
  facet normal 0 -1 0
    outer loop
      vertex -12.4053 -6.21627 30
      vertex -12.4053 -6.21627 29.32
      vertex -11.8649 -6.21627 30
    endloop
  endfacet
  facet normal -1 0 0
    outer loop
      vertex -11.8649 -6.75671 29.32
      vertex -11.8649 -6.75671 30
      vertex -11.8649 -6.21627 29.32
    endloop
  endfacet
  facet normal -1 -0 -0
    outer loop
      vertex -11.8649 -6.21627 30
      vertex -11.8649 -6.21627 29.32
      vertex -11.8649 -6.75671 30
    endloop
  endfacet
  facet normal 0 1 0
    outer loop
      vertex -12.4053 -1.89184 29.32
      vertex -12.4053 -1.89184 30
      vertex -11.8649 -1.89184 29.32
    endloop
  endfacet
  facet normal 0 1 0
    outer loop
      vertex -11.8649 -1.89184 30
      vertex -11.8649 -1.89184 29.32
      vertex -12.4053 -1.89184 30
    endloop
  endfacet
  facet normal 1 0 -0
    outer loop
      vertex -12.4053 -1.35141 29.32
      vertex -12.4053 -1.35141 30
      vertex -12.4053 -1.89184 29.32
    endloop
  endfacet
  facet normal 1 -0 0
    outer loop
      vertex -12.4053 -1.89184 30
      vertex -12.4053 -1.89184 29.32
      vertex -12.4053 -1.35141 30
    endloop
  endfacet
  facet normal 0 -1 0
    outer loop
      vertex -11.8649 -1.35141 29.32
      vertex -11.8649 -1.35141 30
      vertex -12.4053 -1.35141 29.32
    endloop
  endfacet
  facet normal 0 -1 0
    outer loop
      vertex -12.4053 -1.35141 30
      vertex -12.4053 -1.35141 29.32
      vertex -11.8649 -1.35141 30
    endloop
  endfacet
  facet normal -1 0 0
    outer loop
      vertex -11.8649 -1.89184 29.32
      vertex -11.8649 -1.89184 30
      vertex -11.8649 -1.35141 29.32
    endloop
  endfacet
  facet normal -1 -0 -0
    outer loop
      vertex -11.8649 -1.35141 30
      vertex -11.8649 -1.35141 29.32
      vertex -11.8649 -1.89184 30
    endloop
  endfacet
  facet normal 0 1 0
    outer loop
      vertex -11.3243 5.67568 29.32
      vertex -11.3243 5.67568 30
      vertex -9.7027 5.67568 29.32
    endloop
  endfacet
  facet normal 0 1 0
    outer loop
      vertex -9.7027 5.67568 30
      vertex -9.7027 5.67568 29.32
      vertex -11.3243 5.67568 30
    endloop
  endfacet
  facet normal 1 0 -0
    outer loop
      vertex -11.3243 7.2973 29.32
      vertex -11.3243 7.2973 30
      vertex -11.3243 5.67568 29.32
    endloop
  endfacet
  facet normal 1 -0 0
    outer loop
      vertex -11.3243 5.67568 30
      vertex -11.3243 5.67568 29.32
      vertex -11.3243 7.2973 30
    endloop
  endfacet
  facet normal 0 -1 0
    outer loop
      vertex -9.7027 7.2973 29.32
      vertex -9.7027 7.2973 30
      vertex -11.3243 7.2973 29.32
    endloop
  endfacet
  facet normal 0 -1 0
    outer loop
      vertex -11.3243 7.2973 30
      vertex -11.3243 7.2973 29.32
      vertex -9.7027 7.2973 30
    endloop
  endfacet
  facet normal -1 0 0
    outer loop
      vertex -9.7027 5.67568 29.32
      vertex -9.7027 5.67568 30
      vertex -9.7027 7.2973 29.32
    endloop
  endfacet
  facet normal -1 -0 -0
    outer loop
      vertex -9.7027 7.2973 30
      vertex -9.7027 7.2973 29.32
      vertex -9.7027 5.67568 30
    endloop
  endfacet
  facet normal -1 0 0
    outer loop
      vertex -10.7838 6.21622 29.32
      vertex -10.7838 6.75676 30
      vertex -10.7838 6.75676 29.32
    endloop
  endfacet
  facet normal -1 0 0
    outer loop
      vertex -10.7838 6.21622 29.32
      vertex -10.7838 6.21622 30
      vertex -10.7838 6.75676 30
    endloop
  endfacet
  facet normal 0 -1 0
    outer loop
      vertex -10.2432 6.21622 29.32
      vertex -10.7838 6.21622 30
      vertex -10.7838 6.21622 29.32
    endloop
  endfacet
  facet normal 0 -1 0
    outer loop
      vertex -10.2432 6.21622 29.32
      vertex -10.2432 6.21622 30
      vertex -10.7838 6.21622 30
    endloop
  endfacet
  facet normal 1 0 0
    outer loop
      vertex -10.2432 6.75676 29.32
      vertex -10.2432 6.21622 30
      vertex -10.2432 6.21622 29.32
    endloop
  endfacet
  facet normal 1 0 -0
    outer loop
      vertex -10.2432 6.75676 29.32
      vertex -10.2432 6.75676 30
      vertex -10.2432 6.21622 30
    endloop
  endfacet
  facet normal 0 1 0
    outer loop
      vertex -10.7838 6.75676 29.32
      vertex -10.2432 6.75676 30
      vertex -10.2432 6.75676 29.32
    endloop
  endfacet
  facet normal 0 1 0
    outer loop
      vertex -10.7838 6.75676 29.32
      vertex -10.7838 6.75676 30
      vertex -10.2432 6.75676 30
    endloop
  endfacet
  facet normal 1 0 -0
    outer loop
      vertex -9.70265 8.37832 29.32
      vertex -9.70265 8.37832 30
      vertex -9.70265 7.83784 29.32
    endloop
  endfacet
  facet normal 1 -0 0
    outer loop
      vertex -9.70265 7.83784 30
      vertex -9.70265 7.83784 29.32
      vertex -9.70265 8.37832 30
    endloop
  endfacet
  facet normal 0 -1 0
    outer loop
      vertex -9.16221 8.37832 29.32
      vertex -9.16221 8.37832 30
      vertex -9.70265 8.37832 29.32
    endloop
  endfacet
  facet normal 0 -1 0
    outer loop
      vertex -9.70265 8.37832 30
      vertex -9.70265 8.37832 29.32
      vertex -9.16221 8.37832 30
    endloop
  endfacet
  facet normal -1 0 0
    outer loop
      vertex -9.16221 7.83784 29.32
      vertex -9.16221 7.83784 30
      vertex -9.16221 8.37832 29.32
    endloop
  endfacet
  facet normal -1 -0 -0
    outer loop
      vertex -9.16221 8.37832 30
      vertex -9.16221 8.37832 29.32
      vertex -9.16221 7.83784 30
    endloop
  endfacet
  facet normal 0 1 0
    outer loop
      vertex -9.70265 7.83784 29.32
      vertex -9.70265 7.83784 30
      vertex -9.16221 7.83784 29.32
    endloop
  endfacet
  facet normal 0 1 0
    outer loop
      vertex -9.16221 7.83784 30
      vertex -9.16221 7.83784 29.32
      vertex -9.70265 7.83784 30
    endloop
  endfacet
  facet normal 0 1 0
    outer loop
      vertex -9.70265 1.3514 29.32
      vertex -9.70265 1.3514 30
      vertex -9.16221 1.3514 29.32
    endloop
  endfacet
  facet normal 0 1 0
    outer loop
      vertex -9.16221 1.3514 30
      vertex -9.16221 1.3514 29.32
      vertex -9.70265 1.3514 30
    endloop
  endfacet
  facet normal 1 0 -0
    outer loop
      vertex -9.70265 1.89183 29.32
      vertex -9.70265 1.89183 30
      vertex -9.70265 1.3514 29.32
    endloop
  endfacet
  facet normal 1 -0 0
    outer loop
      vertex -9.70265 1.3514 30
      vertex -9.70265 1.3514 29.32
      vertex -9.70265 1.89183 30
    endloop
  endfacet
  facet normal 0 -1 0
    outer loop
      vertex -9.16221 1.89183 29.32
      vertex -9.16221 1.89183 30
      vertex -9.70265 1.89183 29.32
    endloop
  endfacet
  facet normal 0 -1 0
    outer loop
      vertex -9.70265 1.89183 30
      vertex -9.70265 1.89183 29.32
      vertex -9.16221 1.89183 30
    endloop
  endfacet
  facet normal -1 0 0
    outer loop
      vertex -9.16221 1.3514 29.32
      vertex -9.16221 1.3514 30
      vertex -9.16221 1.89183 29.32
    endloop
  endfacet
  facet normal -1 -0 -0
    outer loop
      vertex -9.16221 1.89183 30
      vertex -9.16221 1.89183 29.32
      vertex -9.16221 1.3514 30
    endloop
  endfacet
  facet normal 0 1 0
    outer loop
      vertex -8.62156 4.0541 29.32
      vertex -8.62156 4.0541 30
      vertex -8.08113 4.0541 29.32
    endloop
  endfacet
  facet normal 0 1 0
    outer loop
      vertex -8.08113 4.0541 30
      vertex -8.08113 4.0541 29.32
      vertex -8.62156 4.0541 30
    endloop
  endfacet
  facet normal 1 0 -0
    outer loop
      vertex -8.62156 4.59454 29.32
      vertex -8.62156 4.59454 30
      vertex -8.62156 4.0541 29.32
    endloop
  endfacet
  facet normal 1 -0 0
    outer loop
      vertex -8.62156 4.0541 30
      vertex -8.62156 4.0541 29.32
      vertex -8.62156 4.59454 30
    endloop
  endfacet
  facet normal 0 -1 0
    outer loop
      vertex -8.08113 4.59454 29.32
      vertex -8.08113 4.59454 30
      vertex -8.62156 4.59454 29.32
    endloop
  endfacet
  facet normal 0 -1 0
    outer loop
      vertex -8.62156 4.59454 30
      vertex -8.62156 4.59454 29.32
      vertex -8.08113 4.59454 30
    endloop
  endfacet
  facet normal -1 0 0
    outer loop
      vertex -8.08113 4.0541 29.32
      vertex -8.08113 4.0541 30
      vertex -8.08113 4.59454 29.32
    endloop
  endfacet
  facet normal -1 -0 -0
    outer loop
      vertex -8.08113 4.59454 30
      vertex -8.08113 4.59454 29.32
      vertex -8.08113 4.0541 30
    endloop
  endfacet
  facet normal 0 1 0
    outer loop
      vertex -8.08102 0.27032 29.32
      vertex -8.08102 0.27032 30
      vertex -7.54059 0.27032 29.32
    endloop
  endfacet
  facet normal 0 1 0
    outer loop
      vertex -7.54059 0.27032 30
      vertex -7.54059 0.27032 29.32
      vertex -8.08102 0.27032 30
    endloop
  endfacet
  facet normal 1 0 -0
    outer loop
      vertex -8.08102 0.810753 29.32
      vertex -8.08102 0.810753 30
      vertex -8.08102 0.27032 29.32
    endloop
  endfacet
  facet normal 1 -0 0
    outer loop
      vertex -8.08102 0.27032 30
      vertex -8.08102 0.27032 29.32
      vertex -8.08102 0.810753 30
    endloop
  endfacet
  facet normal 0 -1 0
    outer loop
      vertex -7.54059 0.810753 29.32
      vertex -7.54059 0.810753 30
      vertex -8.08102 0.810753 29.32
    endloop
  endfacet
  facet normal 0 -1 0
    outer loop
      vertex -8.08102 0.810753 30
      vertex -8.08102 0.810753 29.32
      vertex -7.54059 0.810753 30
    endloop
  endfacet
  facet normal -1 0 0
    outer loop
      vertex -7.54059 0.27032 29.32
      vertex -7.54059 0.27032 30
      vertex -7.54059 0.810753 29.32
    endloop
  endfacet
  facet normal -1 -0 -0
    outer loop
      vertex -7.54059 0.810753 30
      vertex -7.54059 0.810753 29.32
      vertex -7.54059 0.27032 30
    endloop
  endfacet
  facet normal 0 -1 0
    outer loop
      vertex -22.1352 5.13508 29.32
      vertex -23.7568 5.13508 30
      vertex -23.7568 5.13508 29.32
    endloop
  endfacet
  facet normal 0 -1 0
    outer loop
      vertex -22.1352 5.13508 29.32
      vertex -22.1352 5.13508 30
      vertex -23.7568 5.13508 30
    endloop
  endfacet
  facet normal -1 0 0
    outer loop
      vertex -22.1352 4.59464 29.32
      vertex -22.1352 5.13508 30
      vertex -22.1352 5.13508 29.32
    endloop
  endfacet
  facet normal -1 0 0
    outer loop
      vertex -22.1352 4.59464 29.32
      vertex -22.1352 4.59464 30
      vertex -22.1352 5.13508 30
    endloop
  endfacet
  facet normal 0 1 0
    outer loop
      vertex -23.7568 4.59464 29.32
      vertex -22.1352 4.59464 30
      vertex -22.1352 4.59464 29.32
    endloop
  endfacet
  facet normal 0 1 0
    outer loop
      vertex -23.7568 4.59464 29.32
      vertex -23.7568 4.59464 30
      vertex -22.1352 4.59464 30
    endloop
  endfacet
  facet normal -1 0 0
    outer loop
      vertex -23.7568 4.054 29.32
      vertex -23.7568 4.59464 30
      vertex -23.7568 4.59464 29.32
    endloop
  endfacet
  facet normal -1 0 0
    outer loop
      vertex -23.7568 4.054 29.32
      vertex -23.7568 4.054 30
      vertex -23.7568 4.59464 30
    endloop
  endfacet
  facet normal 0 -1 0
    outer loop
      vertex -22.1352 4.054 29.32
      vertex -23.7568 4.054 30
      vertex -23.7568 4.054 29.32
    endloop
  endfacet
  facet normal 0 -1 0
    outer loop
      vertex -22.1352 4.054 29.32
      vertex -22.1352 4.054 30
      vertex -23.7568 4.054 30
    endloop
  endfacet
  facet normal -1 0 0
    outer loop
      vertex -22.1352 3.51356 29.32
      vertex -22.1352 4.054 30
      vertex -22.1352 4.054 29.32
    endloop
  endfacet
  facet normal -1 0 0
    outer loop
      vertex -22.1352 3.51356 29.32
      vertex -22.1352 3.51356 30
      vertex -22.1352 4.054 30
    endloop
  endfacet
  facet normal 0 1 0
    outer loop
      vertex -23.7568 3.51356 29.32
      vertex -22.1352 3.51356 30
      vertex -22.1352 3.51356 29.32
    endloop
  endfacet
  facet normal 0 1 0
    outer loop
      vertex -23.7568 3.51356 29.32
      vertex -23.7568 3.51356 30
      vertex -22.1352 3.51356 30
    endloop
  endfacet
  facet normal -1 0 0
    outer loop
      vertex -23.7568 2.97292 29.32
      vertex -23.7568 3.51356 30
      vertex -23.7568 3.51356 29.32
    endloop
  endfacet
  facet normal -1 0 0
    outer loop
      vertex -23.7568 2.97292 29.32
      vertex -23.7568 2.97292 30
      vertex -23.7568 3.51356 30
    endloop
  endfacet
  facet normal 0 -1 0
    outer loop
      vertex -22.1352 2.97292 29.32
      vertex -23.7568 2.97292 30
      vertex -23.7568 2.97292 29.32
    endloop
  endfacet
  facet normal 0 -1 0
    outer loop
      vertex -22.1352 2.97292 29.32
      vertex -22.1352 2.97292 30
      vertex -23.7568 2.97292 30
    endloop
  endfacet
  facet normal -1 0 0
    outer loop
      vertex -22.1352 2.43248 29.32
      vertex -22.1352 2.97292 30
      vertex -22.1352 2.97292 29.32
    endloop
  endfacet
  facet normal -1 0 0
    outer loop
      vertex -22.1352 2.43248 29.32
      vertex -22.1352 2.43248 30
      vertex -22.1352 2.97292 30
    endloop
  endfacet
  facet normal 0 1 0
    outer loop
      vertex -23.7568 2.43248 29.32
      vertex -22.1352 2.43248 30
      vertex -22.1352 2.43248 29.32
    endloop
  endfacet
  facet normal 0 1 0
    outer loop
      vertex -23.7568 2.43248 29.32
      vertex -23.7568 2.43248 30
      vertex -22.1352 2.43248 30
    endloop
  endfacet
  facet normal -1 0 0
    outer loop
      vertex -23.7568 1.89183 29.32
      vertex -23.7568 2.43248 30
      vertex -23.7568 2.43248 29.32
    endloop
  endfacet
  facet normal -1 0 0
    outer loop
      vertex -23.7568 1.89183 29.32
      vertex -23.7568 1.89183 30
      vertex -23.7568 2.43248 30
    endloop
  endfacet
  facet normal 0 -1 0
    outer loop
      vertex -22.1352 1.89183 29.32
      vertex -23.7568 1.89183 30
      vertex -23.7568 1.89183 29.32
    endloop
  endfacet
  facet normal 0 -1 0
    outer loop
      vertex -22.1352 1.89183 29.32
      vertex -22.1352 1.89183 30
      vertex -23.7568 1.89183 30
    endloop
  endfacet
  facet normal -1 0 0
    outer loop
      vertex -22.1352 1.35129 29.32
      vertex -22.1352 1.89183 30
      vertex -22.1352 1.89183 29.32
    endloop
  endfacet
  facet normal -1 0 0
    outer loop
      vertex -22.1352 1.35129 29.32
      vertex -22.1352 1.35129 30
      vertex -22.1352 1.89183 30
    endloop
  endfacet
  facet normal 0 -1 0
    outer loop
      vertex -21.054 1.35129 29.32
      vertex -22.1352 1.35129 30
      vertex -22.1352 1.35129 29.32
    endloop
  endfacet
  facet normal 0 -1 0
    outer loop
      vertex -21.054 1.35129 29.32
      vertex -21.054 1.35129 30
      vertex -22.1352 1.35129 30
    endloop
  endfacet
  facet normal 1 0 0
    outer loop
      vertex -21.054 1.89194 29.32
      vertex -21.054 1.35129 30
      vertex -21.054 1.35129 29.32
    endloop
  endfacet
  facet normal 1 0 -0
    outer loop
      vertex -21.054 1.89194 29.32
      vertex -21.054 1.89194 30
      vertex -21.054 1.35129 30
    endloop
  endfacet
  facet normal 0 1 0
    outer loop
      vertex -22.1351 1.89194 29.32
      vertex -21.054 1.89194 30
      vertex -21.054 1.89194 29.32
    endloop
  endfacet
  facet normal 0 1 0
    outer loop
      vertex -22.1351 1.89194 29.32
      vertex -22.1351 1.89194 30
      vertex -21.054 1.89194 30
    endloop
  endfacet
  facet normal 1 0 0
    outer loop
      vertex -22.1351 2.43237 29.32
      vertex -22.1351 1.89194 30
      vertex -22.1351 1.89194 29.32
    endloop
  endfacet
  facet normal 1 0 -0
    outer loop
      vertex -22.1351 2.43237 29.32
      vertex -22.1351 2.43237 30
      vertex -22.1351 1.89194 30
    endloop
  endfacet
  facet normal 0 -1 0
    outer loop
      vertex -21.5945 2.43237 29.32
      vertex -22.1351 2.43237 30
      vertex -22.1351 2.43237 29.32
    endloop
  endfacet
  facet normal 0 -1 0
    outer loop
      vertex -21.5945 2.43237 29.32
      vertex -21.5945 2.43237 30
      vertex -22.1351 2.43237 30
    endloop
  endfacet
  facet normal 1 0 0
    outer loop
      vertex -21.5945 2.97292 29.32
      vertex -21.5945 2.43237 30
      vertex -21.5945 2.43237 29.32
    endloop
  endfacet
  facet normal 1 0 -0
    outer loop
      vertex -21.5945 2.97292 29.32
      vertex -21.5945 2.97292 30
      vertex -21.5945 2.43237 30
    endloop
  endfacet
  facet normal 0 -1 0
    outer loop
      vertex -20.5135 2.97292 29.32
      vertex -21.5945 2.97292 30
      vertex -21.5945 2.97292 29.32
    endloop
  endfacet
  facet normal 0 -1 0
    outer loop
      vertex -20.5135 2.97292 29.32
      vertex -20.5135 2.97292 30
      vertex -21.5945 2.97292 30
    endloop
  endfacet
  facet normal 1 0 0
    outer loop
      vertex -20.5135 3.51356 29.32
      vertex -20.5135 2.97292 30
      vertex -20.5135 2.97292 29.32
    endloop
  endfacet
  facet normal 1 0 -0
    outer loop
      vertex -20.5135 3.51356 29.32
      vertex -20.5135 3.51356 30
      vertex -20.5135 2.97292 30
    endloop
  endfacet
  facet normal 0 1 0
    outer loop
      vertex -21.054 3.51356 29.32
      vertex -20.5135 3.51356 30
      vertex -20.5135 3.51356 29.32
    endloop
  endfacet
  facet normal 0 1 0
    outer loop
      vertex -21.054 3.51356 29.32
      vertex -21.054 3.51356 30
      vertex -20.5135 3.51356 30
    endloop
  endfacet
  facet normal 1 0 0
    outer loop
      vertex -21.054 4.0541 29.32
      vertex -21.054 3.51356 30
      vertex -21.054 3.51356 29.32
    endloop
  endfacet
  facet normal 1 0 -0
    outer loop
      vertex -21.054 4.0541 29.32
      vertex -21.054 4.0541 30
      vertex -21.054 3.51356 30
    endloop
  endfacet
  facet normal 0 1 0
    outer loop
      vertex -22.1351 4.0541 29.32
      vertex -21.054 4.0541 30
      vertex -21.054 4.0541 29.32
    endloop
  endfacet
  facet normal 0 1 0
    outer loop
      vertex -22.1351 4.0541 29.32
      vertex -22.1351 4.0541 30
      vertex -21.054 4.0541 30
    endloop
  endfacet
  facet normal 1 0 0
    outer loop
      vertex -22.1351 4.59454 29.32
      vertex -22.1351 4.0541 30
      vertex -22.1351 4.0541 29.32
    endloop
  endfacet
  facet normal 1 0 -0
    outer loop
      vertex -22.1351 4.59454 29.32
      vertex -22.1351 4.59454 30
      vertex -22.1351 4.0541 30
    endloop
  endfacet
  facet normal 0 -1 0
    outer loop
      vertex -21.054 4.59454 29.32
      vertex -22.1351 4.59454 30
      vertex -22.1351 4.59454 29.32
    endloop
  endfacet
  facet normal 0 -1 0
    outer loop
      vertex -21.054 4.59454 29.32
      vertex -21.054 4.59454 30
      vertex -22.1351 4.59454 30
    endloop
  endfacet
  facet normal 1 0 0
    outer loop
      vertex -21.054 5.13518 29.32
      vertex -21.054 4.59454 30
      vertex -21.054 4.59454 29.32
    endloop
  endfacet
  facet normal 1 0 -0
    outer loop
      vertex -21.054 5.13518 29.32
      vertex -21.054 5.13518 30
      vertex -21.054 4.59454 30
    endloop
  endfacet
  facet normal 0 1 0
    outer loop
      vertex -22.1351 5.13518 29.32
      vertex -21.054 5.13518 30
      vertex -21.054 5.13518 29.32
    endloop
  endfacet
  facet normal 0 1 0
    outer loop
      vertex -22.1351 5.13518 29.32
      vertex -22.1351 5.13518 30
      vertex -21.054 5.13518 30
    endloop
  endfacet
  facet normal 1 0 0
    outer loop
      vertex -22.1351 5.67572 29.32
      vertex -22.1351 5.13518 30
      vertex -22.1351 5.13518 29.32
    endloop
  endfacet
  facet normal 1 0 -0
    outer loop
      vertex -22.1351 5.67572 29.32
      vertex -22.1351 5.67572 30
      vertex -22.1351 5.13518 30
    endloop
  endfacet
  facet normal 0 1 0
    outer loop
      vertex -23.7568 5.67572 29.32
      vertex -22.1351 5.67572 30
      vertex -22.1351 5.67572 29.32
    endloop
  endfacet
  facet normal 0 1 0
    outer loop
      vertex -23.7568 5.67572 29.32
      vertex -23.7568 5.67572 30
      vertex -22.1351 5.67572 30
    endloop
  endfacet
  facet normal -1 0 0
    outer loop
      vertex -23.7568 5.13508 29.32
      vertex -23.7568 5.67572 30
      vertex -23.7568 5.67572 29.32
    endloop
  endfacet
  facet normal -1 0 0
    outer loop
      vertex -23.7568 5.13508 29.32
      vertex -23.7568 5.13508 30
      vertex -23.7568 5.67572 30
    endloop
  endfacet
  facet normal -1 0 0
    outer loop
      vertex -23.7568 -2.43249 29.32
      vertex -23.7568 -1.89184 30
      vertex -23.7568 -1.89184 29.32
    endloop
  endfacet
  facet normal -1 0 0
    outer loop
      vertex -23.7568 -2.43249 29.32
      vertex -23.7568 -2.43249 30
      vertex -23.7568 -1.89184 30
    endloop
  endfacet
  facet normal 0 -1 0
    outer loop
      vertex -23.2162 -2.43249 29.32
      vertex -23.7568 -2.43249 30
      vertex -23.7568 -2.43249 29.32
    endloop
  endfacet
  facet normal 0 -1 0
    outer loop
      vertex -23.2162 -2.43249 29.32
      vertex -23.2162 -2.43249 30
      vertex -23.7568 -2.43249 30
    endloop
  endfacet
  facet normal 1 0 0
    outer loop
      vertex -23.2162 -1.89184 29.32
      vertex -23.2162 -2.43249 30
      vertex -23.2162 -2.43249 29.32
    endloop
  endfacet
  facet normal 1 0 -0
    outer loop
      vertex -23.2162 -1.89184 29.32
      vertex -23.2162 -1.89184 30
      vertex -23.2162 -2.43249 30
    endloop
  endfacet
  facet normal 0 1 0
    outer loop
      vertex -23.7568 -1.89184 29.32
      vertex -23.2162 -1.89184 30
      vertex -23.2162 -1.89184 29.32
    endloop
  endfacet
  facet normal 0 1 0
    outer loop
      vertex -23.7568 -1.89184 29.32
      vertex -23.7568 -1.89184 30
      vertex -23.2162 -1.89184 30
    endloop
  endfacet
  facet normal -1 0 0
    outer loop
      vertex -22.6757 -8.91898 29.32
      vertex -22.6757 -8.37833 30
      vertex -22.6757 -8.37833 29.32
    endloop
  endfacet
  facet normal -1 0 0
    outer loop
      vertex -22.6757 -8.91898 29.32
      vertex -22.6757 -8.91898 30
      vertex -22.6757 -8.37833 30
    endloop
  endfacet
  facet normal 0 -1 0
    outer loop
      vertex -22.1351 -8.91898 29.32
      vertex -22.6757 -8.91898 30
      vertex -22.6757 -8.91898 29.32
    endloop
  endfacet
  facet normal 0 -1 0
    outer loop
      vertex -22.1351 -8.91898 29.32
      vertex -22.1351 -8.91898 30
      vertex -22.6757 -8.91898 30
    endloop
  endfacet
  facet normal 1 0 0
    outer loop
      vertex -22.1351 -8.37833 29.32
      vertex -22.1351 -8.91898 30
      vertex -22.1351 -8.91898 29.32
    endloop
  endfacet
  facet normal 1 0 -0
    outer loop
      vertex -22.1351 -8.37833 29.32
      vertex -22.1351 -8.37833 30
      vertex -22.1351 -8.91898 30
    endloop
  endfacet
  facet normal 0 1 0
    outer loop
      vertex -22.6757 -8.37833 29.32
      vertex -22.1351 -8.37833 30
      vertex -22.1351 -8.37833 29.32
    endloop
  endfacet
  facet normal 0 1 0
    outer loop
      vertex -22.6757 -8.37833 29.32
      vertex -22.6757 -8.37833 30
      vertex -22.1351 -8.37833 30
    endloop
  endfacet
  facet normal 0 -1 0
    outer loop
      vertex -21.5945 8.91886 29.32
      vertex -22.6757 8.91886 30
      vertex -22.6757 8.91886 29.32
    endloop
  endfacet
  facet normal 0 -1 0
    outer loop
      vertex -21.5945 8.91886 29.32
      vertex -21.5945 8.91886 30
      vertex -22.6757 8.91886 30
    endloop
  endfacet
  facet normal 1 0 0
    outer loop
      vertex -21.5945 9.45951 29.32
      vertex -21.5945 8.91886 30
      vertex -21.5945 8.91886 29.32
    endloop
  endfacet
  facet normal 1 0 -0
    outer loop
      vertex -21.5945 9.45951 29.32
      vertex -21.5945 9.45951 30
      vertex -21.5945 8.91886 30
    endloop
  endfacet
  facet normal 0 1 0
    outer loop
      vertex -22.6757 9.45951 29.32
      vertex -21.5945 9.45951 30
      vertex -21.5945 9.45951 29.32
    endloop
  endfacet
  facet normal 0 1 0
    outer loop
      vertex -22.6757 9.45951 29.32
      vertex -22.6757 9.45951 30
      vertex -21.5945 9.45951 30
    endloop
  endfacet
  facet normal -1 0 0
    outer loop
      vertex -22.6757 8.91886 29.32
      vertex -22.6757 9.45951 30
      vertex -22.6757 9.45951 29.32
    endloop
  endfacet
  facet normal -1 0 0
    outer loop
      vertex -22.6757 8.91886 29.32
      vertex -22.6757 8.91886 30
      vertex -22.6757 9.45951 30
    endloop
  endfacet
  facet normal -1 0 0
    outer loop
      vertex -21.0541 0.270213 29.32
      vertex -21.0541 0.81086 30
      vertex -21.0541 0.81086 29.32
    endloop
  endfacet
  facet normal -1 0 0
    outer loop
      vertex -21.0541 0.270213 29.32
      vertex -21.0541 0.270213 30
      vertex -21.0541 0.81086 30
    endloop
  endfacet
  facet normal 0 -1 0
    outer loop
      vertex -20.5135 0.270213 29.32
      vertex -21.0541 0.270213 30
      vertex -21.0541 0.270213 29.32
    endloop
  endfacet
  facet normal 0 -1 0
    outer loop
      vertex -20.5135 0.270213 29.32
      vertex -20.5135 0.270213 30
      vertex -21.0541 0.270213 30
    endloop
  endfacet
  facet normal 1 0 0
    outer loop
      vertex -20.5135 0.81086 29.32
      vertex -20.5135 0.270213 30
      vertex -20.5135 0.270213 29.32
    endloop
  endfacet
  facet normal 1 0 -0
    outer loop
      vertex -20.5135 0.81086 29.32
      vertex -20.5135 0.81086 30
      vertex -20.5135 0.270213 30
    endloop
  endfacet
  facet normal 0 1 0
    outer loop
      vertex -21.0541 0.81086 29.32
      vertex -20.5135 0.81086 30
      vertex -20.5135 0.81086 29.32
    endloop
  endfacet
  facet normal 0 1 0
    outer loop
      vertex -21.0541 0.81086 29.32
      vertex -21.0541 0.81086 30
      vertex -20.5135 0.81086 30
    endloop
  endfacet
  facet normal -1 0 0
    outer loop
      vertex -19.4325 8.91886 29.32
      vertex -19.4325 10 30
      vertex -19.4325 10 29.32
    endloop
  endfacet
  facet normal -1 0 0
    outer loop
      vertex -19.4325 8.91886 29.32
      vertex -19.4325 8.91886 30
      vertex -19.4325 10 30
    endloop
  endfacet
  facet normal 0 -1 0
    outer loop
      vertex -18.3514 8.91886 29.32
      vertex -19.4325 8.91886 30
      vertex -19.4325 8.91886 29.32
    endloop
  endfacet
  facet normal 0 -1 0
    outer loop
      vertex -18.3514 8.91886 29.32
      vertex -18.3514 8.91886 30
      vertex -19.4325 8.91886 30
    endloop
  endfacet
  facet normal -1 0 0
    outer loop
      vertex -18.3514 8.37832 29.32
      vertex -18.3514 8.91886 30
      vertex -18.3514 8.91886 29.32
    endloop
  endfacet
  facet normal -1 0 0
    outer loop
      vertex -18.3514 8.37832 29.32
      vertex -18.3514 8.37832 30
      vertex -18.3514 8.91886 30
    endloop
  endfacet
  facet normal 0 -1 0
    outer loop
      vertex -17.8108 8.37832 29.32
      vertex -18.3514 8.37832 30
      vertex -18.3514 8.37832 29.32
    endloop
  endfacet
  facet normal 0 -1 0
    outer loop
      vertex -17.8108 8.37832 29.32
      vertex -17.8108 8.37832 30
      vertex -18.3514 8.37832 30
    endloop
  endfacet
  facet normal 1 0 0
    outer loop
      vertex -17.8108 10 29.32
      vertex -17.8108 8.37832 30
      vertex -17.8108 8.37832 29.32
    endloop
  endfacet
  facet normal 1 0 -0
    outer loop
      vertex -17.8108 10 29.32
      vertex -17.8108 10 30
      vertex -17.8108 8.37832 30
    endloop
  endfacet
  facet normal 0 1 0
    outer loop
      vertex -19.4325 10 29.32
      vertex -17.8108 10 30
      vertex -17.8108 10 29.32
    endloop
  endfacet
  facet normal 0 1 0
    outer loop
      vertex -19.4325 10 29.32
      vertex -19.4325 10 30
      vertex -17.8108 10 30
    endloop
  endfacet
  facet normal -1 0 0
    outer loop
      vertex -16.1892 9.45951 29.32
      vertex -16.1892 10 30
      vertex -16.1892 10 29.32
    endloop
  endfacet
  facet normal -1 0 0
    outer loop
      vertex -16.1892 9.45951 29.32
      vertex -16.1892 9.45951 30
      vertex -16.1892 10 30
    endloop
  endfacet
  facet normal 0 1 0
    outer loop
      vertex -16.7297 9.45951 29.32
      vertex -16.1892 9.45951 30
      vertex -16.1892 9.45951 29.32
    endloop
  endfacet
  facet normal 0 1 0
    outer loop
      vertex -16.7297 9.45951 29.32
      vertex -16.7297 9.45951 30
      vertex -16.1892 9.45951 30
    endloop
  endfacet
  facet normal 1 0 0
    outer loop
      vertex -16.7297 10 29.32
      vertex -16.7297 9.45951 30
      vertex -16.7297 9.45951 29.32
    endloop
  endfacet
  facet normal 1 0 -0
    outer loop
      vertex -16.7297 10 29.32
      vertex -16.7297 10 30
      vertex -16.7297 9.45951 30
    endloop
  endfacet
  facet normal 0 1 0
    outer loop
      vertex -17.2703 10 29.32
      vertex -16.7297 10 30
      vertex -16.7297 10 29.32
    endloop
  endfacet
  facet normal 0 1 0
    outer loop
      vertex -17.2703 10 29.32
      vertex -17.2703 10 30
      vertex -16.7297 10 30
    endloop
  endfacet
  facet normal -1 0 0
    outer loop
      vertex -17.2703 8.91886 29.32
      vertex -17.2703 10 30
      vertex -17.2703 10 29.32
    endloop
  endfacet
  facet normal -1 0 0
    outer loop
      vertex -17.2703 8.91886 29.32
      vertex -17.2703 8.91886 30
      vertex -17.2703 10 30
    endloop
  endfacet
  facet normal 0 -1 0
    outer loop
      vertex -16.1892 8.91886 29.32
      vertex -17.2703 8.91886 30
      vertex -17.2703 8.91886 29.32
    endloop
  endfacet
  facet normal 0 -1 0
    outer loop
      vertex -16.1892 8.91886 29.32
      vertex -16.1892 8.91886 30
      vertex -17.2703 8.91886 30
    endloop
  endfacet
  facet normal -1 0 0
    outer loop
      vertex -16.1892 8.37832 29.32
      vertex -16.1892 8.91886 30
      vertex -16.1892 8.91886 29.32
    endloop
  endfacet
  facet normal -1 0 0
    outer loop
      vertex -16.1892 8.37832 29.32
      vertex -16.1892 8.37832 30
      vertex -16.1892 8.91886 30
    endloop
  endfacet
  facet normal 0 -1 0
    outer loop
      vertex -15.6486 8.37832 29.32
      vertex -16.1892 8.37832 30
      vertex -16.1892 8.37832 29.32
    endloop
  endfacet
  facet normal 0 -1 0
    outer loop
      vertex -15.6486 8.37832 29.32
      vertex -15.6486 8.37832 30
      vertex -16.1892 8.37832 30
    endloop
  endfacet
  facet normal 1 0 0
    outer loop
      vertex -15.6486 10 29.32
      vertex -15.6486 8.37832 30
      vertex -15.6486 8.37832 29.32
    endloop
  endfacet
  facet normal 1 0 -0
    outer loop
      vertex -15.6486 10 29.32
      vertex -15.6486 10 30
      vertex -15.6486 8.37832 30
    endloop
  endfacet
  facet normal 0 1 0
    outer loop
      vertex -16.1892 10 29.32
      vertex -15.6486 10 30
      vertex -15.6486 10 29.32
    endloop
  endfacet
  facet normal 0 1 0
    outer loop
      vertex -16.1892 10 29.32
      vertex -16.1892 10 30
      vertex -15.6486 10 30
    endloop
  endfacet
  facet normal -1 0 0
    outer loop
      vertex -16.7298 -5.13519 29.32
      vertex -16.7298 -4.59454 30
      vertex -16.7298 -4.59454 29.32
    endloop
  endfacet
  facet normal -1 0 0
    outer loop
      vertex -16.7298 -5.13519 29.32
      vertex -16.7298 -5.13519 30
      vertex -16.7298 -4.59454 30
    endloop
  endfacet
  facet normal 0 -1 0
    outer loop
      vertex -15.6486 -5.13519 29.32
      vertex -16.7298 -5.13519 30
      vertex -16.7298 -5.13519 29.32
    endloop
  endfacet
  facet normal 0 -1 0
    outer loop
      vertex -15.6486 -5.13519 29.32
      vertex -15.6486 -5.13519 30
      vertex -16.7298 -5.13519 30
    endloop
  endfacet
  facet normal 1 0 0
    outer loop
      vertex -15.6486 -4.59454 29.32
      vertex -15.6486 -5.13519 30
      vertex -15.6486 -5.13519 29.32
    endloop
  endfacet
  facet normal 1 0 -0
    outer loop
      vertex -15.6486 -4.59454 29.32
      vertex -15.6486 -4.59454 30
      vertex -15.6486 -5.13519 30
    endloop
  endfacet
  facet normal 0 1 0
    outer loop
      vertex -16.7298 -4.59454 29.32
      vertex -15.6486 -4.59454 30
      vertex -15.6486 -4.59454 29.32
    endloop
  endfacet
  facet normal 0 1 0
    outer loop
      vertex -16.7298 -4.59454 29.32
      vertex -16.7298 -4.59454 30
      vertex -15.6486 -4.59454 30
    endloop
  endfacet
  facet normal -1 0 0
    outer loop
      vertex -10.7838 -10 29.32
      vertex -10.7838 -6.21622 30
      vertex -10.7838 -6.21622 29.32
    endloop
  endfacet
  facet normal -1 0 0
    outer loop
      vertex -10.7838 -10 29.32
      vertex -10.7838 -10 30
      vertex -10.7838 -6.21622 30
    endloop
  endfacet
  facet normal 0 -1 0
    outer loop
      vertex -7 -10 29.32
      vertex -10.7838 -10 30
      vertex -10.7838 -10 29.32
    endloop
  endfacet
  facet normal 0 -1 0
    outer loop
      vertex -7 -10 29.32
      vertex -7 -10 30
      vertex -10.7838 -10 30
    endloop
  endfacet
  facet normal 1 0 0
    outer loop
      vertex -7 -6.21622 29.32
      vertex -7 -10 30
      vertex -7 -10 29.32
    endloop
  endfacet
  facet normal 1 0 -0
    outer loop
      vertex -7 -6.21622 29.32
      vertex -7 -6.21622 30
      vertex -7 -10 30
    endloop
  endfacet
  facet normal 0 1 0
    outer loop
      vertex -10.7838 -6.21622 29.32
      vertex -7 -6.21622 30
      vertex -7 -6.21622 29.32
    endloop
  endfacet
  facet normal 0 1 0
    outer loop
      vertex -10.7838 -6.21622 29.32
      vertex -10.7838 -6.21622 30
      vertex -7 -6.21622 30
    endloop
  endfacet
  facet normal 0 1 0
    outer loop
      vertex -10.2432 -9.45946 29.32
      vertex -10.2432 -9.45946 30
      vertex -7.54054 -9.45946 29.32
    endloop
  endfacet
  facet normal 0 1 0
    outer loop
      vertex -7.54054 -9.45946 30
      vertex -7.54054 -9.45946 29.32
      vertex -10.2432 -9.45946 30
    endloop
  endfacet
  facet normal 1 0 -0
    outer loop
      vertex -10.2432 -6.75676 29.32
      vertex -10.2432 -6.75676 30
      vertex -10.2432 -9.45946 29.32
    endloop
  endfacet
  facet normal 1 -0 0
    outer loop
      vertex -10.2432 -9.45946 30
      vertex -10.2432 -9.45946 29.32
      vertex -10.2432 -6.75676 30
    endloop
  endfacet
  facet normal 0 -1 0
    outer loop
      vertex -7.54054 -6.75676 29.32
      vertex -7.54054 -6.75676 30
      vertex -10.2432 -6.75676 29.32
    endloop
  endfacet
  facet normal 0 -1 0
    outer loop
      vertex -10.2432 -6.75676 30
      vertex -10.2432 -6.75676 29.32
      vertex -7.54054 -6.75676 30
    endloop
  endfacet
  facet normal -1 0 0
    outer loop
      vertex -7.54054 -9.45946 29.32
      vertex -7.54054 -9.45946 30
      vertex -7.54054 -6.75676 29.32
    endloop
  endfacet
  facet normal -1 -0 -0
    outer loop
      vertex -7.54054 -6.75676 30
      vertex -7.54054 -6.75676 29.32
      vertex -7.54054 -9.45946 30
    endloop
  endfacet
  facet normal -1 0 0
    outer loop
      vertex -9.7027 -8.91892 29.32
      vertex -9.7027 -7.2973 30
      vertex -9.7027 -7.2973 29.32
    endloop
  endfacet
  facet normal -1 0 0
    outer loop
      vertex -9.7027 -8.91892 29.32
      vertex -9.7027 -8.91892 30
      vertex -9.7027 -7.2973 30
    endloop
  endfacet
  facet normal 0 -1 0
    outer loop
      vertex -8.08108 -8.91892 29.32
      vertex -9.7027 -8.91892 30
      vertex -9.7027 -8.91892 29.32
    endloop
  endfacet
  facet normal 0 -1 0
    outer loop
      vertex -8.08108 -8.91892 29.32
      vertex -8.08108 -8.91892 30
      vertex -9.7027 -8.91892 30
    endloop
  endfacet
  facet normal 1 0 0
    outer loop
      vertex -8.08108 -7.2973 29.32
      vertex -8.08108 -8.91892 30
      vertex -8.08108 -8.91892 29.32
    endloop
  endfacet
  facet normal 1 0 -0
    outer loop
      vertex -8.08108 -7.2973 29.32
      vertex -8.08108 -7.2973 30
      vertex -8.08108 -8.91892 30
    endloop
  endfacet
  facet normal 0 1 0
    outer loop
      vertex -9.7027 -7.2973 29.32
      vertex -8.08108 -7.2973 30
      vertex -8.08108 -7.2973 29.32
    endloop
  endfacet
  facet normal 0 1 0
    outer loop
      vertex -9.7027 -7.2973 29.32
      vertex -9.7027 -7.2973 30
      vertex -8.08108 -7.2973 30
    endloop
  endfacet
  facet normal 1 0 0
    outer loop
      vertex -9.1621 -5.13519 29.32
      vertex -9.1621 -5.67573 30
      vertex -9.1621 -5.67573 29.32
    endloop
  endfacet
  facet normal 1 0 -0
    outer loop
      vertex -9.1621 -5.13519 29.32
      vertex -9.1621 -5.13519 30
      vertex -9.1621 -5.67573 30
    endloop
  endfacet
  facet normal 0 -1 0
    outer loop
      vertex -8.62167 -5.13519 29.32
      vertex -9.1621 -5.13519 30
      vertex -9.1621 -5.13519 29.32
    endloop
  endfacet
  facet normal 0 -1 0
    outer loop
      vertex -8.62167 -5.13519 29.32
      vertex -8.62167 -5.13519 30
      vertex -9.1621 -5.13519 30
    endloop
  endfacet
  facet normal -1 0 0
    outer loop
      vertex -8.62167 -5.67573 29.32
      vertex -8.62167 -5.13519 30
      vertex -8.62167 -5.13519 29.32
    endloop
  endfacet
  facet normal -1 0 0
    outer loop
      vertex -8.62167 -5.67573 29.32
      vertex -8.62167 -5.67573 30
      vertex -8.62167 -5.13519 30
    endloop
  endfacet
  facet normal 0 -1 0
    outer loop
      vertex -8.08102 -5.67573 29.32
      vertex -8.62167 -5.67573 30
      vertex -8.62167 -5.67573 29.32
    endloop
  endfacet
  facet normal 0 -1 0
    outer loop
      vertex -8.08102 -5.67573 29.32
      vertex -8.08102 -5.67573 30
      vertex -8.62167 -5.67573 30
    endloop
  endfacet
  facet normal 1 0 0
    outer loop
      vertex -8.08102 -5.13509 29.32
      vertex -8.08102 -5.67573 30
      vertex -8.08102 -5.67573 29.32
    endloop
  endfacet
  facet normal 1 0 -0
    outer loop
      vertex -8.08102 -5.13509 29.32
      vertex -8.08102 -5.13509 30
      vertex -8.08102 -5.67573 30
    endloop
  endfacet
  facet normal 0 1 0
    outer loop
      vertex -8.62156 -5.13509 29.32
      vertex -8.08102 -5.13509 30
      vertex -8.08102 -5.13509 29.32
    endloop
  endfacet
  facet normal 0 1 0
    outer loop
      vertex -8.62156 -5.13509 29.32
      vertex -8.62156 -5.13509 30
      vertex -8.08102 -5.13509 30
    endloop
  endfacet
  facet normal 1 0 0
    outer loop
      vertex -8.62156 -4.59454 29.32
      vertex -8.62156 -5.13509 30
      vertex -8.62156 -5.13509 29.32
    endloop
  endfacet
  facet normal 1 0 -0
    outer loop
      vertex -8.62156 -4.59454 29.32
      vertex -8.62156 -4.59454 30
      vertex -8.62156 -5.13509 30
    endloop
  endfacet
  facet normal 0 1 0
    outer loop
      vertex -9.70275 -4.59454 29.32
      vertex -8.62156 -4.59454 30
      vertex -8.62156 -4.59454 29.32
    endloop
  endfacet
  facet normal 0 1 0
    outer loop
      vertex -9.70275 -4.59454 29.32
      vertex -9.70275 -4.59454 30
      vertex -8.62156 -4.59454 30
    endloop
  endfacet
  facet normal -1 0 0
    outer loop
      vertex -9.70275 -5.67573 29.32
      vertex -9.70275 -4.59454 30
      vertex -9.70275 -4.59454 29.32
    endloop
  endfacet
  facet normal -1 0 0
    outer loop
      vertex -9.70275 -5.67573 29.32
      vertex -9.70275 -5.67573 30
      vertex -9.70275 -4.59454 30
    endloop
  endfacet
  facet normal 0 -1 0
    outer loop
      vertex -9.1621 -5.67573 29.32
      vertex -9.70275 -5.67573 30
      vertex -9.70275 -5.67573 29.32
    endloop
  endfacet
  facet normal 0 -1 0
    outer loop
      vertex -9.1621 -5.67573 29.32
      vertex -9.1621 -5.67573 30
      vertex -9.70275 -5.67573 30
    endloop
  endfacet
  facet normal -1 0 0
    outer loop
      vertex -7.54059 5.13508 29.32
      vertex -7.54059 5.67572 30
      vertex -7.54059 5.67572 29.32
    endloop
  endfacet
  facet normal -1 0 0
    outer loop
      vertex -7.54059 5.13508 29.32
      vertex -7.54059 5.13508 30
      vertex -7.54059 5.67572 30
    endloop
  endfacet
  facet normal 0 -1 0
    outer loop
      vertex -6.99995 5.13508 29.32
      vertex -7.54059 5.13508 30
      vertex -7.54059 5.13508 29.32
    endloop
  endfacet
  facet normal 0 -1 0
    outer loop
      vertex -6.99995 5.13508 29.32
      vertex -6.99995 5.13508 30
      vertex -7.54059 5.13508 30
    endloop
  endfacet
  facet normal 1 0 0
    outer loop
      vertex -6.99995 5.67572 29.32
      vertex -6.99995 5.13508 30
      vertex -6.99995 5.13508 29.32
    endloop
  endfacet
  facet normal 1 0 -0
    outer loop
      vertex -6.99995 5.67572 29.32
      vertex -6.99995 5.67572 30
      vertex -6.99995 5.13508 30
    endloop
  endfacet
  facet normal 0 1 0
    outer loop
      vertex -7.54059 5.67572 29.32
      vertex -6.99995 5.67572 30
      vertex -6.99995 5.67572 29.32
    endloop
  endfacet
  facet normal 0 1 0
    outer loop
      vertex -7.54059 5.67572 29.32
      vertex -7.54059 5.67572 30
      vertex -6.99995 5.67572 30
    endloop
  endfacet
  facet normal -1 0 0
    outer loop
      vertex -7.54059 -5.67573 29.32
      vertex -7.54059 -5.13509 30
      vertex -7.54059 -5.13509 29.32
    endloop
  endfacet
  facet normal -1 0 0
    outer loop
      vertex -7.54059 -5.67573 29.32
      vertex -7.54059 -5.67573 30
      vertex -7.54059 -5.13509 30
    endloop
  endfacet
  facet normal 0 -1 0
    outer loop
      vertex -6.99995 -5.67573 29.32
      vertex -7.54059 -5.67573 30
      vertex -7.54059 -5.67573 29.32
    endloop
  endfacet
  facet normal 0 -1 0
    outer loop
      vertex -6.99995 -5.67573 29.32
      vertex -6.99995 -5.67573 30
      vertex -7.54059 -5.67573 30
    endloop
  endfacet
  facet normal 1 0 0
    outer loop
      vertex -6.99995 -5.13509 29.32
      vertex -6.99995 -5.67573 30
      vertex -6.99995 -5.67573 29.32
    endloop
  endfacet
  facet normal 1 0 -0
    outer loop
      vertex -6.99995 -5.13509 29.32
      vertex -6.99995 -5.13509 30
      vertex -6.99995 -5.67573 30
    endloop
  endfacet
  facet normal 0 1 0
    outer loop
      vertex -7.54059 -5.13509 29.32
      vertex -6.99995 -5.13509 30
      vertex -6.99995 -5.13509 29.32
    endloop
  endfacet
  facet normal 0 1 0
    outer loop
      vertex -7.54059 -5.13509 29.32
      vertex -7.54059 -5.13509 30
      vertex -6.99995 -5.13509 30
    endloop
  endfacet
endsolid OpenSCAD_Model
